Location,Tray,Cross_ID,Awn_dif,Thresh_dif_chance,Entry,Infert_1,SpS_1,Infert_2,SpS_2,Infert_3,SpS_3,Infert_4,SpS_4,Infert_5,SpS_5,Infert_6,SpS_6,Notes
K22,2.1.2,UX1992,,1,135,1,18,0,18,1,17,1,21,0,20,,,
K22,2.1.3,UX1992,,1,166,2,15,3,16,3,15,2,17,1,20,,,
K22,2.1.4,UX1992,,1,327,1,20,0,15,4,16,2,17,,,,,
K22,2.2.1,UX1992,,1,302,1,18,1,19,1,18,1,20,2,19,,,
K22,2.2.2,UX1992,,1,203,1,20,1,19,1,19,1,19,2,19,,,
K22,2.2.3,UX1992,,1,310,1,15,2,17,1,16,2,17,2,16,,,
K22,2.2.4,UX1992,,1,287,2,20,0,24,1,19,1,19,2,20,,,
K22,2.3.1,UX1992,,1,201,1,16,3,16,2,17,1,18,2,16,,,
K22,2.3.2,UX1992,,1,239,1,17,1,18,2,20,1,18,1,18,,,
K22,2.3.3,UX1992,,1,59,2,19,1,19,1,20,0,21,2,20,,,
K22,2.3.4,Parent,,1,LA09264C-P2,0,16,2,17,2,14,2,15,1,18,,,
K22,2.4.1,Parent,,1,GA06493-13LE6,1,20,1,22,1,21,2,19,1,21,,,
K22,2.4.2,UX1992,,1,196,0,18,3,17,2,18,1,19,1,18,,,
K22,2.4.3,UX1992,,1,317,3,17,0,17,1,17,1,15,1,20,,,
K22,2.4.4,UX1992,,1,80,1,20,3,19,1,22,2,21,2,20,,,
K22,2.5.1,UX1992,,1,232,1,21,0,22,1,21,1,21,2,21,,,
K22,2.5.2,UX1992,,1,289,0,21,1,21,0,21,1,20,1,19,,,
K22,2.5.3,Parent,,1,Hilliard,1,19,3,16,2,16,1,19,1,20,,,
K22,2.5.4,UX1992,,1,293,1,18,1,16,1,20,0,19,1,20,,,
K22,2.6.1,UX1992,,1,195,0,19,3,16,0,22,2,19,1,21,,,
K22,2.6.2,Parent,,1,ARGA051160-14LE31,2,18,2,20,1,19,2,17,2,18,,,
K22,2.6.3,UX1992,,1,100,2,18,3,18,2,18,2,18,1,21,,,
K22,2.6.4,UX1992,,1,218,0,14,2,17,2,19,2,19,1,21,,,
K22,2.7.1,UX1992,,1,295,1,17,0,23,0,20,0,21,1,16,,,
K22,2.7.2,UX1992,,1,24,1,18,0,17,2,15,2,17,1,16,,,
K22,2.7.3,UX1992,,1,282,2,22,0,19,1,18,2,18,1,22,,,
K22,2.7.4,UX1992,,1,296,2,17,0,23,1,21,1,24,0,23,,,
K22,2.8.1,Parent,,1,GA05450-EL52,0,17,1,17,0,20,1,16,0,20,,,
K22,2.8.2,UX1992,,1,203,2,18,1,22,0,22,1,23,1,20,,,
K22,2.8.3,UX1992,,1,78,1,18,1,20,2,15,1,21,3,18,,,
K22,2.8.4,UX1992,,1,242,1,18,1,22,1,20,2,19,1,20,,,
K22,2.9.1,UX1992,,1,70,2,20,1,22,0,25,1,19,1,21,,,
K22,2.9.2,Parent,,1,TX12D4896,2,16,1,18,1,16,2,16,1,17,,,
K22,2.9.3,UX1992,,1,225,1,19,3,17,2,21,2,19,1,20,,,
K22,2.9.4,UX1992,,1,322,0,20,1,21,1,21,0,20,1,18,,,
K22,2.10.1,UX1992,,1,223,0,21,1,20,1,20,1,20,1,19,,,
K22,2.10.2,UX1992,,1,281,0,18,0,23,0,21,1,18,0,20,,,
K22,2.10.3,UX1992,,1,72,3,17,1,18,0,20,0,18,2,18,,,
K22,2.10.4,UX1992,,1,308,1,21,1,17,1,22,2,20,0,23,,,
K22,2.11.1,UX1992,,1,182,0,19,1,20,1,21,2,19,1,21,,,
K22,2.11.2,UX1992,,1,314,2,18,0,21,0,19,0,18,0,19,,,
K22,2.11.3,UX1992,,1,38,1,18,1,16,0,17,0,17,0,19,,,
K22,2.11.4,UX1992,,1,9,1,15,1,17,0,15,1,14,0,18,,,
K22,2.12.1,UX1992,,1,6,2,19,0,19,1,17,0,20,2,20,,,
K22,2.12.2,Parent,,1,GA001138-8E36,1,18,1,19,1,18,2,16,2,16,,,
K22,2.12.3,UX1992,,1,323,2,19,3,17,0,22,0,24,0,21,,,
K22,2.12.4,UX1992,,1,306,0,24,0,24,0,23,0,21,0,24,,,
K22,2.13.1,UX1992,,1,231,1,18,1,17,1,16,0,17,0,18,,,
K22,2.13.2,UX1992,,1,147,0,20,0,20,3,16,0,21,1,19,,,
K22,2.13.3,Parent,,1,NC8248-1,1,15,0,16,1,15,1,16,3,17,,,
K22,2.13.4,UX1992,,1,312,0,19,2,18,0,18,0,19,0,19,,,
K22,2.14.1,UX1992,,1,286,1,23,0,22,3,18,1,22,1,21,,,
K22,2.14.2,UX1992,,1,331,0,22,2,16,2,13,1,15,1,23,,,
K22,2.14.3,UX1992,,1,55,0,18,1,16,1,17,1,15,1,15,,,
K22,2.14.4,Parent,,1,SS8641,0,21,1,21,1,18,1,19,1,19,,,
K22,2.15.1,UX1992,,1,219,1,20,1,22,1,21,0,20,1,19,,,
K22,2.15.2,UX1992,,1,22,0,22,0,19,0,23,1,23,1,18,,,
K22,2.15.3,UX1992,,1,228,0,20,1,20,1,18,1,17,2,18,,,
K22,2.15.4,UX1992,,1,315,1,20,0,22,0,23,0,23,0,21,,,
K22,2.16.1,UX1992,,1,87,1,21,1,17,0,22,0,21,0,20,,,
K22,2.16.2,UX1992,,1,239,2,21,1,19,1,16,1,22,1,21,,,
K22,2.16.3,Parent,,1,GA00190-7A14,0,18,1,18,1,19,0,15,,,,,
K22,2.16.4,UX1992,,1,45,1,17,1,19,0,20,0,22,0,23,,,
K22,2.17.1,UX1992,,1,224,2,19,1,21,1,18,1,17,2,19,,,
K22,2.17.2,Parent,,1,NC08-23383,2,16,1,17,1,16,0,16,1,16,,,
K22,2.17.3,UX1992,,1,292,1,21,1,22,0,20,1,23,0,19,,,
K22,2.17.4,UX1992,,1,226,1,18,2,21,1,22,2,20,1,20,,,
K22,2.18.1,UX1992,,1,222,2,22,1,21,1,18,1,22,0,19,,,
K22,2.18.2,UX1992,,1,154,1,19,0,20,2,18,0,18,1,19,,,
K22,2.18.3,UX1992,,1,194,0,21,0,20,0,20,0,21,0,20,,,
K22,2.18.4,Parent,,1,MPV57,0,22,0,22,0,23,1,22,0,18,,,
K22,2.19.1,UX1992,,1,275,0,24,0,22,0,23,0,25,0,22,,,
K22,2.19.2,UX1992,,1,336,2,18,1,18,0,16,0,22,0,20,,,
K22,2.19.3,UX1992,,1,241,1,17,0,16,1,15,0,15,2,18,,,
K22,2.19.4,UX1992,,1,337,0,18,0,18,0,18,0,19,0,17,,,
K22,2.20.1,Parent,,1,AGS2000,0,14,1,17,2,16,1,15,1,17,,,
K22,2.20.2,UX1992,,1,157,0,16,1,17,1,17,0,18,0,19,,,
K22,2.20.3,UX1992,,1,217,1,19,1,21,0,21,0,22,0,22,,,
K22,2.20.4,UX1992,,1,276,0,21,2,20,0,22,1,19,0,20,,,
K22,3.1.2,UX2023,,1,87,1,20,0,19,0,19,0,21,0,19,,,
K22,3.1.3,UX2023,,1,16,2,17,1,20,1,14,1,19,1,16,,,
K22,3.1.4,UX2023,,1,106,1,17,0,16,0,20,1,16,0,18,,,
K22,3.2.1,UX2023,,1,12,1,18,1,17,1,14,1,16,1,17,,,
K22,3.2.2,UX2023,,1,93,2,17,0,13,0,16,1,17,1,16,,,
K22,3.2.3,Parent,,1,GA00190-7A14,1,16,0,18,0,17,0,17,0,17,,,
K22,3.2.4,UX2023,,1,17,1,17,1,18,2,17,0,18,0,17,,,
K22,3.3.1,UX2023,,1,115,0,16,1,15,1,16,0,21,1,18,,,
K22,3.3.2,UX2023,,1,92,0,16,1,16,0,18,0,17,0,15,,,
K22,3.3.3,UX2023,,1,66,2,16,2,17,3,12,0,13,0,17,,,
K22,3.3.4,UX2023,,1,124,0,16,0,18,0,16,0,18,0,16,,,
K22,3.4.1,UX2023,,1,91,1,17,1,16,1,18,1,17,1,17,,,
K22,3.4.2,UX2023,,1,68,0,18,0,20,1,16,1,17,1,16,,,
K22,3.4.3,Parent,,1,GA06493-13LE6,1,23,1,21,0,22,1,18,1,21,,,
K22,3.4.4,UX2023,,1,20,1,15,2,14,2,16,1,19,1,17,,,
K22,3.5.1,UX2023,,1,72,0,23,2,23,0,20,0,18,0,20,,,
K22,3.5.2,Parent,,1,NC8248-1,1,15,1,16,3,13,1,17,2,15,,,
K22,3.5.3,UX2023,,1,14,1,15,2,12,0,16,2,16,2,16,,,
K22,3.5.4,UX2023,,1,95,3,18,1,19,2,18,1,18,0,23,,,
K22,3.6.1,UX2023,,1,100,1,18,1,20,2,18,0,19,0,20,,,
K22,3.6.2,UX2023,,1,81,2,19,1,20,0,18,2,19,0,20,,,
K22,3.6.3,UX2023,,1,55,2,14,0,13,3,17,0,15,3,14,,,
K22,3.6.4,UX2023,,1,118,0,20,1,16,1,17,2,14,1,12,,,
K22,3.7.1,UX2023,,1,117,1,18,2,18,2,19,1,14,2,18,,,
K22,3.7.2,UX2023,,1,7,2,19,2,16,1,18,2,17,2,18,,,
K22,3.7.3,Parent,,1,LA09264C-P2,1,16,0,15,0,17,0,16,2,15,,,
K22,3.7.4,UX2023,,1,75,0,16,1,17,1,19,0,18,0,17,,,
K22,3.8.1,UX2023,,1,63,0,18,1,18,0,19,1,18,0,19,,,
K22,3.8.2,UX2023,,1,98,1,13,0,17,0,18,0,18,0,15,,,
K22,3.8.3,UX2023,,1,30,0,16,2,16,0,17,2,17,2,14,,,
K22,3.8.4,UX2023,,1,11,0,19,1,17,1,17,1,18,0,19,,,
K22,3.9.1,UX2023,,1,2,1,19,0,19,1,20,1,19,1,22,,,
K22,3.9.2,UX2023,,1,90,2,20,2,20,1,21,1,17,,,,,
K22,3.9.3,UX2023,,1,53,5,16,1,18,1,16,1,18,1,21,,,
K22,3.9.4,Parent,,1,SS8641,1,20,1,18,1,18,1,18,1,21,,,
K22,3.10.1,UX2023,,1,84,0,20,0,21,0,20,0,23,1,20,,,
K22,3.10.2,Parent,,1,GA001138-8E36,0,18,0,22,0,21,1,18,2,19,,,
K22,3.10.3,UX2023,,1,96,1,17,2,17,2,18,2,17,0,19,,,
K22,3.10.4,UX2023,,1,85,1,18,1,17,1,19,1,17,1,17,,,
K22,3.11.1,Parent,,1,ARGA051160-14LE31,2,19,1,20,1,21,1,20,2,18,,,
K22,3.11.2,UX2023,,1,52,3,18,2,18,1,21,2,18,2,19,,,
K22,3.11.3,UX2023,,1,82,3,21,2,19,1,19,1,21,2,19,,,
K22,3.11.4,UX2023,,1,110,1,18,1,20,0,17,1,20,0,17,,,
K22,3.12.1,UX2023,,1,22,1,19,1,19,1,19,1,19,1,17,,,
K22,3.12.2,Parent,,1,NC08-23383,2,17,2,16,0,18,2,17,1,15,,,
K22,3.12.3,UX2023,,1,125,2,16,1,17,1,19,2,19,1,18,,,
K22,3.12.4,UX2023,,1,50,0,19,1,19,1,18,0,17,0,16,,,
K22,3.13.1,UX2023,,1,60,0,18,1,18,1,17,0,19,0,21,,,
K22,3.13.2,UX2023,,1,102,1,18,1,16,2,19,0,18,1,18,,,
K22,3.13.3,Parent,,1,Hilliard,1,22,1,20,2,20,4,16,1,19,,,
K22,3.13.4,UX2023,,1,3,2,18,2,18,2,18,2,17,2,16,,,
K22,3.14.1,UX2023,,1,103,0,21,0,21,0,17,0,20,1,17,,,
K22,3.14.2,UX2023,,1,54,1,17,2,19,2,19,3,16,,,,,
K22,3.14.3,UX2023,,1,6,2,18,0,18,1,18,1,16,2,17,,,
K22,3.14.4,UX2023,,1,88,1,20,1,22,0,19,2,18,1,22,,,
K22,3.15.1,UX2023,,1,4,0,19,1,19,0,16,2,17,1,16,,,
K22,3.15.2,Parent,,1,MPV57,0,23,1,22,1,23,0,23,0,23,,,
K22,3.15.3,UX2023,,1,79,1,20,0,21,0,22,0,18,0,21,,,
K22,3.15.4,UX2023,,1,104,0,19,1,21,2,19,1,23,2,20,,,
K22,3.16.1,UX2023,,1,114,1,20,2,19,3,15,2,21,2,17,,,
K22,3.16.2,UX2023,,1,70,2,16,2,18,1,17,1,23,2,19,,,
K22,3.16.3,UX2023,,1,89,1,19,1,21,1,21,0,24,0,23,,,
K22,3.16.4,UX2023,,1,21,1,20,1,21,1,22,1,21,2,19,,,
K22,3.17.1,UX2023,,1,18,0,20,0,21,2,18,1,18,1,20,,,
K22,3.17.2,UX2023,,1,99,0,16,1,19,1,16,0,20,1,19,,,
K22,3.17.3,UX2023,,1,10,2,17,2,17,3,16,0,14,3,14,,,Broken 4
K22,3.17.4,Parent,,1,TX12D4896,2,19,2,18,0,19,2,19,1,18,,,
K22,3.18.1,Parent,,1,AGS2000,1,20,1,19,1,17,3,15,0,18,,,
K22,3.18.2,UX2023,,1,83,2,19,0,24,0,19,0,19,4,17,,,
K22,3.18.3,UX2023,,1,24,1,19,2,18,0,17,1,19,1,20,,,
K22,3.18.4,UX2023,,1,94,0,16,0,16,1,18,3,15,1,18,,,
K22,3.19.1,UX2023,,1,76,0,18,1,20,1,19,1,21,1,17,,,
K22,3.19.2,UX2023,,1,65,0,16,0,19,0,19,0,18,1,16,,,
K22,3.19.3,Parent,,1,GA05450-EL52,1,18,0,19,0,22,1,18,0,19,,,
K22,3.19.4,UX2023,,1,101,1,17,2,19,1,18,2,17,1,20,,,
K22,3.20.1,UX2023,,1,80,2,16,3,15,1,18,3,16,0,16,,,
K22,3.20.2,UX2023,,1,8,2,19,3,17,2,18,3,16,2,18,,,
K22,3.20.3,UX2023,,1,119,1,19,2,15,2,17,2,20,1,18,,,
K22,3.20.4,UX2023,,1,57,2,18,2,20,2,16,1,18,2,16,,,
K22,8.1.2,UX1992,,1,UX1992-114,1,20,3,15,3,17,2,17,2,19,,,
K22,8.1.3,UX1992,,1,UX1992-116,2,18,1,20,2,19,3,18,2,20,,,
K22,8.1.4,UX1992,,1,UX1992-124,2,17,5,15,2,18,0,20,1,19,,,
K22,8.2.1,UX1992,,1,UX1992-175,2,17,1,19,1,21,1,19,2,18,,,
K22,8.2.2,UX1992,,1,UX1992-90,1,21,0,21,1,18,2,20,1,20,,,
K22,8.2.3,Parent,,1,GA001138-8E36,3,18,2,20,1,18,2,21,3,17,,,
K22,8.2.4,UX1992,,1,UX1992-171,0,17,1,18,1,19,1,19,2,17,,,
K22,8.3.1,UX1992,,1,UX1992-24,0,22,4,17,2,20,2,18,3,19,,,1 might have +1/5
K22,8.3.2,Parent,,1,TX12D4896,1,17,2,17,2,18,2,19,0,21,,,
K22,8.3.3,UX1992,,1,UX1992-101,2,21,1,23,2,23,1,23,3,21,,,
K22,8.3.4,UX1992,,1,UX1992-159,3,18,0,20,3,17,1,18,1,19,,,
K22,8.4.1,UX1992,,1,UX1992-134,2,19,3,16,2,17,1,20,1,19,,,
K22,8.4.2,UX1992,,1,UX1992-163,2,19,2,18,1,14,2,20,1,19,,,
K22,8.4.3,UX1992,,1,UX1992-69,1,20,1,20,1,18,2,18,0,19,,,
K22,8.4.4,Parent,,1,NC8248-1,3,16,2,16,3,16,2,15,2,15,,,
K22,8.5.1,Parent,,1,GA05450-EL52,0,19,1,19,0,21,0,18,2,18,,,
K22,8.5.2,UX1992,,1,UX1992-181,2,17,2,17,2,18,1,19,2,17,,,
K22,8.5.3,UX1992,,1,UX1992-153,2,18,3,18,1,21,0,21,3,17,,,
K22,8.5.4,UX1992,,1,UX1992-144,2,17,1,21,1,21,0,20,0,20,,,
K22,8.6.1,UX1992,,1,UX1992-82,1,20,1,22,2,17,1,19,1,20,,,
K22,8.6.2,UX1992,,1,UX1992-180,1,18,2,18,3,17,1,19,2,19,,,
K22,8.6.3,Parent,,1,GA00190-7A14,0,17,0,14,1,15,0,16,0,18,,,
K22,8.6.4,UX1992,,1,UX1992-132,1,23,0,23,0,24,1,22,0,24,,,
K22,8.7.1,UX1992,,1,UX1992-197,3,17,1,18,1,16,2,18,1,19,,,
K22,8.7.2,UX1992,,1,UX1992-29,1,20,1,19,0,22,0,22,1,22,,,
K22,8.7.3,UX1992,,1,UX1992-126,1,18,3,18,2,21,2,21,0,21,,,
K22,8.7.4,UX1992,,1,UX1992-140,4,15,2,15,2,17,0,17,3,18,,,
K22,8.8.1,UX1992,,1,UX1992-207,1,19,0,23,0,23,0,24,1,23,,,
K22,8.8.2,Parent,,1,LA09264C-P2,1,16,1,14,2,15,1,11,1,17,,,
K22,8.8.3,UX1992,,1,UX1992-161,2,19,1,20,2,20,0,20,1,10,,,"Spike 5 is decimated on top, maybe had +7?"
K22,8.8.4,UX1992,,1,UX1992-5,2,18,0,20,1,18,1,20,0,19,,,
K22,8.9.1,UX1992,,1,UX1992-35,1,15,1,17,2,17,2,17,1,18,,,
K22,8.9.2,UX1992,,1,UX1992-81,0,23,2,20,0,24,0,21,0,22,,,
K22,8.9.3,UX1992,,1,UX1992-119,1,20,1,19,1,20,1,18,1,20,,,
K22,8.9.4,UX1992,,1,UX1992-93,2,20,2,17,2,19,1,19,1,19,,,
K22,8.10.1,UX1992,,1,UX1992-73,0,19,1,19,2,18,0,20,1,19,,,
K22,8.10.2,UX1992,,1,UX1992-102,1,22,2,18,2,20,1,20,2,22,,,
K22,8.10.3,Parent,,1,NC08-23383,1,16,0,18,1,16,1,16,,,,,
K22,8.10.4,UX1992,,1,UX1992-34,2,16,2,15,1,17,0,20,1,17,,,
K22,8.11.1,UX1992,,1,UX1992-54,1,18,0,16,1,20,2,15,1,20,,,
K22,8.11.2,UX1992,,1,UX1992-74,0,19,0,23,0,23,0,22,0,18,,,
K22,8.11.3,UX1992,,1,UX1992-162,1,19,1,20,1,18,0,21,2,18,,,
K22,8.11.4,UX1992,,1,UX1992-63,2,16,1,16,2,17,1,16,1,16,,,
K22,8.12.1,UX1992,,1,UX1992-48,0,20,0,22,1,21,0,21,1,22,,,
K22,8.12.2,Parent,,1,MPV57,1,19,0,23,1,19,2,20,0,20,,,
K22,8.12.3,UX1992,,1,UX1992-117,0,22,0,20,1,19,1,18,1,19,,,
K22,8.12.4,UX1992,,1,UX1992-39,2,16,2,16,1,16,1,15,0,18,,,
K22,8.13.1,UX1992,,1,UX1992-190,1,17,1,17,1,18,1,17,0,18,,,
K22,8.13.2,UX1992,,1,UX1992-137,1,20,2,17,0,19,0,19,0,18,,,
K22,8.13.3,UX1992,,1,UX1992-110,1,20,1,18,2,17,1,17,2,18,,,
K22,8.13.4,UX1992,,1,UX1992-193,0,20,1,18,1,21,0,20,1,19,,,
K22,8.14.1,UX1992,,1,UX1992-47,1,21,1,20,2,20,1,21,1,18,,,
K22,8.14.2,UX1992,,1,UX1992-165,0,18,0,16,2,16,1,18,0,18,,,
K22,8.14.3,Parent,,1,AGS2000,2,17,1,17,2,16,0,16,2,17,,,
K22,8.14.4,UX1992,,1,UX1992-146,1,19,3,16,2,16,2,18,2,17,,,
K22,8.15.1,UX1992,,1,UX1992-121,2,19,1,19,2,18,1,17,0,20,,,
K22,8.15.2,UX1992,,1,UX1992-20,1,19,2,16,3,19,3,16,1,15,,,
K22,8.15.3,UX1992,,1,UX1992-149,3,18,1,20,2,19,0,22,1,19,,,
K22,8.15.4,Parent,,1,ARGA051160-14LE31,2,17,1,19,1,17,0,18,1,17,,,
K22,8.16.1,UX1992,,1,UX1992-3,1,23,1,22,1,21,1,21,1,23,,,
K22,8.16.2,UX1992,,1,UX1992-10,3,18,1,17,1,18,1,16,1,17,,,
K22,8.16.3,UX1992,,1,UX1992-9,1,17,1,16,1,14,1,17,0,17,,,
K22,8.16.4,UX1992,,1,UX1992-49,1,18,1,17,1,17,1,19,0,20,,,
K22,8.17.1,UX1992,,1,UX1992-160,2,19,2,20,2,22,1,17,2,19,,,
K22,8.17.2,Parent,,1,Hilliard,2,16,2,17,1,20,1,17,0,16,,,
K22,8.17.3,UX1992,,1,UX1992-170,2,19,1,19,2,15,2,13,2,16,,,
K22,8.17.4,UX1992,,1,UX1992-174,2,16,0,19,2,15,2,16,2,15,,,
K22,8.18.1,UX1992,,1,UX1992-106,1,21,2,19,2,20,1,24,3,19,,,
K22,8.18.2,UX1992,,1,UX1992-33,1,17,1,19,2,18,1,17,1,15,,,
K22,8.18.3,UX1992,,1,UX1992-36,1,16,1,18,1,17,1,18,1,17,,,
K22,8.18.4,UX1992,,1,UX1992-32,0,19,0,20,0,20,0,19,0,19,,,
K22,8.19.1,UX1992,,1,UX1992-98,1,20,0,20,0,23,1,18,0,17,,,
K22,8.19.2,UX1992,,1,UX1992-173,0,18,0,20,1,17,0,20,0,21,,,
K22,8.19.3,UX1992,,1,UX1992-129,2,17,1,21,2,18,0,21,0,22,,,
K22,8.19.4,Parent,,1,SS8641,1,18,0,17,0,17,0,19,0,17,,,
K22,8.20.1,UX1992,,1,UX1992-125,1,18,1,19,0,19,0,21,0,18,,,
K22,8.20.2,UX1992,,1,UX1992-118,1,16,1,18,0,21,0,19,0,17,,,
K22,8.20.3,Parent,,1,GA06493-13LE6,2,19,1,22,2,18,1,19,0,22,,,
K22,8.20.4,UX1992,,1,UX1992-167,1,19,1,17,2,18,1,19,0,20,,,
K22,9.1.2,UX1991,,1,UX1991-137,4,18,0,22,3,19,3,19,1,18,,,
K22,9.1.3,UX1991,,1,UX1991-129,2,19,0,25,1,22,2,21,1,20,,,
K22,9.1.4,UX1991,,1,UX1991-99,2,19,1,23,3,20,0,21,1,27,,,
K22,9.2.1,UX1991,,1,UX1991-139,0,21,1,19,2,22,0,21,0,18,,,
K22,9.2.2,Parent,,1,GA06493-13LE6,2,18,1,24,1,24,1,22,1,23,,,
K22,9.2.3,UX1991,,1,UX1991-111,0,20,0,21,0,22,1,20,1,21,,,
K22,9.2.4,UX1991,,1,UX1991-132,1,22,0,22,2,21,1,20,0,21,,,
K22,9.3.1,UX1991,,1,UX1991-103,1,23,1,28,1,23,0,25,1,24,,,
K22,9.3.2,UX1991,,1,UX1991-84,2,22,0,21,0,22,0,23,0,22,,,
K22,9.3.3,UX1991,,1,UX1991-92,2,17,0,21,1,20,2,18,0,19,,,
K22,9.3.4,Parent,,1,AGS2000,0,22,2,19,1,19,3,18,2,17,,,
K22,9.4.1,UX1991,,1,UX1991-179,0,21,1,20,2,18,3,17,1,19,,,
K22,9.4.2,UX1991,,1,UX1991-175,1,24,0,23,3,20,0,21,3,21,,,
K22,9.4.3,UX1991,,1,UX1991-101,1,21,1,19,0,24,1,21,0,22,,,
K22,9.4.4,UX1991,,1,UX1991-125,3,18,4,20,2,20,1,18,3,18,,,
K22,9.5.1,UX1991,,1,UX1991-147,4,20,3,23,2,23,0,23,3,20,,,
K22,9.5.2,UX1991,,1,UX1991-97,3,21,0,23,1,22,2,22,1,21,,,
K22,9.5.3,UX1991,,1,UX1991-124,2,17,3,20,0,21,1,22,2,18,,,
K22,9.5.4,Parent,,1,SS8641,0,21,2,17,0,20,2,16,1,20,,,
K22,9.6.1,UX1991,,1,UX1991-169,3,15,1,19,2,17,2,17,2,18,,,
K22,9.6.2,Parent,,1,GA001138-8E36,2,19,1,21,1,21,2,15,3,18,,,
K22,9.6.3,UX1991,,1,UX1991-174,2,22,2,19,0,25,2,15,1,17,,,
K22,9.6.4,UX1991,,1,UX1991-86,0,17,4,19,2,17,2,21,2,21,,,"1 had another spike, unknown ab or he"
K22,9.7.1,UX1991,,1,UX1991-200,1,22,1,20,2,21,1,19,0,22,,,5 +2 ab/he
K22,9.7.2,UX1991,,1,UX1991-152,4,16,2,18,0,20,3,15,0,13,,,"1 broken, 5 missing base"
K22,9.7.3,UX1991,,1,UX1991-204,2,19,2,18,2,20,0,21,1,18,,,
K22,9.7.4,UX1991,,1,UX1991-109,1,21,1,20,1,21,1,21,2,20,,,
K22,9.8.1,UX1991,,1,UX1991-134,0,19,1,16,1,16,2,17,1,18,,,
K22,9.8.2,UX1991,,1,UX1991-144,2,21,3,18,2,19,1,22,4,17,,,
K22,9.8.3,Parent,,1,LA09264C-P2,1,17,2,12,1,14,1,11,0,10,,,5 missing base
K22,9.8.4,UX1991,,1,UX1991-113,2,18,1,19,1,18,1,19,0,21,,,
K22,9.9.1,UX1991,,1,UX1991-148,1,22,0,15,0,23,3,21,0,24,,,"4 missing base; 5 +2 ab/he, missing base"
K22,9.9.2,Parent,,1,MPV57,2,20,1,21,2,20,3,21,1,20,,,
K22,9.9.3,UX1991,,1,UX1991-115,1,18,1,19,2,20,3,18,3,16,,,
K22,9.9.4,UX1991,,1,UX1991-171,2,17,2,22,0,22,1,22,3,19,,,
K22,9.10.1,UX1991,,1,UX1991-170,1,19,0,18,0,18,0,19,1,18,,,2 mb; 4 +1 ab/he
K22,9.10.2,UX1991,,1,UX1991-100,2,17,1,17,2,17,1,17,3,15,,,
K22,9.10.3,UX1991,,1,UX1991-111,4,18,1,22,2,21,2,20,,,,,
K22,9.10.4,UX1991,,1,UX1991-91,3,18,4,18,3,21,2,22,1,22,,,3 mb
K22,9.11.1,UX1991,,1,UX1991-89,0,18,1,18,0,18,0,19,1,21,,,3 +1 ab/he; 4 +2 ab/he
K22,9.11.2,UX1991,,1,UX1991-131,3,18,3,18,3,16,0,15,2,19,,,
K22,9.11.3,UX1991,,1,UX1991-145,1,21,0,19,1,19,1,25,0,18,,,2 mb; 5 mb
K22,9.11.4,Parent,,1,GA05450-EL52,1,15,2,16,1,21,2,15,0,19,,,1 mb; 2 mb; 4 mb
K22,9.12.1,UX1991,,1,UX1991-166,2,19,1,20,3,19,2,19,1,20,,,2 +1 ab/he
K22,9.12.2,Parent,,1,ARGA051160-14LE31,3,19,3,18,2,19,2,16,2,18,,,
K22,9.12.3,UX1991,,1,UX1991-117,2,16,3,15,3,15,2,18,3,15,,,4 broken
K22,9.12.4,UX1991,,1,UX1991-93,0,21,2,19,0,21,1,21,2,18,,,5 mb
K22,9.13.1,UX1991,,1,UX1991-87,0,23,1,20,2,19,0,21,0,21,,,4 MB
K22,9.13.2,UX1991,,1,UX1991-85,2,15,2,19,2,18,3,18,3,15,,,1 mb; 2 broken
K22,9.13.3,UX1991,,1,UX1991-203,0,22,3,18,2,18,2,20,1,20,,,4 mb; 5 mb
K22,9.13.4,UX1991,,1,UX1991-202,1,17,0,19,0,17,0,18,1,16,,,
K22,9.14.1,UX1991,,1,UX1991-143,0,22,1,24,0,23,0,21,1,25,,,3 mb; 5 broken
K22,9.14.2,UX1991,,1,UX1991-142,0,24,0,23,0,22,0,24,0,24,,,3 +1 ab/he; 4 mb; 5 broken
K22,9.14.3,Parent,,1,TX12D4896,1,22,1,19,3,16,0,19,2,17,,,1 mb; 4 +1 ab/he
K22,9.14.4,UX1991,,1,UX1991-178,0,22,2,18,0,18,1,21,1,21,,,"1 mb, +1 ab/he; 3 mb, +2 ab/he; 4 mb; 5 broken, mb"
K22,9.15.1,Parent,,1,GA00190-7A14,2,17,2,17,3,16,1,18,4,14,,,2 mb; 5 mb
K22,9.15.2,UX1991,,1,UX1991-114,0,19,0,21,2,20,1,20,1,18,,,1 +2 ab/he; 2 mb; 3 mb; 5 mb
K22,9.15.3,UX1991,,1,UX1991-98,1,19,1,21,2,20,0,21,0,20,,,
K22,9.15.4,UX1991,,1,UX1991-155,3,15,1,19,2,19,2,19,1,18,,,3 mb
K22,9.16.1,UX1991,,1,UX1991-160,2,21,1,23,1,23,3,17,2,23,,,3 4 & 5 broken
K22,9.16.2,Parent,,1,NC08-23383,0,17,0,17,2,16,0,15,1,15,,,"1 +1 ab/he; 2 +1 ab/he; 3 mb; 4 mb, +1 ab/he"
K22,9.16.3,UX1991,,1,UX1991-159,1,22,2,20,0,21,0,21,2,21,,,
K22,9.16.4,UX1991,,1,UX1991-158,2,22,2,20,2,22,1,22,2,22,,,
K22,9.17.1,UX1991,,1,UX1991-122,2,20,1,16,2,18,2,20,2,20,,,
K22,9.17.2,UX1991,,1,UX1991-180,2,20,2,20,2,17,1,22,0,23,,,
K22,9.17.3,UX1991,,1,UX1991-165,1,21,1,17,0,22,3,18,0,20,,,
K22,9.17.4,UX1991,,1,UX1991-153,1,22,1,21,1,19,0,17,0,17,,,
K22,9.18.1,Parent,,1,Hilliard,1,18,1,19,1,20,2,18,2,20,,,
K22,9.18.2,UX1991,,1,UX1991-90,2,17,1,19,2,18,1,18,1,17,,,"#3 1 might be nonabort, 5 1 might be ab"
K22,9.18.3,UX1991,,1,UX1991-201,2,21,2,21,3,17,3,18,2,21,,,
K22,9.18.4,UX1991,,1,UX1991-173,2,21,0,24,2,20,0,20,1,22,,,
K22,9.19.1,UX1991,,1,UX1991-95,1,23,0,19,0,23,1,21,2,18,,,
K22,9.19.2,UX1991,,1,UX1991-110,1,19,3,16,3,18,2,17,3,18,,,
K22,9.19.3,UX1991,,1,UX1991-141,3,22,1,22,2,22,2,20,3,20,,,
K22,9.19.4,Parent,,1,NC8248-1,1,16,1,20,2,16,1,17,1,18,,,
K22,9.20.1,UX1991,,1,UX1991-156,1,21,3,19,1,16,2,19,0,21,,,
K22,9.20.2,UX1991,,1,UX1991-149,3,18,3,17,3,18,3,18,2,19,,,
K22,9.20.3,UX1991,,1,UX1991-146,2,18,3,19,1,19,3,18,,,,,0/15 but broken off
K22,9.20.4,UX1991,,1,UX1991-151,1,16,2,18,5,13,4,12,3,12,,,
K22,14.1.2,UX1993,,1,UX1993-46,3,16,0,14,0,11,3,12,1,16,,,
K22,14.1.3,UX1993,,1,UX1993-36,0,20,1,20,1,18,1,22,0,20,,,
K22,14.1.4,UX1993,,1,UX1993-161,1,18,2,19,1,19,1,18,1,19,,,
K22,14.2.1,UX1993,,1,UX1993-41,2,20,1,20,3,19,0,18,0,15,,,
K22,14.2.2,UX1993,,1,UX1993-37,3,17,3,14,1,18,2,18,2,16,,,
K22,14.2.3,UX1993,,1,UX1993-192,0,22,3,17,1,21,0,20,0,20,,,4 1 pos abort
K22,14.2.4,UX1993,,1,UX1993-14,2,23,2,18,3,19,2,18,0,17,,,
K22,14.3.1,UX1993,,1,UX1993-156,1,20,2,18,3,15,0,17,3,16,,,
K22,14.3.2,UX1993,,1,UX1993-8,2,20,1,20,4,16,1,22,1,22,,,
K22,14.3.3,Parent,,1,MPV57,1,20,0,24,0,20,1,22,1,23,,,
K22,14.3.4,UX1993,,1,UX1993-19,1,23,1,22,2,16,1,22,1,18,,,
K22,14.4.1,UX1993,,1,UX1993-16,2,15,1,19,1,18,1,18,2,16,,,
K22,14.4.2,Parent,,1,AGS2000,1,19,0,21,0,20,2,17,2,18,,,
K22,14.4.3,UX1993,,1,UX1993-47,0,22,0,19,1,17,1,19,2,18,,,
K22,14.4.4,UX1993,,1,UX1993-23,3,17,4,14,3,17,2,17,1,15,,,
K22,14.5.1,UX1993,,1,UX1993-48,1,19,3,15,1,24,0,21,0,19,,,
K22,14.5.2,UX1993,,1,UX1993-45,1,18,2,18,0,20,1,18,0,20,,,
K22,14.5.3,UX1993,,1,UX1993-6,2,19,2,21,1,21,2,22,1,22,,,
K22,14.5.4,UX1993,,1,UX1993-193,1,17,1,16,2,15,2,16,2,16,,,bad looking
K22,14.6.1,UX1993,,1,UX1993-35,1,14,1,16,2,16,4,14,1,18,,,
K22,14.6.2,Parent,,1,LA09264C-P2,2,16,3,15,3,15,2,16,1,14,,,
K22,14.6.3,UX1993,,1,UX1993-52,2,23,3,20,1,24,2,20,2,22,,,
K22,14.6.4,UX1993,,1,UX1993-3,0,21,0,21,1,18,1,14,2,13,,,
K22,14.7.1,UX1993,,1,UX1993-172,1,17,2,17,1,21,1,14,1,20,,,
K22,14.7.2,UX1993,,1,UX1993-40,1,20,2,18,2,19,2,20,2,16,,,
K22,14.7.3,Parent,,1,GA06493-13LE6,1,22,1,20,1,22,3,21,3,20,,,
K22,14.7.4,UX1993,,1,UX1993-42,0,22,2,19,0,17,0,23,0,24,,,
K22,14.8.1,UX1993,,1,UX1993-34,1,23,2,22,1,23,2,22,3,17,,,
K22,14.8.2,Parent,,1,GA00190-7A14,3,17,1,20,1,17,2,15,1,15,,,
K22,14.8.3,UX1993,,1,UX1993-32,1,21,2,18,1,15,0,13,0,9,,,4 broken at base
K22,14.8.4,UX1993,,1,UX1993-18,3,17,2,19,1,19,1,20,2,19,,,
K22,14.9.1,UX1993,,1,UX1993-21,1,20,2,20,2,18,1,18,3,9,,,
K22,14.9.2,UX1993,,1,UX1993-170,0,20,2,18,2,16,2,17,0,14,,,1&5 broken at base
K22,14.9.3,UX1993,,1,UX1993-10,3,24,2,22,2,24,3,20,3,21,,,
K22,14.9.4,UX1993,,1,UX1993-29,3,15,5,12,0,19,1,14,0,13,,,4&5 broken at base
K22,14.10.1,UX1993,,1,UX1993-51,0,22,2,19,2,18,2,14,,,,,1 broken at base
K22,14.10.2,UX1993,,1,UX1993-7,2,17,3,16,3,17,1,18,2,18,,,
K22,14.10.3,Parent,,1,ARGA051160-14LE31,3,16,3,19,2,19,3,19,3,21,,,
K22,14.10.4,UX1993,,1,UX1993-56,2,19,0,18,2,15,0,20,1,18,,,
K22,14.11.1,UX1993,,1,UX1993-38,5,19,2,24,3,21,1,25,6,16,,,
K22,14.11.2,UX1993,,1,UX1993-30,3,11,4,13,1,18,1,18,2,17,,,
K22,14.11.3,Parent,,1,NC08-23383,1,19,2,18,3,15,2,18,1,16,,,
K22,14.11.4,UX1993,,1,UX1993-188,4,15,2,17,2,19,1,17,1,19,,,
K22,14.12.1,UX1993,,1,UX1993-57,1,16,1,17,1,20,3,14,1,,,,
K22,14.12.2,Parent,,1,GA001138-8E36,2,19,1,21,0,23,2,20,2,19,,,
K22,14.12.3,UX1993,,1,UX1993-44,0,16,2,15,0,18,3,13,2,18,,,1 +1 ab/he; 2 +1ab/he
K22,14.12.4,UX1993,,1,UX1993-11,2,18,0,19,3,17,4,17,0,19,,,2 +2 ab/he; 5 +1 ab/he
K22,14.13.1,UX1993,,1,UX1993-5,2,18,1,17,1,16,3,17,1,15,,,3+1ab/he; 5 +4 ab/he
K22,14.13.2,UX1993,,1,UX1993-163,2,20,2,21,3,18,1,23,1,22,,,
K22,14.13.3,Parent,,1,SS8641,2,18,0,23,2,20,1,20,2,17,,,
K22,14.13.4,UX1993,,1,UX1993-31,3,22,2,24,2,23,0,27,0,9,,,5 missing top
K22,14.14.1,UX1993,,1,UX1993-49,1,19,2,18,1,20,1,19,1,20,,,
K22,14.14.2,UX1993,,1,UX1993-13,2,16,0,21,0,17,0,18,0,18,,,3 +1ab/he; 4 +1 ab/he; 5+1ab/he
K22,14.14.3,UX1993,,1,UX1993-2,3,19,3,18,0,20,4,16,2,17,,,3+1ab/he
K22,14.14.4,UX1993,,1,UX1993-186,2,16,5,14,2,16,2,15,2,16,,,
K22,14.15.1,UX1993,,1,UX1993-55,2,18,1,20,3,20,3,18,1,22,,,
K22,14.15.2,Parent,,1,NC8248-1,1,17,2,14,2,15,2,16,3,13,,,
K22,14.15.3,UX1993,,1,UX1993-22,1,15,2,17,2,14,1,18,3,16,,,
K22,14.15.4,UX1993,,1,UX1993-17,2,17,0,19,3,16,3,16,2,16,,,
K22,14.16.1,UX1993,,1,UX1993-26,1,16,2,17,1,16,0,20,0,18,,,
K22,14.16.2,UX1993,,1,UX1993-59,3,19,2,23,0,24,4,20,2,23,,,
K22,14.16.3,Parent,,1,Hilliard,2,16,2,19,4,18,3,16,4,16,,,
K22,14.16.4,UX1993,,1,UX1993-175,3,14,0,22,3,18,3,16,3,15,,,
K22,14.17.1,UX1993,,1,UX1993-177,1,17,2,16,2,16,1,19,2,17,,,
K22,14.17.2,Parent,,1,GA05450-EL52,4,11,0,19,1,20,1,16,2,14,,,
K22,14.17.3,UX1993,,1,UX1993-24,2,17,2,17,1,17,1,19,2,20,,,
K22,14.17.4,UX1993,,1,UX1993-4,2,15,2,17,0,19,1,16,1,17,,,
K22,14.18.1,UX1993,,1,UX1993-1,1,14,3,17,2,18,2,16,2,15,,,
K22,14.18.2,UX1993,,1,UX1993-50,2,15,2,19,1,18,1,17,0,20,,,
K22,14.18.3,UX1993,,1,UX1993-9,2,16,2,16,1,16,2,15,1,19,,,
K22,14.18.4,UX1993,,1,UX1993-197,1,18,2,16,0,21,2,18,0,20,,,
K22,14.19.1,UX1993,,1,UX1993-189,1,18,1,18,0,18,1,17,2,17,,,
K22,14.19.2,Parent,,1,TX12D4896,0,20,1,18,2,19,2,19,1,19,,,
K22,14.19.3,UX1993,,1,UX1993-191,4,19,3,20,3,19,3,20,3,20,,,
K22,14.19.4,UX1993,,1,UX1993-33,2,16,0,18,0,18,3,16,0,18,,,
K22,14.20.1,UX1993,,1,UX1993-28,1,19,2,20,0,19,1,21,2,18,,,
K22,14.20.2,UX1993,,1,UX1993-43,3,15,2,16,1,18,3,16,,,,,0/14 but broken
K22,14.20.3,UX1993,,1,UX1993-25,0,23,0,24,1,21,1,23,1,22,,,
K22,14.20.4,UX1993,,1,UX1993-173,2,16,1,18,3,16,1,18,1,19,,,
K22,16.1.2,UX2029,,0,UX2029-70,1,21,3,17,2,22,1,20,1,21,,,
K22,16.1.3,UX2029,,0,UX2029-92,1,16,0,21,2,18,1,20,0,20,,,
K22,16.1.4,UX2029,,0,UX2029-31,0,25,2,20,3,23,2,20,1,22,,,
K22,16.2.1,UX2029,,0,UX2029-4,0,19,1,17,1,17,2,17,0,20,,,
K22,16.2.2,UX2029,,0,UX2029-155,1,16,1,20,2,19,0,21,2,18,,,
K22,16.2.3,UX2029,,0,UX2029-55,0,24,1,23,1,20,1,20,4,18,,,
K22,16.2.4,Parent,,0,AGS2000,4,16,2,17,8,14,2,15,1,16,,,
K22,16.3.1,UX2029,,0,UX2029-60,0,22,0,22,1,19,3,15,1,18,,,
K22,16.3.2,Parent,,0,NC8248-1,3,15,3,16,2,15,2,15,2,16,,,
K22,16.3.3,UX2029,,0,UX2029-12,2,20,1,21,0,23,1,18,0,23,,,
K22,16.3.4,UX2029,,0,UX2029-1,0,20,0,20,0,20,1,19,0,21,,,
K22,16.4.1,Parent,,0,SS8641,0,21,2,17,0,18,1,19,2,17,,,
K22,16.4.2,UX2029,,0,UX2029-106,5,14,0,23,3,20,0,23,0,22,,,
K22,16.4.3,UX2029,,0,UX2029-118,0,23,1,19,0,22,0,23,1,22,,,
K22,16.4.4,UX2029,,0,UX2029-49,1,17,0,23,2,17,0,23,1,21,,,
K22,16.5.1,UX2029,,0,UX2029-5,0,21,2,16,0,22,1,19,0,23,,,
K22,16.5.2,UX2029,,0,UX2029-9,4,15,2,18,1,17,1,20,3,19,,,
K22,16.5.3,UX2029,,0,UX2029-23,2,20,0,21,0,20,0,23,0,22,,,
K22,16.5.4,UX2029,,0,UX2029-130,0,20,0,24,0,22,2,17,4,19,,,
K22,16.6.1,UX2029,,0,UX2029-199,0,22,1,21,4,20,0,21,0,24,,,
K22,16.6.2,UX2029,,0,UX2029-85,0,20,0,19,1,17,1,19,3,16,,,
K22,16.6.3,Parent,,0,MPV57,2,19,1,19,0,20,0,19,0,15,,,
K22,16.6.4,UX2029,,0,UX2029-114,0,21,0,20,2,18,0,21,0,19,,,
K22,16.7.1,UX2029,,0,UX2029-82,0,23,0,21,0,22,0,23,0,22,,,
K22,16.7.2,UX2029,,0,UX2029-186,0,22,0,23,0,21,0,20,0,17,,,
K22,16.7.3,UX2029,,0,UX2029-13,2,19,1,19,0,18,0,21,1,18,,,
K22,16.7.4,UX2029,,0,UX2029-121,0,22,0,20,0,20,0,23,1,17,,,
K22,16.8.1,UX2029,,0,UX2029-113,0,24,0,19,1,22,0,21,0,23,,,
K22,16.8.2,UX2029,,0,UX2029-33,0,21,0,19,0,19,0,18,0,17,,,
K22,16.8.3,UX2029,,0,UX2029-116,0,22,1,19,0,21,0,20,0,19,,,
K22,16.8.4,UX2029,,0,UX2029-91,2,18,0,23,0,23,0,20,0,19,,,
K22,16.9.1,Parent,,0,NC08-23383,1,17,1,16,0,18,1,14,0,16,,,
K22,16.9.2,UX2029,,0,UX2029-10,2,18,0,20,0,21,1,17,1,17,,,
K22,16.9.3,UX2029,,0,UX2029-32,2,19,1,20,0,23,0,22,0,21,,,
K22,16.9.4,UX2029,,0,UX2029-163,1,22,2,22,2,22,1,21,3,19,,,
K22,16.10.1,UX2029,,0,UX2029-168,0,21,1,19,0,19,0,18,0,20,,,
K22,16.10.2,UX2029,,0,UX2029-45,1,20,1,20,1,22,0,20,0,21,,,
K22,16.10.3,UX2029,,0,UX2029-117,2,20,0,24,2,21,1,22,0,22,,,
K22,16.10.4,UX2029,,0,UX2029-19,0,21,0,21,1,17,0,21,1,22,,,
K22,16.11.1,UX2029,,0,UX2029-83,1,20,0,22,0,22,0,23,0,20,,,
K22,16.11.2,UX2029,,0,UX2029-145,0,23,0,23,0,21,0,21,1,22,,,
K22,16.11.3,UX2029,,0,UX2029-22,0,25,0,24,0,22,0,22,0,22,,,
K22,16.11.4,Parent,,0,GA05450-EL52,1,16,0,18,1,17,0,17,0,22,,,
K22,16.12.1,UX2029,,0,UX2029-96,0,23,0,22,0,22,0,21,1,22,,,
K22,16.12.2,Parent,,0,GA00190-7A14,1,15,2,19,1,16,1,18,1,18,,,
K22,16.12.3,UX2029,,0,UX2029-35,0,22,0,22,2,18,1,23,0,23,,,
K22,16.12.4,UX2029,,0,UX2029-139,0,18,1,22,0,21,1,18,2,18,,,
K22,16.13.1,Parent,,0,GA06493-13LE6,0,23,0,19,1,22,0,22,0,22,,,
K22,16.13.2,UX2029,,0,UX2029-76,0,22,0,23,0,23,0,23,2,23,,,
K22,16.13.3,UX2029,+,0,UX2029-61,2,17,0,23,1,19,1,24,2,15,,,awned
K22,16.13.3,UX2029,-,0,UX2029-61,3,19,0,23,1,20,1,19,0,22,,,awnless
K22,16.13.4,UX2029,,0,UX2029-161,1,21,0,21,0,22,2,20,2,20,,,
K22,16.14.1,UX2029,,0,UX2029-180,0,17,0,19,0,19,4,17,0,21,,,
K22,16.14.2,UX2029,,0,UX2029-134,1,22,1,19,1,22,0,23,0,19,,,
K22,16.14.3,UX2029,,0,UX2029-147,0,18,0,20,0,19,1,17,0,15,,,
K22,16.14.4,UX2029,,0,UX2029-159,1,23,2,22,0,22,0,21,1,21,,,
K22,16.15.1,UX2029,,0,UX2029-41,0,21,0,23,2,18,0,21,1,20,,,
K22,16.15.2,UX2029,,0,UX2029-98,0,21,0,20,0,18,0,22,2,18,,,
K22,16.15.3,Parent,,0,GA001138-8E36,1,18,1,20,0,20,1,18,0,20,,,
K22,16.15.4,UX2029,,0,UX2029-192,2,20,1,20,0,21,0,19,0,22,,,
K22,16.16.1,UX2029,,0,UX2029-89,0,22,0,19,1,18,0,21,0,19,,,
K22,16.16.2,Parent,,0,Hilliard,2,13,2,16,1,18,1,19,1,19,,,
K22,16.16.3,UX2029,,0,UX2029-53,0,22,2,17,0,22,0,18,1,13,,,
K22,16.16.4,UX2029,,0,UX2029-72,1,20,1,21,1,22,0,20,0,23,,,
K22,16.17.1,Parent,,0,TX12D4896,1,17,0,20,1,17,0,16,0,18,,,
K22,16.17.2,UX2029,,0,UX2029-30,0,26,1,20,0,21,1,22,0,23,,,
K22,16.17.3,UX2029,,0,UX2029-132,1,22,0,23,1,20,2,20,0,22,,,
K22,16.17.4,UX2029,,0,UX2029-125,1,19,1,17,2,19,1,18,0,18,,,
K22,16.18.1,UX2029,,0,UX2029-29,1,20,3,18,1,19,0,23,2,18,,,
K22,16.18.2,UX2029,,0,UX2029-66,0,19,0,17,0,21,0,19,0,15,,,
K22,16.18.3,UX2029,,0,UX2029-184,1,19,0,21,1,20,4,15,0,22,,,
K22,16.18.4,Parent,,0,ARGA051160-14LE31,1,19,2,18,0,20,4,19,3,20,,,
K22,16.19.1,UX2029,,0,UX2029-73,0,22,0,22,0,21,0,19,0,20,,,
K22,16.19.2,UX2029,,0,UX2029-18,0,20,0,22,1,19,0,18,0,22,,,
K22,16.19.3,UX2029,,0,UX2029-51,0,24,0,22,2,22,1,20,0,23,,,
K22,16.19.4,UX2029,,0,UX2029-75,0,23,0,24,0,24,0,22,0,20,,,
K22,16.20.1,Parent,,0,LA09264C-P2,0,16,3,17,0,16,0,18,0,13,,,
K22,16.20.2,UX2029,,0,UX2029-127,4,14,1,20,0,18,1,20,3,17,,,
K22,16.20.3,UX2029,,0,UX2029-36,0,22,0,22,0,20,0,20,0,21,,,
K22,16.20.4,UX2029,,0,UX2029-131,0,23,0,21,0,21,1,18,2,20,,,
K22,17.1.2,UX2029,,0,UX2029-62,0,18,2,18,2,18,1,20,1,19,,,
K22,17.1.3,UX2029,,0,UX2029-178,0,21,2,21,2,19,2,19,2,20,,,
K22,17.1.4,UX2029,,0,UX2029-99,1,22,1,23,0,21,1,23,1,20,,,
K22,17.2.1,UX2029,,0,UX2029-63,1,24,0,23,0,22,1,22,0,24,,,
K22,17.2.2,UX2029,-,0,UX2029-119,0,20,0,23,0,24,0,21,0,24,,,
K22,17.2.2,UX2029,+,0,UX2029-119,2,18,0,22,1,17,0,20,,,,,
K22,17.2.3,UX2029,,0,UX2029-71,2,22,1,22,2,22,1,21,3,15,,,
K22,17.2.4,Parent,,0,ARGA051160-14LE31,2,18,1,19,2,19,3,18,3,16,,,
K22,17.3.1,Parent,,0,TX12D4896,1,19,0,18,0,19,1,20,1,16,,,
K22,17.3.2,UX2029,,0,UX2029-37,2,23,0,24,1,24,3,19,2,18,,,
K22,17.3.3,Parent,,0,LA09264C-P2,0,15,0,14,0,13,1,16,1,16,,,
K22,17.3.4,UX2029,,0,UX2029-50,1,22,1,21,0,22,0,23,2,20,,,
K22,17.4.1,UX2029,,0,UX2029-77,2,21,0,22,0,21,2,18,1,21,,,
K22,17.4.2,Parent,,0,MPV57,1,19,1,21,1,16,3,18,2,17,,,
K22,17.4.3,UX2029,,0,UX2029-94,1,20,1,19,1,21,2,19,2,20,,,
K22,17.4.4,UX2029,,0,UX2029-191,0,19,0,18,2,20,1,16,2,19,,,
K22,17.5.1,UX2029,,0,UX2029-208,1,22,0,23,0,22,0,21,0,21,,,
K22,17.5.2,UX2029,,0,UX2029-129,0,23,0,23,0,23,0,23,0,21,,,
K22,17.5.3,UX2029,,0,UX2029-204,2,20,0,24,1,21,1,21,2,20,,,
K22,17.5.4,UX2029,,0,UX2029-142,0,23,0,25,1,20,0,17,1,18,,,
K22,17.6.1,UX2029,,0,UX2029-90,0,19,0,21,0,23,3,17,1,23,,,
K22,17.6.2,UX2029,,0,UX2029-38,0,20,0,21,1,18,0,21,0,19,,,
K22,17.6.3,Parent,,0,GA06493-13LE6,0,22,2,19,1,19,0,20,0,21,,,
K22,17.6.4,UX2029,,0,UX2029-80,0,19,1,23,0,22,1,17,0,23,,,
K22,17.7.1,UX2029,,0,UX2029-120,1,22,0,24,1,24,0,17,1,15,,,
K22,17.7.2,UX2029,,0,UX2029-4.6,0,23,0,26,2,20,1,22,0,24,,,
K22,17.7.3,UX2029,,0,UX2029-111,1,21,1,17,1,19,2,17,1,21,,,
K22,17.7.4,UX2029,,0,UX2029-54,0,22,1,18,1,19,1,23,0,25,,,
K22,17.8.1,Parent,,0,GA001138-8E36,4,19,1,22,1,20,2,19,3,20,,,
K22,17.8.2,UX2029,-,0,UX2029-176,2,21,1,22,0,21,0,22,0,22,,,
K22,17.8.2,UX2029,+,0,UX2029-176,3,17,0,23,2,20,0,20,2,20,,,
K22,17.8.3,UX2029,,0,UX2029-143,0,19,1,21,0,19,0,19,2,17,,,
K22,17.8.4,UX2029,,0,UX2029-166,0,23,0,24,0,22,1,17,0,17,,,
K22,17.9.1,UX2029,,0,UX2029-110,1,22,0,23,0,22,0,21,0,20,,,
K22,17.9.2,UX2029,,0,UX2029-21,1,21,1,21,2,19,1,19,0,18,,,
K22,17.9.3,UX2029,,0,UX2029-153,1,22,0,18,2,21,0,19,2,19,,,
K22,17.9.4,Parent,,0,GA05450-EL52,1,19,0,20,0,16,2,16,0,19,,,
K22,17.10.1,UX2029,,0,UX2029-206,1,22,0,22,0,20,0,22,0,24,,,
K22,17.10.2,UX2029,,0,UX2029-148,0,23,2,17,0,20,0,21,1,19,,,
K22,17.10.3,UX2029,,0,UX2029-6,2,20,1,21,1,19,2,18,2,18,,,
K22,17.10.4,UX2029,,0,UX2029-124,1,23,1,19,2,20,2,20,1,21,,,
K22,17.11.1,UX2029,,0,UX2029-15,1,21,1,20,2,22,1,20,1,20,,,
K22,17.11.2,Parent,,0,Hilliard,1,22,0,21,1,18,1,18,0,16,,,
K22,17.11.3,UX2029,,0,UX2029-28,0,22,0,22,0,24,1,18,0,19,,,
K22,17.11.4,UX2029,,0,UX2029-42,0,21,0,20,2,19,1,20,2,18,,,
K22,17.12.1,UX2029,-,0,UX2029-26,2,20,1,24,1,21,0,19,1,20,,,
K22,17.12.1,UX2029,+,0,UX2029-26,2,19,1,23,1,20,2,22,3,21,,,
K22,17.12.2,UX2029,,0,UX2029-3,0,21,1,22,1,19,2,20,1,17,,,
K22,17.12.3,UX2029,,0,UX2029-205,2,22,0,22,1,17,1,22,1,20,,,
K22,17.12.4,Parent,,0,NC08-23383,0,18,1,15,1,18,0,18,2,13,,,
K22,17.13.1,Parent,,0,GA00190-7A14,0,18,2,15,0,18,0,18,1,13,,,
K22,17.13.2,UX2029,,0,UX2029-56,2,17,0,22,1,18,0,19,0,22,,,
K22,17.13.3,UX2029,,0,UX2029-44,0,19,0,20,1,18,0,21,0,22,,,
K22,17.13.4,UX2029,,0,UX2029-69,0,22,0,24,1,22,2,18,1,20,,,
K22,17.14.1,UX2029,,0,UX2029-190,0,20,0,22,0,19,1,19,0,18,,,
K22,17.14.2,UX2029,,0,UX2029-122,0,22,1,21,0,23,0,23,2,20,,,
K22,17.14.3,UX2029,,0,UX2029-151,0,22,1,22,0,23,0,21,0,18,,,
K22,17.14.4,UX2029,,0,UX2029-87,0,20,2,20,0,23,0,18,1,20,,,
K22,17.15.1,UX2029,,0,UX2029-123,0,22,0,19,1,21,0,19,3,16,,,
K22,17.15.2,UX2029,-,0,UX2029-88,0,20,1,18,0,22,1,17,1,20,,,
K22,17.15.2,UX2029,+,0,UX2029-88,0,20,1,18,0,21,1,22,0,19,,,
K22,17.15.3,Parent,,0,NC8248-1,1,17,3,16,1,15,1,14,1,16,,,
K22,17.15.4,UX2029,,0,UX2029-58,0,20,1,21,1,19,1,18,3,18,,,
K22,17.16.1,UX2029,,0,UX2029-102,1,22,1,25,3,19,1,23,0,20,,,
K22,17.16.2,UX2029,,0,UX2029-156,0,23,0,18,0,21,1,18,1,19,,,
K22,17.16.3,UX2029,,0,UX2029-11,0,23,2,20,1,22,0,24,2,20,,,
K22,17.16.4,UX2029,,0,UX2029-173,0,21,1,22,0,22,1,18,2,17,,,
K22,17.17.1,UX2029,,0,UX2029-68,2,19,4,18,2,20,2,19,3,16,,,
K22,17.17.2,Parent,,0,AGS2000,2,15,2,15,1,17,2,16,2,13,,,
K22,17.17.3,UX2029,-,0,UX2029-157,2,22,1,21,0,23,0,22,1,21,,,
K22,17.17.3,UX2029,+,0,UX2029-157,0,21,2,21,0,21,1,22,0,21,,,
K22,17.17.4,UX2029,,0,UX2029-97,0,19,0,23,1,19,1,21,1,20,,,
K22,17.18.1,UX2029,-,0,UX2029-26,2,20,0,22,2,23,0,24,1,19,,,
K22,17.18.1,UX2029,+,0,UX2029-26,3,21,1,24,0,21,1,18,3,19,,,
K22,17.18.2,UX2029,,0,UX2029-198,3,18,0,23,4,17,2,20,2,21,,,
K22,17.18.3,Parent,,0,SS8641,0,18,1,19,0,21,0,20,0,19,,,
K22,17.18.4,UX2029,,0,UX2029-95,1,21,0,19,2,19,0,18,0,20,,,
K22,17.19.1,UX2029,,0,UX2029-65,0,22,0,23,1,23,1,22,1,21,,,
K22,17.19.2,UX2029,,0,UX2029-34,1,21,1,22,1,19,2,19,2,17,,,
K22,17.19.3,UX2029,,0,UX2029-14,1,21,2,17,0,21,3,20,1,23,,,
K22,17.19.4,UX2029,,0,UX2029-128,1,23,1,23,0,23,1,19,0,20,,,
K22,17.20.1,UX2029,,0,UX2029-43,3,22,2,23,1,24,1,22,1,21,,,
K22,17.20.2,UX2029,,0,UX2029-39,2,21,2,21,4,18,0,21,2,17,,,
K22,17.20.3,UX2029,,0,UX2029-135,1,23,1,22,0,21,1,18,1,22,,,
K22,17.20.4,UX2029,,0,UX2029-24,1,22,1,20,0,23,2,21,3,17,,,
K22,21.1.2,UX1991,,0,UX1991-59,1,21,2,20,1,21,1,23,2,21,3,18,
K22,21.1.3,UX1991,,0,UX1991-3,2,18,2,19,1,21,1,22,1,21,,,
K22,21.1.4,UX1991,,0,UX1991-22,2,18,0,22,2,16,2,21,0,23,,,
K22,21.2.1,UX1991,,0,UX1991-188,0,21,0,17,0,17,0,19,3,13,,,
K22,21.2.2,UX1991,,0,UX1991-10,2,20,3,17,1,18,3,17,2,19,,,
K22,21.2.3,Parent,,0,NC8248-1,3,16,2,17,2,13,4,14,2,16,,,
K22,21.2.4,UX1991,,0,UX1991-58,3,19,3,18,3,18,2,20,2,20,,,
K22,21.3.1,UX1991,,0,UX1991-30,2,18,3,14,2,16,0,21,2,17,,,
K22,21.3.2,UX1991,,0,UX1991-79,1,19,3,19,0,18,0,23,1,21,,,
K22,21.3.3,UX1991,,0,UX1991-5,1,19,2,20,1,19,2,21,1,19,,,
K22,21.3.4,UX1991,,0,UX1991-39,2,20,2,16,1,22,1,23,1,18,,,
K22,21.4.1,UX1991,,0,UX1991-55,1,22,2,21,2,22,2,25,1,21,,,
K22,21.4.2,Parent,,0,AGS2000,1,16,1,19,2,17,3,15,1,18,,,
K22,21.4.3,UX1991,,0,UX1991-29,2,21,3,20,1,18,3,18,2,20,,,
K22,21.4.4,UX1991,,0,UX1991-81,3,21,3,21,2,20,1,22,1,23,,,
K22,21.5.1,Parent,,0,MPV57,1,23,1,23,0,23,3,23,2,19,,,
K22,21.5.2,UX1991,,0,UX1991-80,2,17,1,22,1,18,1,20,0,22,,,
K22,21.5.3,UX1991,,0,UX1991-7,2,20,3,23,3,23,2,23,3,25,,,
K22,21.5.4,UX1991,,0,UX1991-38,3,19,0,22,2,25,2,15,1,22,,,
K22,21.6.1,UX1991,,0,UX1991-78,3,25,3,21,2,22,0,27,2,23,,,
K22,21.6.2,UX1991,,0,UX1991-2,2,19,3,19,3,20,2,20,2,20,,,
K22,21.6.3,UX1991,,0,UX1991-17,2,24,2,23,3,20,3,21,1,22,,,5 broken at base
K22,21.6.4,UX1991,,0,UX1991-67,2,17,1,19,0,22,1,20,,,,,
K22,21.7.1,UX1991,,0,UX1991-83,4,22,4,20,3,22,2,21,2,20,,,
K22,21.7.2,UX1991,,0,UX1991-23,2,24,4,20,2,20,2,21,1,26,,,
K22,21.7.3,UX1991,,0,UX1991-70,0,16,3,19,0,25,3,21,1,21,,,
K22,21.7.4,Parent,,0,Hilliard,0,24,3,19,2,21,5,15,4,17,,,
K22,21.8.1,UX1991,,0,UX1991-12,2,19,3,21,1,17,1,21,0,19,,,
K22,21.8.2,UX1991,,0,UX1991-52,2,21,2,21,3,19,2,20,4,20,,,
K22,21.8.3,UX1991,,0,UX1991-13,3,20,3,21,2,22,3,20,2,23,,,
K22,21.8.4,UX1991,,0,UX1991-21,3,19,4,18,3,19,4,19,4,18,,,
K22,21.9.1,UX1991,,0,UX1991-196,1,21,2,19,3,18,0,22,3,17,,,
K22,21.9.2,Parent,,0,NC08-23383,2,17,2,17,2,22,5,12,1,19,,,
K22,21.9.3,UX1991,,0,UX1991-64,2,17,3,19,1,24,3,18,1,25,,,
K22,21.9.4,Parent,,0,ARGA051160-14LE31,3,19,4,19,5,17,3,19,3,20,,,
K22,21.10.1,UX1991,,0,UX1991-44,0,22,1,20,4,15,1,20,0,14,,,5 broken at base
K22,21.10.2,UX1991,,0,UX1991-48,1,20,1,23,1,17,3,21,2,22,,,
K22,21.10.3,UX1991,,0,UX1991-82,2,19,2,20,2,20,2,18,2,18,,,
K22,21.10.4,UX1991,,0,UX1991-181,2,18,3,21,1,22,3,20,3,22,,,
K22,21.11.1,UX1991,,0,UX1991-47,3,15,3,17,2,18,2,17,4,14,,,
K22,21.11.2,UX1991,,0,UX1991-37,3,17,0,23,3,17,2,19,2,15,,,
K22,21.11.3,UX1991,,0,UX1991-43,3,16,2,19,3,18,1,16,2,16,,,
K22,21.11.4,UX1991,,0,UX1991-41,2,19,3,17,1,19,3,17,2,19,,,
K22,21.12.1,UX1991,,0,UX1991-9,1,24,2,20,2,22,3,19,3,23,,,
K22,21.12.2,UX1991,,0,UX1991-14,3,23,2,22,3,22,5,15,3,21,,,
K22,21.12.3,UX1991,,0,UX1991-42,2,20,3,23,2,19,2,21,2,25,,,
K22,21.12.4,Parent,,0,LA09264C-P2,12,6,2,14,3,15,1,13,1,18,,,1 very thin and shriveled
K22,21.13.1,Parent,,0,TX12D4896,1,19,2,18,2,17,2,17,2,18,,,
K22,21.13.2,UX1991,,0,UX1991-62,2,19,2,18,3,16,3,18,4,14,,,
K22,21.13.3,UX1991,,0,UX1991-6,3,21,3,18,3,17,3,17,0,17,,,5 broken at base
K22,21.13.4,UX1991,,0,UX1991-11,2,20,3,19,1,20,1,18,3,19,,,
K22,21.14.1,UX1991,,0,UX1991-69,8,12,0,18,4,16,2,18,0,20,,,1 shriveled with many spikelets torn off (or halved)
K22,21.14.2,UX1991,,0,UX1991-18,4,19,4,16,4,16,1,24,2,22,,,
K22,21.14.3,Parent,,0,GA06493-13LE6,2,22,3,21,3,20,0,28,2,20,,,
K22,21.14.4,UX1991,,0,UX1991-60,1,23,0,21,4,18,2,22,3,18,,,
K22,21.15.1,UX1991,,0,UX1991-8,2,19,1,21,2,16,3,14,5,13,,,
K22,21.15.2,UX1991,,0,UX1991-34,2,18,3,17,0,22,2,18,3,20,,,
K22,21.15.3,UX1991,,0,UX1991-199,3,19,2,21,3,18,3,19,3,18,,,
K22,21.15.4,UX1991,,0,UX1991-51,2,21,5,16,3,20,2,22,2,20,,,
K22,21.16.1,UX1991,,0,UX1991-74,0,21,1,16,2,18,2,15,2,17,,,
K22,21.16.2,UX1991,,0,UX1991-20,2,18,3,17,2,19,1,21,3,17,,,
K22,21.16.3,Parent,,0,GA05450-EL52,1,19,2,19,2,18,1,20,2,19,,,
K22,21.16.4,UX1991,,0,UX1991-73,2,20,1,22,4,16,2,17,4,16,,,
K22,21.17.1,UX1991,,0,UX1991-71,3,16,0,24,1,21,5,15,3,19,,,
K22,21.17.2,Parent,,0,GA00190-7A14,3,16,3,18,4,15,1,17,3,12,,,5 broken at base
K22,21.17.3,UX1991,,0,UX1991-182,4,16,5,16,4,18,0,23,1,21,,,
K22,21.17.4,UX1991,,0,UX1991-53,2,22,1,24,5,14,4,20,3,21,,,
K22,21.18.1,UX1991,,0,UX1991-36,4,22,2,26,2,23,1,24,3,21,,,
K22,21.18.2,UX1991,,0,UX1991-177,1,21,1,19,2,19,1,23,2,18,,,
K22,21.18.3,UX1991,,0,UX1991-75,2,17,2,18,3,19,3,17,1,21,,,
K22,21.18.4,UX1991,,0,UX1991-35,0,23,2,17,1,19,3,19,3,18,,,
K22,21.19.1,UX1991,,0,UX1991-63,4,17,2,19,2,20,3,19,1,20,,,
K22,21.19.2,UX1991,,0,UX1991-25,2,18,2,16,2,18,2,15,2,17,,,
K22,21.19.3,UX1991,,0,UX1991-1,2,18,2,17,3,17,2,17,1,20,,,
K22,21.19.4,Parent,,0,SS8641,3,18,5,17,5,18,4,18,3,19,,,
K22,21.20.1,Parent,,0,GA001138-8E36,3,21,2,21,3,19,2,17,4,16,,,
K22,21.20.2,UX1991,,0,UX1991-4,3,20,4,17,2,19,3,19,1,18,,,
K22,21.20.3,UX1991,,0,UX1991-72,2,18,1,23,3,20,4,17,3,21,,,
K22,21.20.4,UX1991,,0,UX1991-19,1,24,0,23,2,19,3,19,2,21,,,
K22,26.1.2,UX1993,,1,UX1993-142,2,16,2,18,1,18,2,14,1,16,,,
K22,26.1.3,UX1993,,1,UX1993-94,2,15,2,16,1,16,2,15,1,17,,,
K22,26.1.4,UX1993,,1,UX1993-127,2,21,1,21,3,19,6,15,0,17,,,5 broken at base
K22,26.2.1,UX1993,,1,UX1993-99,1,18,0,21,0,21,2,19,1,17,,,1 2 3 broken at base
K22,26.2.2,UX1993,,1,UX1993-76,0,15,2,15,2,15,2,15,1,17,,,1 broken at base
K22,26.2.3,UX1993,,1,UX1993-106,2,19,0,17,2,18,2,17,2,17,,,
K22,26.2.4,UX1993,,1,UX1993-140,0,15,3,19,3,17,1,16,3,18,,,1 4 broken at base
K22,26.3.1,UX1993,,1,UX1993-115,1,20,3,22,3,17,3,21,2,18,,,
K22,26.3.2,UX1993,,1,UX1993-72,0,22,0,24,0,25,0,22,1,22,,,1 4 broken at base
K22,26.3.3,UX1993,,1,UX1993-79,3,14,1,16,2,15,2,15,2,15,,,
K22,26.3.4,UX1993,,1,UX1993-112,0,16,0,13,0,14,0,19,0,11,,,1 2 3 5 broken at base
K22,26.4.1,UX1993,,1,UX1993-118,1,20,0,19,0,16,0,15,2,17,,,3 4 broken at base
K22,26.4.2,Parent,,1,GA05450-EL52,0,19,0,22,2,18,1,19,0,18,,,5 broken at base
K22,26.4.3,Parent,,1,GA06493-13LE6,0,19,2,17,0,21,1,22,2,17,,,1 broken at base
K22,26.4.4,UX1993,,1,UX1993-104,0,22,0,21,2,21,1,22,1,23,,,
K22,26.5.1,Parent,,1,GA00190-7A14,1,19,0,21,1,19,0,18,2,19,,,
K22,26.5.2,UX1993,,1,UX1993-93,4,15,1,17,4,15,1,16,3,17,,,2 4 broken at base
K22,26.5.3,UX1993,,1,UX1993-98,1,18,3,21,1,20,2,18,2,19,,,
K22,26.5.4,UX1993,,1,UX1993-139,1,9,0,13,1,16,3,14,1,15,,,2 broken at base
K22,26.6.1,UX1993,,1,UX1993-90,2,16,2,17,2,17,0,16,1,16,,,5 broken at base
K22,26.6.2,UX1993,,1,UX1993-68,1,20,1,19,2,19,1,20,1,19,,,
K22,26.6.3,Parent,,1,ARGA051160-14LE31,0,21,1,21,2,21,0,19,1,21,,,1 4 broken at base
K22,26.6.4,UX1993,,1,UX1993-159,1,19,1,18,2,15,2,19,2,17,,,3 broken at base
K22,26.7.1,UX1993,,1,UX1993-97,2,16,2,15,0,18,1,20,2,17,,,3 broken at base
K22,26.7.2,UX1993,,1,UX1993-71,1,20,3,18,2,20,1,19,2,17,,,
K22,26.7.3,UX1993,,1,UX1993-105,1,19,0,16,1,20,2,19,2,16,,,
K22,26.7.4,UX1993,,1,UX1993-63,4,15,3,17,3,15,2,18,2,17,,,
K22,26.8.1,UX1993,,1,UX1993-131,1,16,1,17,0,14,1,18,2,22,,,3 broken at base
K22,26.8.2,Parent,,1,TX12D4896,0,17,2,16,0,17,2,17,0,17,,,1 3 5 broken at base
K22,26.8.3,Parent,,1,MPV57,1,17,1,23,0,23,1,21,1,19,,,1 5 broken at base
K22,26.8.4,UX1993,,1,UX1993-119,0,19,0,19,0,21,0,16,0,12,,,4 5 broken at base
K22,26.9.1,UX1993,,1,UX1993-103,2,21,1,19,2,19,0,20,3,15,,,
K22,26.9.2,UX1993,,1,UX1993-114,1,18,1,19,2,15,3,16,1,18,,,
K22,26.9.3,UX1993,,1,UX1993-62,3,15,0,21,2,13,0,13,4,14,,,
K22,26.9.4,UX1993,,0,UX1993-69,2,18,2,17,1,19,2,15,1,16,0,16,5 6 broken at base
K22,26.10.1,Parent,,0,NC8248-1,2,17,2,15,3,13,2,16,2,16,,,
K22,26.10.2,UX1993,,0,UX1993-78,1,16,2,18,1,16,2,17,1,17,1,15,
K22,26.10.3,UX1993,,0,UX1993-75,4,22,0,21,5,14,0,25,2,21,,,2 broken at base
K22,26.10.4,UX1993,,0,UX1993-137,1,24,0,26,0,22,1,22,1,22,,,
K22,26.11.1,UX1993,,0,UX1993-180,2,17,1,21,2,19,2,18,3,16,,,
K22,26.11.2,UX1993,,0,UX1993-95,2,19,1,18,2,19,1,19,2,18,,,
K22,26.11.3,UX1993,,0,UX1993-66,3,17,4,13,2,16,2,17,3,16,3,15,
K22,26.11.4,Parent,,0,Hilliard,0,22,2,18,1,20,1,22,1,20,,,
K22,26.12.1,UX1993,,0,UX1993-154,1,20,2,18,2,19,2,18,0,19,3,19,
K22,26.12.2,Parent,,0,NC08-23383,1,19,2,19,0,19,1,17,1,18,,,
K22,26.12.3,UX1993,,0,UX1993-65,2,17,2,17,2,19,1,19,5,15,,,
K22,26.12.4,UX1993,,0,UX1993-88,1,14,2,14,2,16,1,16,2,15,,,
K22,26.13.1,UX1993,,0,UX1993-74,1,19,3,18,1,19,3,17,3,14,,,
K22,26.13.2,UX1993,,0,UX1993-82,0,18,1,17,2,17,1,20,0,14,,,5 broken at base
K22,26.13.3,UX1993,,0,UX1993-73,3,17,3,16,2,19,1,18,2,18,,,
K22,26.13.4,UX1993,,0,UX1993-85,1,20,0,21,2,20,1,19,3,19,,,
K22,26.14.1,UX1993,,0,UX1993-150,1,19,1,23,0,19,0,24,2,18,3,21,
K22,26.14.2,Parent,,0,GA001138-8E36,5,16,1,21,1,19,3,18,4,17,,,
K22,26.14.3,UX1993,,0,UX1993-100,3,15,5,14,3,16,1,17,2,16,,,
K22,26.14.4,UX1993,,0,UX1993-67,1,16,2,18,2,15,2,17,2,17,1,14,6 broken at base
K22,26.15.1,UX1993,,0,UX1993-101,2,16,0,19,2,18,0,19,4,14,,,
K22,26.15.2,UX1993,,0,UX1993-96,2,16,2,16,2,20,1,21,2,15,,,
K22,26.15.3,UX1993,,0,UX1993-77,1,21,1,18,0,19,3,18,3,17,,,
K22,26.15.4,UX1993,,0,UX1993-164,5,14,9,12,0,21,0,20,3,19,,,
K22,26.16.1,UX1993,,0,UX1993-122,2,18,2,17,2,18,2,18,2,17,,,
K22,26.16.2,UX1993,,0,UX1993-92,0,23,1,24,0,24,1,22,3,22,,,3 broken at base
K22,26.16.3,UX1993,,1,UX1993-87,1,17,0,21,2,15,1,17,3,18,,,
K22,26.16.4,Parent,,1,AGS2000,3,15,1,19,2,18,0,18,1,14,,,Last two broken
K22,26.17.1,UX1993,,1,UX1993-91,3,15,2,15,2,17,2,17,1,,,,
K22,26.17.2,UX1993,,1,UX1993-70,0,17,2,17,2,16,2,16,0,17,,,
K22,26.17.3,UX1993,,1,UX1993-102,1,19,1,17,1,19,1,21,1,17,,,
K22,26.17.4,UX1993,,1,UX1993-144,1,15,1,19,1,17,1,19,4,15,,,
K22,26.18.1,UX1993,,1,UX1993-113,3,15,0,17,1,15,1,19,1,17,,,
K22,26.18.2,Parent,,1,SS8641,0,17,0,19,0,21,0,19,1,19,,,
K22,26.18.3,UX1993,,1,UX1993-83,1,15,1,17,5,12,4,13,2,13,,,
K22,26.18.4,UX1993,,1,UX1993-174,3,17,1,23,1,19,2,19,2,19,,,
K22,26.19.1,UX1993,,1,UX1993-135,1,20,1,18,0,21,0,21,1,13,,,
K22,26.19.2,UX1993,,1,UX1993-61,1,17,1,14,2,17,1,17,0,21,,,
K22,26.19.3,UX1993,,1,UX1993-80,4,14,2,15,4,14,1,20,3,17,,,
K22,26.19.4,UX1993,,1,UX1993-133,1,19,1,19,1,19,2,17,2,21,,,
K22,26.20.1,UX1993,,1,UX1993-60,2,15,1,19,2,17,2,17,2,13,,,
K22,26.20.2,UX1993,,1,UX1993-155,2,17,1,21,2,21,1,10,2,9,,,
K22,26.20.3,Parent,,1,LA09264C-P2,1,15,2,11,1,14,3,14,3,12,,,
K22,26.20.4,UX1993,,1,UX1993-86,3,14,3,14,2,10,2,17,1,15,,,
K22,29.1.2,UX2023,,1,UX2023-161,1,19,2,20,0,20,1,18,1,20,,,
K22,29.1.3,UX2023,,1,UX2023-49,2,17,2,19,1,18,1,18,1,19,,,
K22,29.1.4,UX2023,,1,UX2023-127,2,18,1,20,2,19,1,21,1,20,,,
K22,29.2.1,UX2023,,1,UX2023-38,0,19,0,21,0,19,0,22,1,20,,,
K22,29.2.2,UX2023,,1,UX2023-130,3,17,2,18,2,19,2,19,2,18,,,
K22,29.2.3,UX2023,,1,UX2023-151,2,18,1,21,1,20,0,23,1,18,,,
K22,29.2.4,Parent,,1,ARGA051160-14LE31,2,20,3,18,1,20,4,15,3,18,,,
K22,29.3.1,UX2023,,1,UX2023-165,3,15,2,17,2,17,1,18,4,16,,,
K22,29.3.2,Parent,,1,GA00190-7A14,1,17,1,17,3,18,0,13,0,18,,,
K22,29.3.3,UX2023,,1,UX2023-15,1,22,1,20,2,19,2,19,0,20,,,4 might be +1 aborted
K22,29.3.4,UX2023,,1,UX2023-142,1,20,5,14,2,21,2,20,4,19,,,
K22,29.4.1,UX2023,,1,UX2023-152,2,19,1,19,6,18,0,21,0,21,,,3 tip aborted
K22,29.4.2,UX2023,,1,UX2023-146,2,17,2,17,2,19,3,19,1,19,,,
K22,29.4.3,UX2023,,1,UX2023-169,2,19,0,24,1,18,0,21,3,17,,,
K22,29.4.4,UX2023,,1,UX2023-29,6,13,2,17,2,14,2,16,2,15,,,
K22,29.5.1,UX2023,,1,UX2023-166,3,16,3,18,2,19,1,21,1,19,,,
K22,29.5.2,UX2023,,1,UX2023-31,1,18,1,17,1,19,1,21,0,20,,,
K22,29.5.3,Parent,,1,NC8248-1,2,17,2,17,1,17,2,12,2,15,,,
K22,29.5.4,UX2023,,1,UX2023-162,2,18,1,17,2,18,2,18,0,20,,,
K22,29.6.1,Parent,,1,Hilliard,1,20,2,18,2,19,2,19,2,18,,,
K22,29.6.2,UX2023,,1,UX2023-158,2,17,2,19,3,19,2,15,3,15,,,
K22,29.6.3,UX2023,,1,UX2023-148,5,18,3,18,3,19,3,16,3,17,,,
K22,29.6.4,UX2023,,1,UX2023-25,3,16,6,13,0,17,2,15,1,15,,,
K22,29.7.1,UX2023,,1,UX2023-155,2,8,2,16,2,15,4,14,2,17,,,"1st may have been broken, uncertain"
K22,29.7.2,UX2023,,1,UX2023-43,1,16,1,17,2,15,2,16,3,14,,,
K22,29.7.3,UX2023,,1,UX2023-168,1,19,2,17,1,20,3,19,3,17,,,
K22,29.7.4,UX2023,,1,UX2023-159,2,16,1,18,1,18,1,18,3,15,,,
K22,29.8.1,UX2023,,1,UX2023-147,1,18,2,20,2,16,1,17,2,17,,,
K22,29.8.2,Parent,,1,AGS2000,2,17,2,15,1,19,2,15,0,19,,,
K22,29.8.3,UX2023,,1,UX2023-163,2,19,4,16,1,22,3,18,2,20,,,
K22,29.8.4,UX2023,,1,UX2023-34,3,19,3,21,2,19,4,18,2,20,,,
K22,29.9.1,UX2023,,1,UX2023-26,0,22,0,22,1,20,2,18,1,18,,,
K22,29.9.2,UX2023,,1,UX2023-149,2,21,1,21,0,22,2,19,3,20,,,
K22,29.9.3,Parent,,1,GA05450-EL52,1,20,1,21,3,14,1,19,1,18,,,
K22,29.9.4,UX2023,,1,UX2023-145,4,15,2,21,1,23,3,20,2,22,,,
K22,29.10.1,UX2023,,1,UX2023-167,2,19,3,17,2,16,3,14,4,17,,,
K22,29.10.2,UX2023,,1,UX2023-35,0,23,0,16,3,16,2,20,3,20,,,
K22,29.10.3,UX2023,,1,UX2023-154,3,22,3,18,1,24,3,19,2,18,,,
K22,29.10.4,UX2023,,1,UX2023-45,5,13,2,22,1,23,1,21,4,17,,,
K22,29.11.1,UX2023,,1,UX2023-52,2,20,2,19,2,19,1,23,2,23,,,
K22,29.11.2,Parent,,1,SS8641,0,21,1,20,3,19,1,23,1,19,,,
K22,29.11.3,UX2023,,1,UX2023-20,0,25,1,23,0,25,1,21,0,25,,,
K22,29.11.4,UX2023,,1,UX2023-156,2,19,3,16,2,21,4,17,4,17,,,
K22,29.12.1,UX2023,,1,UX2023-137,2,21,3,18,2,20,0,23,0,24,,,
K22,29.12.2,UX2023,,1,UX2023-39,2,17,3,16,2,18,2,17,,,,,
K22,29.12.3,Parent,,1,GA001138-8E36,2,20,9,15,0,21,2,18,1,21,,,
K22,29.12.4,UX2029,,0,UX2029-109,2,21,2,21,2,21,5,17,7,14,,,
K22,29.13.1,UX2023,,0,UX2023-46,3,15,3,17,1,18,2,19,0,24,,,
K22,29.13.2,UX2029,,0,UX2029-195,0,21,2,20,2,22,1,23,1,22,,,
K22,29.13.3,UX2029,,0,UX2029-181,3,20,1,22,5,16,2,20,2,22,,,
K22,29.13.4,UX2023,,0,UX2023-27,4,16,2,19,1,20,2,19,1,18,,,
K22,29.14.1,Parent,,0,NC08-23383,0,18,1,17,1,17,1,21,0,21,,,
K22,29.14.2,UX2023,,0,UX2023-28,3,17,2,20,2,20,2,20,3,14,,,
K22,29.14.3,UX2023,,0,UX2023-40,4,16,4,16,3,16,0,21,2,19,,,
K22,29.14.4,UX2029,,0,UX2029-172,2,18,3,18,4,14,0,20,0,22,,,
K22,29.15.1,UX2029,,0,UX2029-202,0,28,0,28,0,23,1,24,1,23,0,26,
K22,29.15.2,UX2023,,0,UX2023-160,2,21,2,20,1,21,0,22,3,21,,,
K22,29.15.3,UX2029,,0,UX2029-48,0,24,6,16,2,19,0,17,4,17,,,
K22,29.15.4,Parent,,0,LA09264C-P2,1,18,0,17,3,16,1,17,2,14,,,
K22,29.16.1,UX2023,,0,UX2023-36,0,23,2,18,4,17,3,17,1,19,,,
K22,29.16.2,UX2029,,0,UX2029-115,1,22,0,4,0,22,2,19,1,18,,,
K22,29.16.3,UX2029,,0,UX2029-57,3,20,2,22,0,23,2,23,2,24,,,
K22,29.16.4,UX2029,,0,UX2029-79,2,25,1,24,2,23,1,22,2,22,,,
K22,29.17.1,UX2029,,0,UX2029-81,1,21,0,20,0,23,0,24,3,19,,,
K22,29.17.2,UX2029,,0,UX2029-47,0,20,4,17,2,17,2,18,4,17,,,
K22,29.17.3,Parent,,0,MPV57,3,22,3,22,3,20,2,24,3,22,,,
K22,29.17.4,UX2029,,0,UX2029-175,3,18,4,22,1,22,0,25,4,20,,,
K22,29.18.1,Parent,,0,TX12D4896,1,17,2,18,1,18,2,18,3,16,1,19,
K22,29.18.2,UX2029,,0,UX2029-203,1,23,1,23,1,25,2,21,0,25,0,22,
K22,29.18.3,UX2029,,0,UX2029-108,2,22,2,21,2,23,1,22,3,20,,,
K22,29.18.4,UX2023,,0,UX2023-200,0,22,1,20,0,18,2,19,0,19,0,21,
K22,29.19.1,UX2029,,0,UX2029-179,0,20,3,17,1,19,3,16,1,21,,,
K22,29.19.2,UX2023,,0,UX2023-37,0,19,2,20,1,21,1,15,3,21,,,
K22,29.19.3,UX2029,,0,UX2029-201,0,24,1,23,0,25,2,25,1,23,,,
K22,29.19.4,UX2029,,0,UX2029-89,1,24,2,23,1,21,0,26,4,16,,,
K22,29.20.1,UX2029,,0,UX2029-105,1,21,1,22,2,20,0,21,1,21,,,
K22,29.20.2,UX2029,,0,UX2029-185,2,21,2,19,1,21,3,19,6,14,2,23,
K22,29.20.3,UX2029,,0,UX2029-165,2,20,0,19,2,19,1,20,0,22,3,20,
K22,29.20.4,Parent,,0,GA06493-13LE6,0,22,2,21,3,18,2,22,3,21,,,