"","AA","BB","intercept"
"S1B_6678732",0.0923131676242122,-0.0923131676242122,79.3970990475342
"S1B_6758665",-0.482720000006637,0.482720000006637,79.3714451745166
"S1B_6783243",-0.482720000006623,0.482720000006637,79.3714451745166
"S1B_7070251",-0.0818852742533522,0.0818852742533522,79.3876796999193
"S1B_7989396",1.21375721104108,-1.21375721104107,79.3436070824435
"S1B_8181676",-0.436085762955713,0.436085762955713,79.3934283041845
"S1B_8866241",-1.18172262378506,1.18172262378506,79.5334529736159
"S1B_9007028",0.113009181099841,-0.113009181099841,79.3912198566826
"S1B_9270112",-0.314575001399248,0.314575001399248,79.3502768886181
"S1B_9291961",-0.795899060139462,0.795899060139462,79.4419121982807
"S1B_10014975",0.95146502091734,-0.95146502091734,79.274512822424
"S1B_11408550",1.16577826077204,-1.16577826077204,79.4763775162149
"S1B_11881992",-0.65305334413361,0.65305334413361,79.6163982065311
"S1B_12778797",-0.879337947317808,0.879337947317808,79.5475114828695
"S1B_13629533",2.53244421395171,-2.53244421395171,79.153394347219
"S1B_17350160",0.716307657081131,-0.716307657081131,79.315354151667
"S1B_17568004",2.40641708380181,-2.4064170838018,78.5469344957433
"S1B_17836570",1.17134815460543,-1.17134815460543,79.0679657991677
"S1B_21523313",-0.744566863487833,0.744566863487833,79.3320675191309
"S1B_45803760",-1.56594550950663,1.56594550950662,79.3826051232892
"S1B_46228373",0.350431278857855,-0.35043127885784,79.400608919084
"S1B_48279869",0.844955083835004,-0.844955083835004,79.5227967063807
"S1B_56536392",0.236288058552589,-0.236288058552589,79.3941735842224
"S1B_57687500",0.454183890744105,-0.454183890744105,79.3961202094343
"S1B_176291120",-0.22753837273072,0.22753837273072,79.4467191323658
"S1B_181218252",-0.22753837273072,0.22753837273072,79.4467191323658
"S1B_324358106",1.62587046276471,-1.62587046276471,79.1364263916822
"S1B_329299066",-0.637889829974895,0.637889829974895,79.3903985173522
"S1B_563030530",-0.881945890066547,0.881945890066547,79.4589441960418
"S1B_576555765",1.06388759616975,-1.06388759616975,79.2408576517087
"S1B_585322218",0.2480942569305,-0.248094256930514,79.3918678820461
"S1B_591364719",0.954736151370156,-0.954736151370156,79.3297274167001
"S1B_669955527",1.54030369878222,-1.54030369878222,79.1873753392513
"S2A_431080012",-0.99639608562866,0.99639608562866,79.5349042098425
"S2A_514858401",-0.610560057219075,0.610560057219061,79.3715240373444
"S2B_2416583",-1.0783103596503,1.0783103596503,79.5998707735385
"S2B_24883480",-0.0586194316567656,0.0586194316567656,79.3888458201766
"S2B_24887574",0.947167380761371,-0.947167380761371,79.3185136475483
"S2B_236583799",0.430139521883973,-0.430139521883987,79.3828043526741
"S2B_391103173",0.113979236560183,-0.113979236560169,79.3827540195391
"S2B_399354475",-0.573343623289944,0.573343623289944,79.4454826086865
"S2B_409664093",1.25992786383996,-1.25992786383996,79.3180955985319
"S2B_412775324",-0.228492648176157,0.228492648176172,79.4106989404805
"S2B_452775448",-0.763775831143249,0.763775831143235,79.2866453309002
"S2B_475610611",0.0986803911978171,-0.0986803911978029,79.3900802443589
"S2B_528879939",-0.992467079703943,0.992467079703928,79.5316467261137
"S2B_565059786",0.523136204819622,-0.523136204819622,79.3561848496412
"S2B_601784525",-1.21034525733097,1.21034525733096,79.4562569505374
"S2D_29322309",0.032353248661579,-0.0323532486615647,79.3800600977223
"S2D_29712561",-2.28481867400514,2.28481867400515,79.6623030299377
"S2D_62615629",0.0703322126580872,-0.070332212658073,79.3933191068623
"S2D_63526400",-1.00662375229142,1.00662375229143,79.4239520912068
"S2D_69503850",1.55468108291825,-1.55468108291824,79.5237550431655
"S2D_69798438",-2.56832213547567,2.56832213547565,79.5944884745669
"S2D_70643043",-0.353904635451656,0.353904635451656,79.3504742763268
"S2D_78710082",-0.172760851531422,0.172760851531422,79.3841611167897
"S2D_80041990",-0.0365640535080871,0.0365640535080871,79.3966143209225
"S2D_80219965",0.357946373297665,-0.357946373297665,79.4062082561608
"S2D_82867231",-1.55278959850742,1.55278959850742,79.4685975812981
"S2D_87257267",-1.93652215392864,1.93652215392865,80.463067576521
"S2D_556012409",1.16805064699557,-1.16805064699555,79.2673979092524
"S2D_572734652",-0.773771446614219,0.773771446614234,79.3963128175401
"S2D_572734692",3.01418714896384,-3.01418714896383,79.5227741680992
"S2D_575686517",1.15780335517761,-1.15780335517759,79.2688066054677
"S2D_576583174",-0.110441883326686,0.110441883326686,79.3995176811401
"S2D_579060491",0.677693598889618,-0.677693598889618,79.3557409167792
"S3A_20359693",0.48532557893482,-0.48532557893482,79.3922102007672
"S3A_21265218",0.453041292687629,-0.453041292687644,79.3633352724109
"S3A_21787498",-1.70104939648418,1.70104939648418,79.4814984366825
"S3A_21799570",-1.70104939648418,1.70104939648418,79.4814984366825
"S3A_22127712",1.45816232051071,-1.4581623205107,79.3575401288378
"S3A_23394072",-0.46751145983896,0.46751145983896,79.4224890933889
"S3A_23651474",-1.06169963735972,1.06169963735971,79.2793342868774
"S3A_24532914",0.982990432666654,-0.982990432666639,79.3596779435584
"S3A_24612138",-0.0138614912398651,0.0138614912398509,79.3886868308318
"S3A_24747957",0.815732270095509,-0.815732270095495,79.4109318372257
"S3A_57726225",0.369839587546849,-0.369839587546835,79.326460604927
"S3A_58926867",-0.467372532986928,0.467372532986914,79.3747164495535
"S3A_61079220",-0.768488974617298,0.768488974617298,79.5376687025349
"S3A_65967808",0.783003868604169,-0.783003868604183,79.3310233875754
"S3B_17397463",-3.11179148032858,3.11179148032859,81.2879855922862
"S3B_20732562",1.17006637803364,-1.17006637803365,78.9148996521793
"S3B_493277220",0.996588237739928,-0.996588237739928,79.2790385394605
"S3B_684637600",0.000697069593186939,-0.000697069593172728,79.3893369506422
"S3B_685317195",-0.0166511271816034,0.0166511271816034,79.3885578989891
"S3B_692021127",0.304580216818565,-0.304580216818579,79.4037801105278
"S3B_700927199",-1.95667601715562,1.95667601715562,79.5318190653668
"S3B_711110662",0.262668541053628,-0.262668541053614,79.3593327509477
"S3B_711349262",0.142120419170411,-0.142120419170411,79.3861145588562
"S3B_714997886",0.238649646659539,-0.238649646659539,79.4040020427777
"S3B_716317143",-0.958146844480936,0.958146844480936,79.4603509492854
"S3B_719851432",-0.427174936750575,0.427174936750575,79.3797566988684
"S3B_723475209",-0.870293834323974,0.870293834323974,79.4769876547088
"S3B_818316042",-1.25117030168052,1.25117030168052,79.4090432399733
"S3B_818336541",-1.25117030168052,1.25117030168052,79.4090432399733
"S3B_818410201",-1.0418534381722,1.0418534381722,79.4961985264795
"S3B_821436982",1.07633870083168,-1.07633870083168,79.3006677620157
"S3B_821704372",-0.373781974856726,0.373781974856712,79.4715576446784
"S3B_822180082",1.19990814828627,-1.19990814828628,79.4309225390553
"S3B_824290073",0.0320007373679232,-0.0320007373679232,79.3871048552701
"S3B_825427364",-0.0601333411646863,0.0601333411646721,79.3842497122534
"S3B_825490212",-0.428618472454176,0.42861847245419,79.3808073569495
"S3B_825523828",-1.33061817017563,1.33061817017561,79.5518792687579
"S3B_825887076",2.00606247638166,-2.00606247638166,79.3577176792263
"S3B_825992776",0.439662872932644,-0.439662872932644,79.3332908137662
"S3B_826500808",0.447674933900444,-0.447674933900444,79.4281807696737
"S3B_826652050",0.331894131205601,-0.331894131205601,79.3956652462536
"S3B_826723275",0.990636411330883,-0.990636411330868,79.5395143776079
"S3B_826916980",1.32360683120859,-1.32360683120858,79.3912626963136
"S3B_827274559",-1.7331767232306,1.7331767232306,80.1119382473954
"S3B_827445115",-0.999163873606605,0.999163873606619,79.2780174753945
"S3B_827447768",-0.0504192051611341,0.0504192051611199,79.3922405536457
"S3B_829250705",0.700468352805729,-0.700468352805714,79.292130563674
"S3B_829355285",0.607967969867573,-0.607967969867573,79.4857148632318
"S3B_829359363",-1.30241394516194,1.30241394516193,79.5218840576076
"S3B_829558794",-0.1053446648895,0.1053446648895,79.4114791865795
"S4A_58223442",0.64776670034577,-0.647766700345784,79.3701391897779
"S4A_137557861",-0.0590060167150739,0.0590060167150739,79.3930523438309
"S4A_167769946",-0.166845591063932,0.166845591063932,79.378099289933
"S4A_182920543",-0.099868652568432,0.099868652568432,79.3992393598861
"S4A_227691695",0.807564233031755,-0.807564233031769,79.3075199892182
"S4A_350001495",-0.862786426076255,0.862786426076255,79.4575726900287
"S4A_352495200",-0.342782223597325,0.342782223597325,79.4337220117704
"S4A_440033637",-0.741475026399144,0.741475026399158,79.4477248805646
"S4A_538895487",-2.63295244470423,2.63295244470423,79.5279775726628
"S4A_544067894",-0.518062583086234,0.518062583086234,79.4368025503482
"S4A_544628546",1.26235413312278,-1.26235413312277,79.4225704064092
"S4A_552215864",1.51226088134719,-1.51226088134719,79.4834885454416
"S4A_559591696",0.553747702787888,-0.553747702787888,79.2924703016475
"S4A_566299349",0.00328345633968752,-0.00328345633968752,79.3894447435341
"S4A_669386657",1.74570810656017,-1.74570810656017,79.287532054643
"S4A_669437576",-1.01771455704765,1.01771455704765,79.3732590653683
"S4A_702066266",-0.132529576835324,0.13252957683531,79.3884417720021
"S4A_703230340",-0.348293518525296,0.34829351852531,79.3822266613163
"S4A_703230353",0.858660783100333,-0.858660783100333,79.4108683715817
"S4A_708631185",-0.0642169950886569,0.0642169950886569,79.3864631196342
"S4A_712109101",0.805831337093466,-0.805831337093466,79.4044988185289
"S4A_712514864",-0.675340391004866,0.675340391004866,79.439074071353
"S4A_712956118",-0.0089845229952914,0.0089845229952914,79.388526343539
"S4A_713489303",0.776330303506114,-0.776330303506114,79.3004049365664
"S4A_713494076",0.366006573889265,-0.36600657388928,79.3957536442829
"S4A_715808440",1.89496309984249,-1.8949630998425,79.2490226263276
"S4A_716834679",1.39267842622588,-1.3926784262259,79.5484389145792
"S4A_717050504",-1.67145460417912,1.67145460417912,79.6655589963371
"S4A_717050542",0.18615876188187,-0.186158761881885,79.311838139651
"S4A_717638864",0.347031483266917,-0.347031483266903,79.3767788006645
"S4A_719871939",0.177895245140448,-0.177895245140434,79.3599774138787
"S4A_722925459",0.613735827695137,-0.613735827695152,79.3001394040574
"S4A_723640688",1.72867332834481,-1.72867332834483,79.1153489774127
"S4A_725505202",0.746055495061711,-0.746055495061697,79.4467542605344
"S4A_725538462",0.480018966725737,-0.480018966725723,79.3539759632414
"S4D_469162644",1.20580662893984,-1.20580662893983,79.1949444263216
"S4D_476400302",2.52869369824008,-2.52869369824008,78.0127115520081
"S5A_38123308",0.18792841543268,-0.18792841543268,79.381053577595
"S5A_51793344",0.884714529992209,-0.884714529992209,79.3405166220578
"S5A_75355976",-1.02194127374668,1.02194127374668,79.4219077015967
"S5A_164067869",2.25478144816528,-2.25478144816529,79.2897988080971
"S5A_169302618",-0.353331119169766,0.353331119169766,79.3823753567742
"S5A_172051117",1.03390491896539,-1.03390491896539,79.2607967587121
"S5A_174574211",-0.714528995868946,0.714528995868946,79.3491335705569
"S5A_304540878",1.96218631897995,-1.96218631897993,78.9920881478125
"S5A_305787170",0.473270445774745,-0.473270445774745,79.4184503347924
"S5A_494870877",-1.76329872511745,1.76329872511747,79.7416249053403
"S5A_566169790",0.165513153452579,-0.165513153452579,79.3695493464724
"S5A_575821560",-1.39807839769341,1.3980783976934,79.3846487421448
"S5A_577827993",0.816022014451619,-0.816022014451605,79.4968583808868
"S5A_577963056",2.3681816997309,-2.36818169973088,78.4582274493253
"S5A_578110962",0.968473594535709,-0.968473594535709,79.2599870621931
"S5A_578449873",0.968473594535709,-0.968473594535709,79.2599870621931
"S5A_578832139",-0.494427826310996,0.494427826311011,79.3418316542627
"S5A_580797168",-0.275602570864351,0.275602570864365,79.4664686985398
"S5A_584456955",0.814748724170812,-0.814748724170826,79.5765843816063
"S5A_585018041",-0.0102456696849629,0.0102456696849771,79.3898285117775
"S5A_585200466",-0.448723018308016,0.44872301830803,79.4187601622194
"S5A_585223490",-1.81031311891678,1.81031311891677,79.4988388325193
"S5A_597750832",1.58051352850595,-1.58051352850596,79.0878797646388
"S5A_608879339",-1.68032179244642,1.68032179244642,79.7859967873583
"S5B_63845743",1.60946342148138,-1.60946342148137,79.0257816257868
"S5D_543847335",-0.648409836360514,0.648409836360528,79.4295267890153
"S5D_544153906",-0.62514576288801,0.62514576288801,79.4295690675482
"S5D_548355090",-1.25068556710566,1.25068556710565,79.4645544511528
"S5D_548554235",-0.225753904469883,0.225753904469883,79.3769543294026
"S5D_549580733",0.493290309922799,-0.493290309922799,79.3772793842831
"S6A_812787",1.30787671868312,-1.3078767186831,79.2041574749716
"S6A_30379878",-1.13270437119321,1.13270437119323,79.407099699445
"S6A_32900471",-0.655547012170885,0.655547012170885,79.3889083017212
"S6A_35637975",1.57520493116833,-1.57520493116834,79.2442925129918
"S6A_36702322",-0.237114610433395,0.23711461043338,79.3879053717029
"S6A_36724475",1.2880314309698,-1.2880314309698,79.2291547339362
"S6A_36948651",0.814964494600446,-0.81496449460046,79.4190469741725
"S6A_49099565",-0.136629012994419,0.136629012994419,79.4142579062582
"S6A_49121133",0.0889942347434243,-0.0889942347434243,79.3710378563023
"S6A_49870909",0.55032192231252,-0.550321922312506,79.4141762260272
"S6A_49870910",-0.485717737706565,0.485717737706565,79.3444706661666
"S6A_51375466",0.504872233669161,-0.504872233669147,79.343629354366
"S6A_52784339",-0.022783679389093,0.022783679389093,79.3906645117126
"S6A_58591286",0.0158298615273935,-0.0158298615274077,79.3917045584822
"S6A_60589355",-0.371801107910301,0.371801107910315,79.3590765588902
"S6A_63178124",-0.951519259573587,0.951519259573573,79.4175738791595
"S6A_64351211",0.372446785962467,-0.372446785962467,79.3622729730655
"S6A_67026538",-0.545615472379396,0.545615472379396,79.3984625418733
"S6A_67484956",0.0488021032413286,-0.0488021032413286,79.3953407366782
"S6A_70030161",1.014791467832,-1.014791467832,79.1687761235698
"S6A_70239703",-0.127941174236724,0.12794117423671,79.3862283662733
"S6A_74563468",0.561555142699333,-0.561555142699348,79.363530720944
"S6A_76625816",0.221309716259796,-0.221309716259796,79.3999262547077
"S6A_78032830",-0.448063530194091,0.448063530194077,79.3815760769135
"S6A_83497692",-0.615630033017396,0.615630033017382,79.3851013596466
"S6A_86027142",-0.145247585329372,0.145247585329386,79.3848802738394
"S6A_90214473",0.483436920688121,-0.483436920688135,79.3181817567793
"S6A_92886996",-2.44391512626039,2.44391512626039,79.2612703564653
"S6A_96130216",0.195104131971689,-0.195104131971704,79.3819865585915
"S6A_96790897",-3.34810444113769,3.34810444113769,79.4067198451175
"S6A_98064510",-0.797119611648455,0.797119611648455,79.4755626939056
"S6A_98211529",-1.40639258682231,1.40639258682229,79.4444543366304
"S6A_99795250",-0.387188410794622,0.387188410794622,79.3698818624305
"S6A_99969813",2.7455517260136,-2.7455517260136,79.2721478987464
"S6A_100062732",0.924944325844365,-0.924944325844365,79.4848547793991
"S6A_106080668",0.736366289372256,-0.736366289372256,79.4614488629948
"S6A_106479262",-0.506625838408354,0.50662583840834,79.3562544954298
"S6A_108213749",1.50699758758694,-1.50699758758694,79.3282724851223
"S6A_113174486",-0.450123518506231,0.450123518506231,79.4487693688506
"S6A_123541747",1.27028777567867,-1.27028777567867,79.3824994053419
"S6A_146443230",-0.635721718664627,0.635721718664627,79.3568707864976
"S6A_157164059",0.405176646728904,-0.405176646728904,79.3478822988155
"S6A_192541070",-0.384496571016328,0.384496571016328,79.3832540655525
"S6A_199016558",-0.218913144138327,0.218913144138327,79.3718085792949
"S6A_266973567",1.40083835618728,-1.40083835618726,79.565746272387
"S6A_339647726",0.693000142154574,-0.693000142154574,79.2674749624169
"S6A_361416406",1.73044766661961,-1.73044766661963,79.2285470778221
"S6A_378862010",-0.15370118220487,0.15370118220487,79.4211002843714
"S6A_421525668",-0.237835674134871,0.237835674134885,79.3755466729038
"S6A_421525674",-1.39999023101612,1.39999023101612,79.7060218062204
"S6A_428106357",0.377266251665731,-0.377266251665731,79.3884513306338
"S6A_447878636",-0.874710864489586,0.874710864489586,79.4644272886849
"S6A_448055504",-0.149796915322767,0.149796915322767,79.3879735735254
"S6A_449689420",0.332393418182178,-0.332393418182164,79.4090727432868
"S6A_449807950",0.321245220592004,-0.321245220592004,79.3570232738041
"S6A_449964357",0.817658726639735,-0.817658726639735,79.4110681426923
"S6A_459678701",-0.957622766547075,0.957622766547061,79.4588258254923
"S6A_469551147",-0.0848298238656895,0.0848298238657037,79.3879426837657
"S6A_473574940",-0.187049572961541,0.187049572961541,79.388705376336
"S6A_499197587",-0.192896771828046,0.192896771828032,79.3975076566578
"S6A_520667476",0.179346512043551,-0.179346512043566,79.3816357176258
"S6A_520845639",0.831210933112018,-0.831210933112004,79.3719640703309
"S6A_524060173",0.098145522359971,-0.098145522359971,79.3869693272594
"S6A_538501148",-0.3896451480515,0.389645148051514,79.437483899375
"S6A_555753441",2.62891664693257,-2.62891664693255,79.0743942410699
"S6A_555860128",-0.566874305416661,0.566874305416647,79.323157755753
"S6A_559740187",-0.665426752189688,0.665426752189688,79.3527316000166
"S6A_563486116",0.0560110853797227,-0.0560110853797227,79.388464555819
"S6A_566421913",0.616927234598506,-0.616927234598521,79.3401755268034
"S6A_568516292",0.216464207138344,-0.216464207138358,79.3887589547251
"S6A_573489517",-0.49129590955522,0.49129590955522,79.4032994173356
"S6B_715699101",1.29229623618298,-1.29229623618298,78.8482510787337
"S7A_694447368",0.939546710439771,-0.939546710439757,79.0338114017703
