Location,Id,HD
Raleigh21,UX2028-243,101
Raleigh21,UX2028-242,103
Raleigh21,UX2028-241,102
Raleigh21,UX2028-240,107
Raleigh21,UX2028-247,108
Raleigh21,UX2028-246,104
Raleigh21,UX2028-245,113
Raleigh21,UX2028-244,102
Raleigh20,UX1994-48,99
Raleigh21,UX2028-249,104
Raleigh21,UX2028-248,104
Raleigh21,UX2028-254,103
Raleigh21,UX2028-253,102
Raleigh21,UX2028-252,104
Raleigh21,UX2028-251,108
Raleigh21,UX2028-258,100
Raleigh21,UX2028-257,107
Raleigh21,UX2028-255,104
Raleigh21,UX2028-250,107
Raleigh20,UX1990-106,95
Raleigh21,UX2028-259,107
Raleigh21,UX2028-265,104
Raleigh21,UX2028-264,106
Raleigh21,UX2028-263,107
Raleigh21,UX2028-262,107
Raleigh21,UX2028-269,108
Raleigh21,UX2028-268,107
Raleigh21,UX2028-267,102
Raleigh20,UX1994-77,97
Raleigh21,UX2028-266,107
Raleigh21,UX2028-261,104
Raleigh21,UX2028-260,107
Raleigh21,UX2028-273,101
Raleigh21,UX2028-272,108
Raleigh21,UX2028-271,106
Raleigh21,UX2028-270,104
Raleigh21,UX2028-203,103
Raleigh21,UX2028-201,103
Raleigh21,UX2028-200,108
Raleigh21,UX2028-207,107
Raleigh21,UX2028-204,105
Raleigh21,UX2028-209,108
Raleigh21,UX2028-208,103
Raleigh21,UX2028-210,110
Raleigh21,UX2028-212,108
Raleigh21,UX2028-211,105
Raleigh21,UX2028-218,104
Raleigh21,UX2028-217,108
Raleigh21,UX2028-216,105
Raleigh21,UX2028-219,110
Raleigh21,UX2028-221,108
Raleigh21,UX2028-220,107
Raleigh21,UX2028-223,108
Raleigh21,UX2028-229,103
Raleigh21,UX2028-228,103
Raleigh21,UX2028-227,110
Raleigh21,UX2028-226,102
Raleigh20,UX1994-208,100
Raleigh21,UX2028-232,106
Raleigh21,UX2028-231,103
Raleigh21,UX2028-230,105
Raleigh21,UX2028-235,105
Raleigh21,UX2028-234,102
Raleigh20,UX2029-26,101
Raleigh21,UX2028-233,108
Raleigh21,UX2028-239,104
Raleigh21,UX2028-238,109
Raleigh20,UX2029-93,102
Raleigh20,UX2029-92,102
Raleigh20,UX2029-91,101
Raleigh20,UX2029-86,101
Raleigh20,UX2029-85,98
Raleigh21,UX2029-83,112
Raleigh20,UX2029-89,106
Raleigh20,UX2029-87,100
Raleigh20,UX1994-108,97
Raleigh20,UX2029-58,101
Raleigh20,UX2029-97,100
Raleigh20,UX2029-96,99
Raleigh20,UX2029-95,101
Raleigh20,UX2029-94,101
Raleigh20,UX2029-99,99
Raleigh20,UX2029-98,98
Raleigh20,UX2029-71,98
Raleigh20,UX2029-70,97
Raleigh20,UX2029-69,105
Raleigh20,UX2029-64,100
Raleigh20,UX2029-63,100
Raleigh20,UX2029-62,99
Raleigh20,UX2029-68,97
Raleigh21,UX2029-67,113
Raleigh20,UX2029-66,101
Raleigh20,UX2029-65,97
Raleigh21,UX2029-82,112
Raleigh20,UX2029-81,100
Raleigh20,UX2029-80,101
Raleigh20,UX2029-75,102
Raleigh20,UX2029-74,102
Raleigh20,UX2029-73,102
Raleigh20,UX2029-72,102
Raleigh20,UX2029-79,99
Raleigh20,UX2029-78,103
Raleigh20,UX2029-77,100
Raleigh20,UX2029-76,99
Raleigh20,UX2029-49,98
Raleigh20,UX2029-48,100
Raleigh20,UX2029-47,99
Raleigh21,UX2029-42,110
Raleigh20,UX2029-41,102
Raleigh20,UX2029-40,98
Raleigh20,UX2029-46,99
Raleigh20,UX2029-45,102
Raleigh20,UX2029-44,101
Raleigh21,UX2029-43,112
Raleigh20,UX2029-60,105
Raleigh20,UX2029-59,102
Raleigh20,UX2029-53,99
Raleigh20,UX2029-52,99
Raleigh20,UX2029-51,101
Raleigh20,UX2029-50,99
Raleigh20,UX2029-57,99
Raleigh20,UX2029-56,100
Raleigh20,UX2029-55,102
Raleigh20,UX2029-54,102
Raleigh21,UX2029-28,113
Raleigh20,UX2029-25,105
Raleigh20,UX2029-29,98
Raleigh20,UX2029-20,103
Raleigh20,UX2029-24,98
Raleigh20,UX2029-23,97
Raleigh20,UX2029-22,101
Raleigh20,UX2029-21,106
Raleigh20,UX2029-39,102
Raleigh20,UX2029-38,99
Raleigh20,UX2029-37,100
Raleigh20,UX2029-36,99
Raleigh20,UX2029-31,101
Raleigh20,UX2029-30,103
Raleigh20,UX2029-35,99
Raleigh20,UX2029-34,98
Raleigh20,UX2029-32,100
Raleigh20,UX1992-3,101
Raleigh20,UX1992-2,104
Raleigh20,UX1992-8,102
Raleigh20,UX1992-7,96
Raleigh20,UX1992-6,97
Raleigh20,UX1992-5,104
Raleigh20,UX1992-9,102
Raleigh20,UX1994-70,97
Raleigh20,UX1994-215,96
Raleigh20,UX1990-37,122
Raleigh21,UX2031-140,105
Raleigh20,UX1990-35,103
Raleigh20,UX1990-34,95
Raleigh20,UX1990-33,101
Raleigh20,UX1990-32,120
Raleigh20,UX1990-31,90
Raleigh20,UX1990-30,96
Raleigh21,UX2031-139,102
Raleigh21,UX2031-135,108
Raleigh21,UX2031-134,104
Raleigh21,UX2031-137,119
Raleigh21,UX2031-136,116
Raleigh21,UX2031-131,118
Raleigh21,UX2031-130,117
Raleigh21,UX2031-133,112
Raleigh21,UX2031-132,110
Raleigh20,UX1990-26,100
Raleigh20,UX1990-25,100
Raleigh20,UX1990-24,99
Raleigh20,UX1990-22,96
Raleigh20,UX1990-21,97
Raleigh20,UX1990-20,96
Raleigh21,UX2031-142,117
Raleigh21,UX2031-141,117
Raleigh20,UX1990-29,122
Raleigh21,UX2031-144,119
Raleigh20,UX1990-28,97
Raleigh21,UX2031-143,110
Raleigh20,UX1990-27,100
Raleigh20,UX1990-59,100
Raleigh20,UX1990-56,100
Raleigh20,UX1990-55,99
Raleigh20,UX1990-53,90
Raleigh20,UX1990-52,97
Raleigh20,UX1990-51,97
Raleigh20,UX1990-50,101
Raleigh21,UX2031-117,119
Raleigh21,UX2031-116,110
Raleigh21,UX2031-119,100
Raleigh21,UX2031-118,104
Raleigh21,UX2031-113,109
Raleigh21,UX2031-112,107
Raleigh21,UX2031-115,109
Raleigh21,UX2031-114,103
Raleigh21,UX2031-111,111
Raleigh21,UX2031-110,109
Raleigh20,UX1990-48,90
Raleigh20,UX1990-47,92
Raleigh20,UX1990-46,101
Raleigh20,UX1990-45,99
Raleigh20,UX1990-44,97
Raleigh20,UX1990-43,90
Raleigh20,UX1990-42,105
Raleigh20,UX1990-41,121
Raleigh20,UX1990-40,98
Raleigh21,UX2031-128,102
Raleigh21,UX2031-127,103
Raleigh21,UX2031-129,104
Raleigh21,UX2031-124,107
Raleigh21,UX2031-123,110
Raleigh21,UX2031-126,110
Raleigh21,UX2031-125,108
Raleigh21,UX2031-120,104
Raleigh21,UX2031-122,109
Raleigh21,UX2031-121,107
Raleigh20,UX1990-49,96
Raleigh20,UX1994-12,96
Raleigh20,UX1994-55,95
Raleigh21,UX2000-1,112
Raleigh21,UX2031-109,104
Raleigh21,UX2000-3,108
Raleigh21,UX2000-2,113
Raleigh21,UX2031-106,116
Raleigh21,UX2031-105,118
Raleigh21,UX2031-108,105
Raleigh21,UX2031-107,109
Raleigh21,UX2031-102,108
Raleigh21,UX2000-9,107
Raleigh21,UX2031-101,104
Raleigh21,UX2000-8,112
Raleigh21,UX2031-104,104
Raleigh21,UX2031-103,107
Raleigh21,UX2000-5,104
Raleigh21,UX2000-4,104
Raleigh21,UX2031-100,103
Raleigh21,UX2000-6,116
Raleigh20,UX1990-15,91
Raleigh20,UX1990-14,101
Raleigh20,UX1990-13,120
Raleigh20,UX1990-11,105
Raleigh20,UX1990-10,102
Raleigh20,UX1990-19,91
Raleigh20,UX1990-17,98
Raleigh20,UX1990-16,98
Raleigh20,UX1994-104,99
Raleigh20,UX2029-27,106
Raleigh20,UX1992-129,101
Raleigh20,UX1992-128,99
Raleigh20,UX1992-127,105
Raleigh20,UX1992-126,103
Raleigh20,UX1992-50,100
Raleigh20,UX1992-125,103
Raleigh20,UX1992-51,99
Raleigh20,UX1992-124,104
Raleigh20,UX1992-123,99
Raleigh20,UX1992-52,100
Raleigh20,UX1992-122,102
Raleigh20,UX1992-121,101
Raleigh20,UX1992-54,99
Raleigh20,UX1992-55,99
Raleigh20,UX1992-120,99
Raleigh20,UX1992-56,102
Raleigh20,UX1992-57,98
Raleigh20,UX1992-59,100
Raleigh20,UX1992-139,105
Raleigh20,UX1992-138,101
Raleigh20,UX1992-137,104
Raleigh20,UX1992-136,99
Raleigh20,UX1992-135,101
Raleigh20,UX1992-134,100
Raleigh20,UX1992-41,101
Raleigh20,UX1992-133,100
Raleigh20,UX1992-42,97
Raleigh20,UX1992-132,106
Raleigh20,UX1992-43,101
Raleigh20,UX1990-3,98
Raleigh20,UX1992-131,99
Raleigh20,UX1992-44,100
Raleigh20,UX1992-130,98
Raleigh20,UX1992-45,100
Raleigh20,UX1992-46,102
Raleigh20,UX1992-47,103
Raleigh20,UX1992-49,100
Raleigh20,UX1992-108,100
Raleigh20,UX1992-107,104
Raleigh20,UX1992-106,101
Raleigh20,UX1994-199,97
Raleigh20,UX1992-105,100
Raleigh20,UX1994-198,96
Raleigh20,UX1992-70,99
Raleigh20,UX1992-71,101
Raleigh20,UX1992-104,101
Raleigh20,UX1992-103,100
Raleigh20,UX1992-72,100
Raleigh20,UX1992-102,99
Raleigh20,UX1992-74,100
Raleigh20,UX1992-101,103
Raleigh20,UX1992-100,103
Raleigh20,UX1992-75,99
Raleigh20,UX1994-192,97
Raleigh20,UX1992-76,102
Raleigh20,UX1992-77,101
Raleigh20,UX1994-191,99
Raleigh20,UX1994-190,96
Raleigh20,UX1992-78,101
Raleigh20,UX1992-79,98
Raleigh20,UX1994-196,97
Raleigh20,UX1994-195,96
Raleigh20,UX1994-193,97
Raleigh20,UX1992-119,101
Raleigh20,UX1992-118,101
Raleigh20,UX1994-189,100
Raleigh20,UX1994-188,99
Raleigh20,UX1992-117,101
Raleigh20,UX1992-115,102
Raleigh20,UX1992-60,102
Raleigh20,UX1992-61,100
Raleigh20,UX1992-114,101
Raleigh20,UX1992-113,98
Raleigh20,UX1992-62,97
Raleigh20,UX1992-63,102
Raleigh20,UX1992-112,105
Raleigh20,UX1992-111,103
Raleigh20,UX1994-181,97
Raleigh20,UX1992-110,102
Raleigh20,UX1992-65,101
Raleigh20,UX1994-180,99
Raleigh20,UX1992-66,104
Raleigh20,UX1992-67,101
Raleigh20,UX1992-68,100
Raleigh20,UX1994-185,94
Raleigh20,UX1992-69,98
Raleigh20,UX1994-184,97
Raleigh20,UX1994-183,97
Raleigh20,UX1994-182,100
Raleigh21,UX2031-91,108
Raleigh20,UX1992-18,103
Raleigh21,UX2031-92,102
Raleigh20,UX1992-19,99
Raleigh21,UX2031-90,109
Raleigh21,UX2031-99,109
Raleigh21,UX2031-97,107
Raleigh21,UX2031-98,102
Raleigh21,UX2031-95,100
Raleigh21,UX2031-96,104
Raleigh21,UX2031-93,104
Raleigh21,UX2031-94,103
Raleigh20,UX1992-169,102
Raleigh20,UX1992-168,102
Raleigh20,UX1992-167,100
Raleigh20,UX1992-166,101
Raleigh20,UX1992-165,106
Raleigh20,UX1992-10,101
Raleigh20,UX1992-11,99
Raleigh20,UX1992-164,102
Raleigh20,UX1992-163,99
Raleigh20,UX1992-12,101
Raleigh20,UX1992-162,101
Raleigh20,UX1992-13,103
Raleigh20,UX1992-161,103
Raleigh20,UX1992-14,104
Raleigh20,UX1992-160,101
Raleigh20,UX1992-15,103
Raleigh20,UX1990-138,96
Raleigh20,UX1992-16,99
Raleigh20,UX1992-17,102
Raleigh21,UX2031-80,114
Raleigh21,UX2031-81,120
Raleigh21,UX2031-88,103
Raleigh21,UX2031-89,103
Raleigh21,UX2031-86,107
Raleigh21,UX2031-87,101
Raleigh21,UX2031-84,103
Raleigh21,UX2031-85,108
Raleigh21,UX2031-82,102
Raleigh21,UX2031-83,104
Raleigh20,UX1992-179,103
Raleigh20,UX1992-178,98
Raleigh20,UX1992-177,108
Raleigh20,UX1992-176,101
Raleigh20,UX1992-175,106
Raleigh20,UX1992-174,106
Raleigh20,UX1992-173,103
Raleigh20,UX1992-172,106
Raleigh20,UX1992-171,99
Raleigh20,UX1992-170,99
Raleigh21,UX2031-70,110
Raleigh21,UX2031-77,104
Raleigh21,UX2031-78,115
Raleigh21,UX2031-75,104
Raleigh21,UX2031-76,106
Raleigh21,UX2031-73,104
Raleigh21,UX2031-74,101
Raleigh21,UX2031-71,100
Raleigh21,UX2031-72,110
Raleigh20,UX1992-149,105
Raleigh20,UX1992-148,103
Raleigh20,UX1992-147,101
Raleigh20,UX1992-145,108
Raleigh21,UX2031-79,100
Raleigh20,UX1992-31,98
Raleigh20,UX1992-32,108
Raleigh20,UX1992-142,101
Raleigh20,UX1992-33,101
Raleigh20,UX1992-141,100
Raleigh20,UX1992-34,100
Raleigh20,UX1992-35,98
Raleigh20,UX1992-140,100
Raleigh20,UX1992-36,100
Raleigh20,UX1992-37,103
Raleigh20,UX1992-38,100
Raleigh20,UX1992-29,99
Raleigh21,UX2031-66,118
Raleigh21,UX2031-67,107
Raleigh21,UX2031-64,118
Raleigh21,UX2031-65,110
Raleigh21,UX2031-62,108
Raleigh21,UX2031-63,104
Raleigh21,UX2031-60,108
Raleigh21,UX2031-61,107
Raleigh20,UX1992-159,102
Raleigh21,UX2031-68,103
Raleigh20,UX1992-156,104
Raleigh21,UX2031-69,120
Raleigh20,UX1992-155,101
Raleigh20,UX1992-20,93
Raleigh20,UX1992-154,105
Raleigh20,UX1992-21,99
Raleigh20,UX1992-153,105
Raleigh20,UX1992-22,102
Raleigh20,UX1992-152,105
Raleigh20,UX1992-23,98
Raleigh20,UX1992-151,105
Raleigh20,UX1992-24,99
Raleigh20,UX1992-150,102
Raleigh20,UX1992-25,98
Raleigh20,UX1992-26,99
Raleigh20,UX1992-27,100
Raleigh20,UX1992-28,98
Raleigh21,UX2031-56,117
Raleigh21,UX2031-53,110
Raleigh21,UX2031-54,104
Raleigh20,UX1994-139,95
Raleigh21,UX2031-52,107
Raleigh21,UX2031-50,108
Raleigh20,UX1994-134,97
Raleigh20,UX1994-133,96
Raleigh20,UX1994-132,97
Raleigh20,UX1994-131,98
Raleigh21,UX2031-59,102
Raleigh20,UX1994-138,94
Raleigh20,UX1994-137,101
Raleigh21,UX2031-57,111
Raleigh20,UX1994-136,96
Raleigh21,UX2031-58,103
Raleigh20,UX1994-135,97
Raleigh20,UX1994-130,100
Raleigh20,UX2029-9,102
Raleigh20,UX2029-7,101
Raleigh20,UX2029-8,99
Raleigh20,UX2029-5,101
Raleigh20,UX2029-6,101
Raleigh21,UX2031-44,111
Raleigh21,UX2031-45,112
Raleigh21,UX2031-42,104
Raleigh20,UX1994-129,98
Raleigh21,UX2031-43,120
Raleigh20,UX1994-128,99
Raleigh21,UX2031-40,116
Raleigh21,UX2031-41,116
Raleigh20,UX1994-123,98
Raleigh20,UX1994-122,96
Raleigh20,UX1994-121,97
Raleigh20,UX1994-120,97
Raleigh21,UX2031-48,105
Raleigh20,UX1994-127,97
Raleigh21,UX2031-49,104
Raleigh20,UX1994-126,99
Raleigh20,UX1994-125,96
Raleigh21,UX2031-46,101
Raleigh20,UX1994-124,98
Raleigh21,UX2031-47,102
Raleigh20,UX2029-3,102
Raleigh20,UX2029-4,98
Raleigh20,UX2029-1,100
Raleigh20,UX2029-2,101
Raleigh21,UX2031-33,112
Raleigh21,UX2029-105,112
Raleigh21,UX2031-34,110
Raleigh20,UX1994-119,95
Raleigh20,UX2029-104,101
Raleigh20,UX1994-118,98
Raleigh21,UX2031-31,107
Raleigh20,UX2029-107,99
Raleigh20,UX2029-106,97
Raleigh21,UX2031-32,110
Raleigh20,UX1994-117,97
Raleigh20,UX2029-109,99
Raleigh20,UX2029-108,102
Raleigh21,UX2031-30,118
Raleigh20,UX1994-112,98
Raleigh20,UX1994-111,98
Raleigh20,UX1994-110,99
Raleigh20,UX2029-101,101
Raleigh20,UX1994-116,101
Raleigh21,UX2031-37,109
Raleigh20,UX1994-115,99
Raleigh21,UX2029-100,113
Raleigh21,UX2031-35,102
Raleigh20,UX2029-103,101
Raleigh20,UX1994-114,98
Raleigh20,UX2029-102,101
Raleigh21,UX2031-36,107
Raleigh20,UX1994-113,101
Raleigh20,UX1990-39,105
Raleigh21,UX2031-22,106
Raleigh20,UX1994-94,97
Raleigh20,UX1994-109,100
Raleigh21,UX2031-23,119
Raleigh21,UX2031-20,110
Raleigh20,UX1994-107,98
Raleigh21,UX2031-21,112
Raleigh20,UX1994-106,99
Raleigh20,UX1994-101,100
Raleigh21,UX2031-28,103
Raleigh21,UX2031-29,118
Raleigh21,UX2031-26,112
Raleigh20,UX1994-105,96
Raleigh21,UX2031-27,102
Raleigh21,UX2031-24,119
Raleigh20,UX1994-103,96
Raleigh20,UX1994-15,97
Raleigh21,UX2031-11,104
Raleigh21,UX2031-12,108
Raleigh21,UX2031-10,104
Raleigh21,UX2031-19,116
Raleigh20,UX1992-90,102
Raleigh20,UX1994-178,97
Raleigh20,UX1994-177,99
Raleigh20,UX1992-91,101
Raleigh21,UX2031-17,108
Raleigh20,UX1992-92,101
Raleigh20,UX1994-176,95
Raleigh21,UX2031-18,110
Raleigh20,UX1994-175,95
Raleigh20,UX1992-93,100
Raleigh21,UX2031-15,116
Raleigh20,UX1992-94,102
Raleigh21,UX2031-16,113
Raleigh20,UX1992-95,99
Raleigh21,UX2031-13,102
Raleigh20,UX1992-96,99
Raleigh21,UX2031-14,104
Raleigh20,UX1992-97,100
Raleigh20,UX1994-179,98
Raleigh20,UX1992-98,98
Raleigh20,UX1992-99,105
Raleigh20,UX1994-174,97
Raleigh20,UX1994-173,100
Raleigh20,UX1994-172,100
Raleigh20,UX1994-171,95
Raleigh20,UX1994-167,98
Raleigh20,UX1992-80,103
Raleigh20,UX1994-166,97
Raleigh20,UX1992-81,106
Raleigh20,UX1994-165,99
Raleigh20,UX1992-82,103
Raleigh20,UX1992-83,99
Raleigh20,UX1992-84,104
Raleigh20,UX1992-85,99
Raleigh20,UX1992-86,99
Raleigh20,UX1994-168,97
Raleigh20,UX1992-87,100
Raleigh20,UX1992-88,105
Raleigh20,UX1992-89,98
Raleigh20,UX1994-163,97
Raleigh20,UX1994-162,100
Raleigh20,UX1994-161,97
Raleigh20,UX1994-160,97
Raleigh20,UX1994-155,96
Raleigh20,UX1994-153,98
Raleigh20,UX1994-159,100
Raleigh20,UX1994-158,97
Raleigh20,UX1994-157,100
Raleigh20,UX1994-152,99
Raleigh20,UX1994-151,99
Raleigh20,UX1994-150,99
Raleigh20,UX1994-145,97
Raleigh20,UX1994-144,100
Raleigh20,UX1994-143,101
Raleigh20,UX1994-142,99
Raleigh20,UX1994-149,97
Raleigh20,UX1994-148,100
Raleigh20,UX1994-147,97
Raleigh20,UX1994-146,100
Raleigh20,UX1994-141,99
Raleigh20,UX1994-140,96
Raleigh20,UX1990-185,99
Raleigh20,UX1990-184,118
Raleigh20,UX1990-183,121
Raleigh20,UX1990-189,90
Raleigh20,UX1990-188,97
Raleigh20,UX1990-187,90
Raleigh20,UX1990-186,90
Raleigh20,UX1994-213,99
Raleigh20,UX1990-192,96
Raleigh20,UX1990-191,119
Raleigh20,UX1990-190,120
Raleigh20,UX1990-195,92
Raleigh20,UX1990-194,115
Raleigh20,UX1990-193,97
Raleigh20,UX1990-199,102
Raleigh20,UX1990-198,101
Raleigh20,UX1990-197,99
Raleigh20,UX1994-21,97
Raleigh20,UX1994-100,99
Raleigh20,UX1994-219,99
Raleigh20,UX1994-218,97
Raleigh20,UX1994-217,97
Raleigh20,UX1994-216,102
Raleigh20,UX1994-211,99
Raleigh20,UX1994-210,96
Raleigh20,UX1994-214,100
Raleigh20,UX1994-212,99
Raleigh20,UX1994-207,99
Raleigh20,UX1994-206,98
Raleigh20,UX1994-205,97
Raleigh20,UX1994-209,101
Raleigh20,UX1994-200,99
Raleigh20,UX1994-203,96
Raleigh20,UX1994-202,97
Raleigh20,UX1994-201,97
Raleigh20,UX1994-204,97
Raleigh20,UX1990-158,108
Raleigh20,UX2029-88,99
Raleigh20,UX1990-123,116
Raleigh20,UX1990-121,99
Raleigh20,UX1990-120,93
Raleigh20,UX1990-127,92
Raleigh20,UX1990-126,100
Raleigh20,UX1990-125,123
Raleigh20,UX1990-124,91
Raleigh20,UX1990-97,105
Raleigh20,UX1990-129,97
Raleigh20,UX1990-128,106
Raleigh20,UX1994-102,103
Raleigh20,UX1990-130,118
Raleigh20,UX1990-134,95
Raleigh20,UX1990-133,97
Raleigh20,UX1990-132,97
Raleigh20,UX1990-131,91
Raleigh20,UX1990-137,96
Raleigh20,UX1990-136,97
Raleigh20,UX1990-135,98
Raleigh20,UX1990-139,92
Raleigh20,UX1992-190,102
Raleigh20,UX1990-101,99
Raleigh20,UX1990-100,102
Raleigh20,UX1990-105,97
Raleigh20,UX1990-104,99
Raleigh20,UX1990-103,100
Raleigh20,UX1990-102,97
Raleigh20,UX1990-108,101
Raleigh20,UX1990-107,97
Raleigh20,UX1994-194,98
Raleigh20,UX1992-189,100
Raleigh20,UX1992-188,106
Raleigh20,UX1992-187,103
Raleigh20,UX1992-186,101
Raleigh20,UX1992-185,105
Raleigh20,UX1992-184,103
Raleigh20,UX1992-183,101
Raleigh20,UX1992-182,104
Raleigh20,UX1992-181,98
Raleigh20,UX1990-111,87
Raleigh20,UX1990-110,91
Raleigh20,UX1990-116,95
Raleigh20,UX1990-115,95
Raleigh20,UX1990-114,95
Raleigh20,UX1990-113,89
Raleigh20,UX1990-119,90
Raleigh20,UX1990-118,117
Raleigh20,UX1990-117,98
Raleigh20,UX1992-199,102
Raleigh20,UX1992-198,101
Raleigh20,UX1992-197,98
Raleigh20,UX1992-196,103
Raleigh20,UX1992-195,101
Raleigh20,UX1992-194,101
Raleigh20,UX1992-193,101
Raleigh20,UX1992-192,102
Raleigh20,UX1992-191,97
Raleigh20,UX1990-163,90
Raleigh20,UX1990-162,88
Raleigh20,UX1990-161,90
Raleigh20,UX1990-160,92
Raleigh20,UX1990-167,98
Raleigh20,UX1990-166,91
Raleigh20,UX1990-165,94
Raleigh20,UX1990-164,93
Raleigh20,UX1990-169,95
Raleigh20,UX1990-168,99
Raleigh20,UX1990-170,92
Raleigh20,UX1990-174,90
Raleigh20,UX1990-173,92
Raleigh20,UX1990-172,98
Raleigh20,UX1990-171,91
Raleigh20,UX1990-178,96
Raleigh20,UX1990-177,97
Raleigh20,UX1990-176,96
Raleigh20,UX1990-175,93
Raleigh20,UX1990-179,93
Raleigh20,UX1990-181,91
Raleigh20,UX1990-180,122
Raleigh20,UX1990-141,119
Raleigh20,UX1990-140,105
Raleigh20,UX1990-145,91
Raleigh20,UX1990-144,89
Raleigh20,UX1990-143,96
Raleigh20,UX1990-142,118
Raleigh20,UX1990-149,98
Raleigh20,UX1990-148,99
Raleigh20,UX1990-147,121
Raleigh20,UX1990-146,91
Raleigh20,UX1994-169,99
Raleigh20,UX1990-152,90
Raleigh20,UX1990-151,96
Raleigh20,UX1990-150,98
Raleigh20,UX1990-156,95
Raleigh20,UX1990-155,89
Raleigh20,UX1990-154,87
Raleigh20,UX1990-153,94
Raleigh20,UX1990-159,97
Raleigh20,UX1990-157,90
Raleigh20,UX1994-170,100
Raleigh21,UX2000-29,107
Raleigh21,UX2000-28,102
Raleigh21,UX2000-27,108
Raleigh21,UX2000-26,106
Raleigh21,UX2000-21,108
Raleigh21,UX2000-20,118
Raleigh21,UX2000-25,115
Raleigh21,UX2000-24,103
Raleigh21,UX2000-22,104
Raleigh21,UX2000-18,103
Raleigh21,UX2000-17,105
Raleigh21,UX2000-16,108
Raleigh21,UX2000-15,107
Raleigh21,UX2000-19,102
Raleigh21,UX2000-10,111
Raleigh21,UX2000-13,118
Raleigh21,UX2000-12,110
Raleigh21,UX2000-11,107
Raleigh21,UX2000-49,100
Raleigh21,UX2000-48,103
Raleigh21,UX2000-43,113
Raleigh21,UX2000-42,106
Raleigh21,UX2000-41,104
Raleigh21,UX2000-40,115
Raleigh21,UX2000-47,108
Raleigh21,UX2000-46,112
Raleigh21,UX2000-45,118
Raleigh21,UX2000-44,103
Raleigh21,UX2000-39,108
Raleigh21,UX2000-38,104
Raleigh21,UX2000-37,106
Raleigh21,UX2000-32,104
Raleigh21,UX2000-31,112
Raleigh21,UX2000-30,116
Raleigh21,UX2000-36,109
Raleigh21,UX2000-35,108
Raleigh21,UX2000-34,104
Raleigh21,UX2000-33,104
Raleigh20,UX1990-200,95
Raleigh20,UX1990-204,90
Raleigh20,UX1990-203,97
Raleigh20,UX1990-202,96
Raleigh20,UX1990-201,93
Raleigh20,UX2029-61,99
Raleigh21,UX1995-41,109
Raleigh21,UX1995-40,112
Raleigh21,UX1995-43,107
Raleigh21,UX1995-42,111
Raleigh21,UX1995-45,105
Raleigh21,UX1995-44,110
Raleigh21,UX1995-47,109
Raleigh21,UX1995-46,101
Raleigh21,UX1995-49,110
Raleigh21,UX1995-48,107.5
Raleigh21,UX1995-30,100
Raleigh21,UX1995-32,107
Raleigh21,UX1995-31,108
Raleigh21,UX1995-34,109
Raleigh21,UX1995-33,110
Raleigh21,UX1995-35,108
Raleigh21,UX1995-38,110
Raleigh21,UX1995-37,108
Raleigh21,UX1995-39,104
Raleigh21,UX1995-70,104
Raleigh21,UX1995-61,106
Raleigh21,UX1995-60,107
Raleigh21,UX1995-63,108
Raleigh21,UX1995-62,103
Raleigh21,UX1995-65,107
Raleigh21,UX1995-64,103
Raleigh21,UX1995-67,103
Raleigh21,UX1995-66,104
Raleigh21,UX1995-69,104
Raleigh21,UX1995-68,107
Raleigh21,UX1995-50,107
Raleigh21,UX1995-52,108
Raleigh21,UX1995-51,110
Raleigh21,UX1995-54,102
Raleigh21,UX1995-53,107
Raleigh21,UX1995-56,108
Raleigh21,UX1995-55,104
Raleigh21,UX1995-58,111
Raleigh21,UX1995-59,104
Raleigh20,UX1992-208,98
Raleigh20,UX1992-206,100
Raleigh20,UX1992-205,101
Raleigh20,UX1992-204,100
Raleigh20,UX1992-203,103
Raleigh20,UX1992-202,102
Raleigh20,UX1992-201,93
Raleigh20,UX1990-18,96
Raleigh20,UX1994-187,95
Raleigh21,UX1995-21,107
Raleigh21,UX1995-20,103
Raleigh21,UX1995-23,107
Raleigh21,UX1995-22,108
Raleigh21,UX1995-25,104
Raleigh21,UX1995-24,107
Raleigh21,UX1995-27,109
Raleigh21,UX1995-26,107
Raleigh21,UX1995-28,109
Raleigh21,UX1995-10,103
Raleigh21,UX1995-12,106
Raleigh21,UX1995-11,110
Raleigh21,UX1995-14,107
Raleigh21,UX1995-13,110
Raleigh21,UX1995-16,109
Raleigh21,UX1995-15,100
Raleigh21,UX1995-17,110
Raleigh21,UX1995-100,104
Raleigh21,UX1995-102,98
Raleigh21,UX1995-101,103
Raleigh20,UX2029-33,100
Raleigh21,UX1995-104,107
Raleigh21,UX1995-103,104
Raleigh21,UX2028-38,104
Raleigh21,UX2028-37,106
Raleigh21,UX2028-36,104
Raleigh21,UX2028-35,103
Raleigh21,UX2028-39,102
Raleigh21,UX1995-106,104
Raleigh21,UX2028-30,108
Raleigh21,UX1995-105,104
Raleigh21,UX1995-108,110
Raleigh21,UX1995-107,107
Raleigh21,UX2028-34,104
Raleigh21,UX1995-109,108
Raleigh21,UX2028-33,103
Raleigh21,UX2028-32,103
Raleigh21,UX2028-31,108
Raleigh21,UX1995-111,103
Raleigh21,UX1995-110,107
Raleigh21,UX1995-113,107
Raleigh21,UX1995-112,104
Raleigh21,UX1995-115,108
Raleigh21,UX1995-114,100
Raleigh21,UX2028-49,103
Raleigh21,UX2028-48,111
Raleigh21,UX2028-47,104
Raleigh21,UX2028-46,104
Raleigh21,UX1995-117,108
Raleigh21,UX2028-41,110
Raleigh21,UX1995-116,106
Raleigh21,UX2028-40,104
Raleigh21,UX1995-119,103
Raleigh21,UX1995-118,109
Raleigh21,UX2028-45,103
Raleigh21,UX2028-44,103
Raleigh21,UX2028-43,107
Raleigh21,UX2028-42,108
Raleigh21,UX1995-120,104
Raleigh21,UX1995-122,107
Raleigh21,UX1995-121,108
Raleigh21,UX1995-124,108
Raleigh20,UX1990-2,120
Raleigh21,UX1995-123,107
Raleigh20,UX1990-1,123
Raleigh21,UX1995-126,110
Raleigh21,UX1995-125,103
Raleigh20,UX1990-6,98
Raleigh20,UX1990-5,103
Raleigh20,UX1990-36,95
Raleigh20,UX1990-9,101
Raleigh20,UX1990-8,98
Raleigh20,UX1990-7,94
Raleigh21,UX2028-16,107
Raleigh21,UX2028-15,110
Raleigh21,UX2028-14,108
Raleigh21,UX2028-13,103
Raleigh21,UX2028-19,107
Raleigh21,UX2028-18,103
Raleigh21,UX2028-17,107
Raleigh21,UX1995-128,104
Raleigh21,UX1995-127,111
Raleigh21,UX1995-129,110
Raleigh21,UX2028-12,103
Raleigh21,UX2028-11,108
Raleigh21,UX2028-10,104
Raleigh21,UX1995-131,101
Raleigh21,UX1995-130,108
Raleigh21,UX1995-133,108
Raleigh21,UX1995-132,108
Raleigh21,UX1995-135,117
Raleigh21,UX1995-134,102
Raleigh21,UX1995-137,106
Raleigh21,UX1995-136,114
Raleigh21,UX2028-27,107
Raleigh21,UX2028-26,111
Raleigh21,UX2028-25,103
Raleigh21,UX2028-24,106
Raleigh21,UX2028-29,104
Raleigh21,UX2028-28,104
Raleigh21,UX1995-139,104
Raleigh21,UX1995-138,108
Raleigh21,UX2028-22,104
Raleigh21,UX2028-21,107
Raleigh21,UX2028-20,102
Raleigh21,UX1995-90,108
Raleigh21,UX1995-92,106
Raleigh21,UX1995-91,108
Raleigh21,UX1995-83,104
Raleigh21,UX1995-82,104
Raleigh21,UX1995-85,107
Raleigh21,UX1995-87,109
Raleigh21,UX1995-86,109
Raleigh21,UX1995-89,106
Raleigh21,UX1995-88,109
Raleigh21,UX1995-81,108
Raleigh21,UX1995-80,105
Raleigh21,UX1995-72,104
Raleigh21,UX1995-71,104
Raleigh21,UX1995-74,104
Raleigh21,UX1995-73,102
Raleigh21,UX1995-76,105
Raleigh21,UX1995-75,102
Raleigh21,UX1995-78,103
Raleigh21,UX1995-77,104
Raleigh21,UX1995-79,103
Raleigh21,UX2028-8,108
Raleigh21,UX2028-9,107
Raleigh21,UX2028-6,107
Raleigh21,UX2028-7,112
Raleigh21,UX1995-94,101
Raleigh21,UX1995-93,104
Raleigh21,UX1995-96,104
Raleigh21,UX1995-95,107
Raleigh21,UX1995-98,108
Raleigh21,UX1995-99,107
Raleigh21,UX2028-5,104
Raleigh21,UX2028-2,102
Raleigh21,UX2028-3,107
Raleigh21,UX2028-1,103
Raleigh21,UX2000-97,111
Raleigh21,UX2000-96,119
Raleigh21,UX2000-99,102
Raleigh21,UX2000-94,104
Raleigh21,UX2000-93,112
Raleigh21,UX2000-92,102
Raleigh20,UX1994-2,96
Raleigh20,UX1994-1,96
Raleigh20,UX1994-6,96
Raleigh20,UX1994-5,96
Raleigh20,UX1994-4,98
Raleigh20,UX1994-3,97
Raleigh20,UX1994-9,99
Raleigh20,UX1994-8,100
Raleigh20,UX1994-7,98
Raleigh21,UX2000-65,108
Raleigh21,UX2000-64,107
Raleigh21,UX2000-63,104
Raleigh20,UX2029-90,99
Raleigh21,UX2000-62,110
Raleigh21,UX2000-69,101
Raleigh21,UX2000-68,104
Raleigh21,UX2000-67,104
Raleigh21,UX2000-66,105
Raleigh20,UX1990-91,99
Raleigh21,UX2000-61,108
Raleigh21,UX2000-60,111
Raleigh21,UX2000-59,104
Raleigh21,UX2000-54,108
Raleigh21,UX2000-53,116
Raleigh21,UX2000-52,107
Raleigh21,UX2000-51,107
Raleigh21,UX2000-58,105
Raleigh21,UX2000-57,102
Raleigh21,UX2000-56,104
Raleigh21,UX2000-55,106
Raleigh21,UX2000-50,103
Raleigh21,UX2000-87,104
Raleigh21,UX2000-86,112
Raleigh21,UX2000-85,104
Raleigh21,UX2000-84,106
Raleigh21,UX2000-89,106
Raleigh21,UX2000-88,116
Raleigh21,UX2000-83,101
Raleigh21,UX2000-82,102
Raleigh21,UX2000-81,104
Raleigh21,UX2000-80,104
Raleigh21,UX2000-76,108
Raleigh21,UX2000-75,101
Raleigh21,UX2000-73,104
Raleigh21,UX2000-79,106
Raleigh21,UX2000-78,100
Raleigh21,UX2000-77,101
Raleigh21,UX2000-72,103
Raleigh21,UX2000-71,111
Raleigh21,UX2000-70,105
Raleigh21,UX2028-122,103
Raleigh21,UX2028-121,108
Raleigh21,UX2028-120,107
Raleigh21,UX2028-126,104
Raleigh21,UX2028-125,102
Raleigh21,UX2028-124,104
Raleigh21,UX2028-123,108
Raleigh21,UX2028-129,102
Raleigh21,UX2028-128,101
Raleigh21,UX2028-127,108
Raleigh21,UX2028-133,103
Raleigh21,UX2028-132,104
Raleigh21,UX2028-131,106
Raleigh21,UX2028-130,108
Raleigh21,UX2028-137,102
Raleigh21,UX2028-136,107
Raleigh21,UX2028-135,100
Raleigh21,UX2028-134,107
Raleigh21,UX2028-139,107
Raleigh21,UX2028-138,104
Raleigh21,UX2028-144,106
Raleigh21,UX2028-143,106
Raleigh21,UX2028-148,108
Raleigh21,UX2028-147,107
Raleigh21,UX2028-146,105
Raleigh21,UX2028-145,107
Raleigh20,UX1994-11,97
Raleigh20,UX1994-10,99
Raleigh20,UX1994-13,98
Raleigh20,UX1994-14,96
Raleigh21,UX2028-149,104
Raleigh20,UX1994-17,96
Raleigh20,UX1994-16,97
Raleigh20,UX1994-19,95
Raleigh20,UX1994-18,98
Raleigh21,UX2028-155,108
Raleigh21,UX2028-154,104
Raleigh21,UX2028-153,102
Raleigh21,UX2028-152,102
Raleigh21,UX2028-159,106
Raleigh21,UX2028-158,107
Raleigh21,UX2028-157,104
Raleigh21,UX2028-156,107
Raleigh21,UX2028-151,103
Raleigh21,UX2028-150,103
Raleigh20,UX1990-79,89
Raleigh20,UX1990-78,99
Raleigh20,UX1990-77,118
Raleigh20,UX1990-76,104
Raleigh20,UX1990-75,104
Raleigh20,UX1990-73,99
Raleigh20,UX1990-72,108
Raleigh20,UX1990-71,122
Raleigh20,UX1990-70,97
Raleigh20,UX1990-69,102
Raleigh20,UX1990-68,119
Raleigh20,UX1990-67,100
Raleigh20,UX1990-66,98
Raleigh20,UX1990-65,99
Raleigh20,UX1990-64,95
Raleigh20,UX1990-63,100
Raleigh20,UX1990-62,119
Raleigh20,UX1990-61,103
Raleigh20,UX1990-60,98
Raleigh21,UX2000-183,101
Raleigh21,UX2000-184,104
Raleigh20,UX1990-4,98
Raleigh21,UX2028-100,105
Raleigh20,UX1990-99,96
Raleigh21,UX2028-104,105
Raleigh20,UX1990-98,92
Raleigh21,UX2028-103,104
Raleigh21,UX2028-102,103
Raleigh21,UX2028-101,105
Raleigh20,UX1990-96,93
Raleigh20,UX1990-94,92
Raleigh20,UX1990-93,97
Raleigh20,UX1990-92,95
Raleigh20,UX1990-90,96
Raleigh21,UX2031-4,101
Raleigh21,UX2031-5,112
Raleigh21,UX2031-2,112
Raleigh21,UX2031-3,101
Raleigh21,UX2031-1,113
Raleigh21,UX2028-108,105
Raleigh21,UX2028-107,103
Raleigh21,UX2028-106,112
Raleigh21,UX2028-105,104
Raleigh21,UX2031-8,114
Raleigh21,UX2031-9,119
Raleigh21,UX2031-6,104
Raleigh21,UX2028-109,104
Raleigh21,UX2031-7,118
Raleigh21,UX2028-111,102
Raleigh21,UX2028-110,113
Raleigh20,UX1990-89,123
Raleigh20,UX1990-88,97
Raleigh21,UX2028-115,108
Raleigh20,UX1990-87,90
Raleigh21,UX2028-114,106
Raleigh21,UX2028-113,112
Raleigh20,UX1990-86,98
Raleigh20,UX1990-85,105
Raleigh21,UX2028-112,104
Raleigh20,UX1990-84,98
Raleigh20,UX1990-82,103
Raleigh20,UX1990-81,98
Raleigh20,UX1990-80,94
Raleigh21,UX2028-119,107
Raleigh21,UX2028-118,101
Raleigh21,UX2028-117,104
Raleigh21,UX1995-186,108
Raleigh21,UX1995-185,108
Raleigh21,UX1995-188,107
Raleigh21,UX1995-187,108
Raleigh21,UX1995-189,108
Raleigh21,UX1995-180,110
Raleigh21,UX1995-182,107
Raleigh21,UX1995-181,108
Raleigh21,UX1995-184,102
Raleigh20,UX1994-80,96
Raleigh21,UX1995-183,110
Raleigh21,UX2000-160,108
Raleigh20,UX1994-71,97
Raleigh21,UX2000-151,102
Raleigh21,UX2000-152,101
Raleigh20,UX1994-73,99
Raleigh21,UX2000-153,108
Raleigh20,UX1994-72,98
Raleigh21,UX2000-154,102
Raleigh20,UX1994-75,102
Raleigh20,UX1994-74,99
Raleigh21,UX2000-155,104
Raleigh21,UX2000-156,108
Raleigh21,UX2000-157,112
Raleigh20,UX1994-76,99
Raleigh20,UX1994-79,99
Raleigh21,UX2000-158,108
Raleigh21,UX2000-159,108
Raleigh21,UX1995-197,102
Raleigh21,UX1995-196,104
Raleigh21,UX1995-199,107
Raleigh21,UX1995-198,100
Raleigh21,UX1995-191,108
Raleigh21,UX1995-190,109
Raleigh21,UX1995-193,102
Raleigh21,UX1995-192,107
Raleigh21,UX1995-195,104
Raleigh20,UX1994-60,98
Raleigh21,UX2000-140,107
Raleigh21,UX2000-141,102
Raleigh20,UX1994-62,97
Raleigh20,UX1994-61,98
Raleigh21,UX2000-143,101
Raleigh20,UX1994-64,97
Raleigh20,UX1994-63,100
Raleigh21,UX2000-144,107
Raleigh20,UX1994-66,99
Raleigh21,UX2000-145,113
Raleigh20,UX1994-65,98
Raleigh21,UX2000-146,116
Raleigh21,UX2000-147,104
Raleigh20,UX1994-68,99
Raleigh21,UX2000-148,104
Raleigh20,UX1994-67,97
Raleigh21,UX2000-149,102
Raleigh20,UX1994-69,98
Raleigh21,UX2000-180,107
Raleigh21,UX2000-181,104
Raleigh21,UX2000-182,108
Raleigh21,UX2000-172,102
Raleigh20,UX1994-93,97
Raleigh20,UX1994-92,95
Raleigh21,UX2000-173,103
Raleigh20,UX1994-95,96
Raleigh21,UX2000-174,101
Raleigh21,UX2000-175,101
Raleigh21,UX2000-176,101
Raleigh20,UX1994-97,99
Raleigh21,UX2000-177,103
Raleigh20,UX1994-96,97
Raleigh21,UX2000-178,102
Raleigh20,UX1994-99,96
Raleigh20,UX1994-98,97
Raleigh21,UX2000-179,102
Raleigh21,UX2028-96,104
Raleigh21,UX2028-95,102
Raleigh21,UX2028-94,103
Raleigh21,UX2028-93,104
Raleigh21,UX2028-99,104
Raleigh21,UX2028-98,100
Raleigh21,UX2028-97,108
Raleigh20,UX1994-91,98
Raleigh21,UX2000-170,101
Raleigh20,UX1994-90,100
Raleigh21,UX2000-171,101
Raleigh21,UX2000-161,102
Raleigh20,UX1994-82,99
Raleigh20,UX1994-81,94
Raleigh21,UX2000-162,119
Raleigh21,UX2000-163,107
Raleigh20,UX1994-83,99
Raleigh21,UX2000-164,102
Raleigh21,UX2000-165,113
Raleigh20,UX1994-86,99
Raleigh21,UX2000-166,103
Raleigh21,UX2000-167,102
Raleigh20,UX1994-88,98
Raleigh20,UX1994-87,99
Raleigh21,UX2000-168,108
Raleigh21,UX2000-169,113
Raleigh20,UX1994-89,98
Raleigh21,UX1995-142,101
Raleigh21,UX1995-141,107
Raleigh21,UX1995-144,108
Raleigh21,UX1995-143,108
Raleigh21,UX1995-146,107
Raleigh21,UX2028-81,103
Raleigh21,UX1995-145,110
Raleigh21,UX2028-80,108
Raleigh21,UX1995-148,108
Raleigh21,UX1995-147,99
Raleigh21,UX1995-140,104
Raleigh21,UX2028-79,106
Raleigh21,UX2000-110,107
Raleigh20,UX1994-31,98
Raleigh20,UX1994-30,101
Raleigh21,UX2000-111,104
Raleigh20,UX1994-33,98
Raleigh20,UX1994-32,96
Raleigh21,UX2000-113,113
Raleigh20,UX1994-35,100
Raleigh21,UX2028-74,111
Raleigh21,UX2000-114,107
Raleigh21,UX1995-149,108
Raleigh21,UX2028-73,108
Raleigh20,UX1994-34,98
Raleigh21,UX2000-115,108
Raleigh20,UX1994-37,99
Raleigh21,UX2000-116,112
Raleigh21,UX2028-72,107
Raleigh21,UX2028-71,109
Raleigh20,UX1994-36,98
Raleigh21,UX2000-117,118
Raleigh21,UX2000-118,105
Raleigh21,UX2028-78,108
Raleigh20,UX1994-39,99
Raleigh21,UX2000-119,117
Raleigh20,UX1994-38,98
Raleigh21,UX2028-77,100
Raleigh21,UX2028-76,108
Raleigh21,UX2028-75,112
Raleigh21,UX1995-153,103
Raleigh21,UX1995-152,108
Raleigh21,UX1995-155,110
Raleigh21,UX1995-154,104
Raleigh21,UX1995-157,110
Raleigh21,UX2028-92,107
Raleigh21,UX1995-156,107
Raleigh21,UX2028-91,104
Raleigh21,UX1995-159,108
Raleigh21,UX2028-90,102
Raleigh21,UX1995-158,107
Raleigh21,UX1995-151,107
Raleigh21,UX1995-150,107
Raleigh20,UX1994-20,97
Raleigh21,UX2000-100,113
Raleigh20,UX1994-22,96
Raleigh21,UX2000-101,104
Raleigh21,UX2000-102,102
Raleigh21,UX2028-85,107
Raleigh20,UX1994-24,99
Raleigh21,UX2000-103,113
Raleigh21,UX2028-84,104
Raleigh20,UX1994-23,99
Raleigh21,UX2000-104,119
Raleigh21,UX2028-83,106
Raleigh20,UX1994-26,98
Raleigh21,UX2000-105,107
Raleigh21,UX2000-106,102
Raleigh21,UX2028-82,105
Raleigh20,UX1994-25,100
Raleigh21,UX2000-107,101
Raleigh21,UX2028-89,110
Raleigh20,UX1994-28,98
Raleigh20,UX1994-27,94
Raleigh21,UX2000-108,107
Raleigh21,UX2028-88,103
Raleigh21,UX2028-87,108
Raleigh21,UX2000-109,116
Raleigh20,UX1994-29,99
Raleigh21,UX2028-86,104
Raleigh21,UX1995-164,104
Raleigh21,UX1995-163,100
Raleigh21,UX1995-166,104
Raleigh21,UX1995-165,107
Raleigh21,UX1995-168,100
Raleigh21,UX1995-167,110
Raleigh21,UX1995-169,103
Raleigh21,UX1995-160,102
Raleigh21,UX1995-162,108
Raleigh21,UX1995-161,102
Raleigh21,UX2028-59,106
Raleigh21,UX2000-130,104
Raleigh20,UX1994-51,98
Raleigh21,UX2028-58,108
Raleigh21,UX2028-57,103
Raleigh21,UX2000-131,104
Raleigh21,UX2000-132,104
Raleigh20,UX1994-53,97
Raleigh20,UX1994-52,97
Raleigh21,UX2000-133,117
Raleigh21,UX2000-134,104
Raleigh20,UX1994-54,97
Raleigh21,UX2000-135,104
Raleigh20,UX1994-57,99
Raleigh21,UX2000-136,103
Raleigh21,UX2028-52,113
Raleigh21,UX2028-51,110
Raleigh20,UX1994-56,99
Raleigh21,UX2000-137,103
Raleigh21,UX2000-138,111
Raleigh21,UX2028-50,104
Raleigh20,UX1994-59,99
Raleigh20,UX1994-58,96
Raleigh21,UX2000-139,108
Raleigh21,UX2028-56,102
Raleigh21,UX2028-55,104
Raleigh21,UX2028-54,101
Raleigh21,UX2028-53,112
Raleigh21,UX1995-175,101
Raleigh21,UX1995-174,108
Raleigh21,UX1995-177,112
Raleigh21,UX1995-176,104
Raleigh21,UX1995-179,108
Raleigh21,UX2028-70,108
Raleigh21,UX1995-178,104
Raleigh21,UX1995-171,103
Raleigh21,UX1995-170,104
Raleigh21,UX1995-173,110
Raleigh21,UX1995-172,107
Raleigh20,UX1994-40,96
Raleigh21,UX2028-69,104
Raleigh21,UX2028-68,104
Raleigh21,UX2000-121,108
Raleigh20,UX1994-42,98
Raleigh21,UX2000-122,100
Raleigh20,UX1994-41,98
Raleigh20,UX1994-44,97
Raleigh21,UX2000-123,103
Raleigh21,UX2000-124,104
Raleigh20,UX1994-43,98
Raleigh20,UX1994-46,99
Raleigh21,UX2028-63,106
Raleigh21,UX2000-125,99
Raleigh21,UX2028-62,105
Raleigh20,UX1994-45,97
Raleigh21,UX2000-126,108
Raleigh21,UX2028-61,105
Raleigh21,UX2000-127,108
Raleigh21,UX2000-128,117
Raleigh20,UX1994-47,99
Raleigh21,UX2028-60,107
Raleigh21,UX2028-67,106
Raleigh20,UX1994-50,99
Raleigh21,UX2000-129,101
Raleigh20,UX1994-164,99
Raleigh21,UX2028-66,107
Raleigh20,UX1994-49,97
Raleigh21,UX2028-65,109
Raleigh21,UX2028-64,106
Raleigh20,UX2029-17,100
Raleigh20,UX2029-16,101
Raleigh20,UX2029-15,103
Raleigh20,UX2029-14,98
Raleigh20,UX2029-19,101
Raleigh20,UX2029-18,100
Raleigh20,UX2029-13,100
Raleigh20,UX2029-12,98
Raleigh20,UX2029-11,98
Raleigh20,UX2029-10,100
Raleigh20,UX1990-83,97
Raleigh21,UX1995-201,102
Raleigh21,UX1995-200,108
Raleigh21,UX1995-203,107
Raleigh21,UX1995-202,103
Raleigh21,UX1995-205,108
Raleigh21,UX1995-204,102
Raleigh21,UX1995-207,104
Raleigh21,UX1995-206,111
Raleigh21,UX1995-209,108
Raleigh21,UX1995-208,104
Raleigh21,UX1995-210,102
Raleigh21,UX1995-212,107
Raleigh21,UX1995-211,108
Raleigh21,UX1995-214,109
Raleigh21,UX1995-213,108
Raleigh21,UX1995-216,102
Raleigh21,UX1995-215,105
Raleigh21,UX1995-218,104
Raleigh21,UX1995-217,111
Raleigh21,UX2028-166,104
Raleigh21,UX2028-165,102
Raleigh21,UX2028-164,102
Raleigh21,UX2028-163,102
Raleigh21,UX2028-169,100
Raleigh21,UX2028-168,102
Raleigh21,UX2028-167,104
Raleigh21,UX1995-1,108
Raleigh21,UX1995-5,110
Raleigh21,UX2028-162,107
Raleigh21,UX1995-4,107
Raleigh21,UX2028-161,108
Raleigh21,UX1995-3,104
Raleigh21,UX2028-160,102
Raleigh21,UX1995-2,101
Raleigh21,UX1995-9,107
Raleigh21,UX1995-8,104
Raleigh21,UX1995-7,104
Raleigh21,UX1995-6,105
Raleigh20,UX1990-57,119
Raleigh21,UX2028-177,107
Raleigh21,UX2028-176,104
Raleigh21,UX2028-175,107
Raleigh21,UX2028-174,108
Raleigh21,UX2028-179,103
Raleigh21,UX2028-178,104
Raleigh21,UX2028-173,105
Raleigh21,UX2028-172,104
Raleigh21,UX2028-171,102
Raleigh21,UX2028-170,104
Raleigh21,UX2028-188,107
Raleigh21,UX2028-187,106
Raleigh21,UX2028-186,108
Raleigh21,UX2028-185,112
Raleigh21,UX2028-189,104
Raleigh21,UX2028-180,102
Raleigh21,UX2028-184,109
Raleigh21,UX2028-183,105
Raleigh21,UX2028-182,108
Raleigh21,UX2028-181,105
Raleigh21,UX2028-199,108
Raleigh21,UX2028-198,106
Raleigh21,UX2028-197,104
Raleigh21,UX2028-196,105
Raleigh21,UX2028-190,104
Raleigh21,UX2028-195,104
Raleigh21,UX2028-193,104
Raleigh21,UX2028-192,108
