chr,pos,id,A1,A2,freqA2,beta,sd,p,LOG,FDR,bon
1B,628627506,S1B_628627506,G,A,8.051529790660225e-4,23.877192982456158,4.979510410226437,2.0426598002846084e-6,5.689803957969552,3.097889160942274e-4,0.014560079056428688
1D,12822941,S1D_12822941,A,T,8.051529790660225e-4,23.877192982456158,4.979510410226437,2.0426598002846084e-6,5.689803957969552,3.097889160942274e-4,0.014560079056428688
2A,744286405,S2A_744286405,G,C,0.001610305958132045,11.938596491228079,2.4897552051132186,2.0426598002846084e-6,5.689803957969552,3.097889160942274e-4,0.014560079056428688
2B,2168193,S2B_2168193,C,T,0.001610305958132045,11.938596491228079,2.4897552051132186,2.0426598002846084e-6,5.689803957969552,3.097889160942274e-4,0.014560079056428688
2B,4482630,S2B_4482630,A,G,0.001610305958132045,11.938596491228079,2.4897552051132186,2.0426598002846084e-6,5.689803957969552,3.097889160942274e-4,0.014560079056428688
2B,4783917,S2B_4783917,G,A,8.051529790660225e-4,23.877192982456158,4.979510410226437,2.0426598002846084e-6,5.689803957969552,3.097889160942274e-4,0.014560079056428688
2B,11288243,S2B_11288243,G,A,0.001610305958132045,11.938596491228079,2.4897552051132186,2.0426598002846084e-6,5.689803957969552,3.097889160942274e-4,0.014560079056428688
2B,14048067,S2B_14048067,T,C,8.051529790660225e-4,23.877192982456158,4.979510410226437,2.0426598002846084e-6,5.689803957969552,3.097889160942274e-4,0.014560079056428688
2B,15387240,S2B_15387240,G,A,0.001610305958132045,11.938596491228079,2.4897552051132186,2.0426598002846084e-6,5.689803957969552,3.097889160942274e-4,0.014560079056428688
2B,24905748,S2B_24905748,C,T,0.001610305958132045,11.938596491228079,2.4897552051132186,2.0426598002846084e-6,5.689803957969552,3.097889160942274e-4,0.014560079056428688
2B,31600940,S2B_31600940,G,A,8.051529790660225e-4,23.877192982456158,4.979510410226437,2.0426598002846084e-6,5.689803957969552,3.097889160942274e-4,0.014560079056428688
2B,776279397,S2B_776279397,G,A,8.051529790660225e-4,23.877192982456158,4.979510410226437,2.0426598002846084e-6,5.689803957969552,3.097889160942274e-4,0.014560079056428688
2B,776529932,S2B_776529932,G,A,8.051529790660225e-4,23.877192982456158,4.979510410226437,2.0426598002846084e-6,5.689803957969552,3.097889160942274e-4,0.014560079056428688
2B,787533001,S2B_787533001,A,G,0.001610305958132045,11.938596491228079,2.4897552051132186,2.0426598002846084e-6,5.689803957969552,3.097889160942274e-4,0.014560079056428688
2B,787533194,S2B_787533194,T,C,0.001610305958132045,11.938596491228079,2.4897552051132186,2.0426598002846084e-6,5.689803957969552,3.097889160942274e-4,0.014560079056428688
2B,789672652,S2B_789672652,C,A,8.051529790660225e-4,23.877192982456158,4.979510410226437,2.0426598002846084e-6,5.689803957969552,3.097889160942274e-4,0.014560079056428688
2D,649780094,S2D_649780094,T,A,0.001610305958132045,11.938596491228079,2.4897552051132186,2.0426598002846084e-6,5.689803957969552,3.097889160942274e-4,0.014560079056428688
2D,650031976,S2D_650031976,C,T,0.001610305958132045,11.938596491228079,2.4897552051132186,2.0426598002846084e-6,5.689803957969552,3.097889160942274e-4,0.014560079056428688
3A,533589765,S3A_533589765,G,A,8.051529790660225e-4,23.877192982456158,4.979510410226437,2.0426598002846084e-6,5.689803957969552,3.097889160942274e-4,0.014560079056428688
3B,13922644,S3B_13922644,A,G,0.004830917874396135,8.370938571258451,1.7714833800076843,2.8499588322635628e-6,5.545161413342331,4.2321888659113905e-4,0.020314506556374675
3D,249839450,S3D_249839450,A,G,8.051529790660225e-4,23.877192982456158,4.979510410226437,2.0426598002846084e-6,5.689803957969552,3.097889160942274e-4,0.014560079056428688
4B,24907065,S4B_24907065,C,G,0.001610305958132045,11.938596491228079,2.4897552051132186,2.0426598002846084e-6,5.689803957969552,3.097889160942274e-4,0.014560079056428688
4B,25266815,S4B_25266815,C,T,8.051529790660225e-4,23.877192982456158,4.979510410226437,2.0426598002846084e-6,5.689803957969552,3.097889160942274e-4,0.014560079056428688
4B,28735878,S4B_28735878,C,G,0.001610305958132045,11.938596491228079,2.4897552051132186,2.0426598002846084e-6,5.689803957969552,3.097889160942274e-4,0.014560079056428688
4B,30319548,S4B_30319548,A,T,0.001610305958132045,11.938596491228079,2.4897552051132186,2.0426598002846084e-6,5.689803957969552,3.097889160942274e-4,0.014560079056428688
4B,660521360,S4B_660521360,A,C,8.051529790660225e-4,23.877192982456158,4.979510410226437,2.0426598002846084e-6,5.689803957969552,3.097889160942274e-4,0.014560079056428688
4D,313880886,S4D_313880886,G,A,8.051529790660225e-4,23.877192982456158,4.979510410226437,2.0426598002846084e-6,5.689803957969552,3.097889160942274e-4,0.014560079056428688
5B,588524512,S5B_588524512,T,A,0.001610305958132045,11.938596491228079,2.4897552051132186,2.0426598002846084e-6,5.689803957969552,3.097889160942274e-4,0.014560079056428688
5B,596540389,S5B_596540389,C,T,0.001610305958132045,11.938596491228079,2.4897552051132186,2.0426598002846084e-6,5.689803957969552,3.097889160942274e-4,0.014560079056428688
5B,601406460,S5B_601406460,A,C,0.001610305958132045,11.938596491228079,2.4897552051132186,2.0426598002846084e-6,5.689803957969552,3.097889160942274e-4,0.014560079056428688
5B,602830741,S5B_602830741,C,T,0.001610305958132045,11.938596491228079,2.4897552051132186,2.0426598002846084e-6,5.689803957969552,3.097889160942274e-4,0.014560079056428688
5B,603592856,S5B_603592856,A,G,0.001610305958132045,11.938596491228079,2.4897552051132186,2.0426598002846084e-6,5.689803957969552,3.097889160942274e-4,0.014560079056428688
5B,604066221,S5B_604066221,A,C,0.001610305958132045,11.938596491228079,2.4897552051132186,2.0426598002846084e-6,5.689803957969552,3.097889160942274e-4,0.014560079056428688
5B,605513603,S5B_605513603,G,C,0.001610305958132045,11.938596491228079,2.4897552051132186,2.0426598002846084e-6,5.689803957969552,3.097889160942274e-4,0.014560079056428688
5B,617809232,S5B_617809232,G,A,8.051529790660225e-4,23.877192982456158,4.979510410226437,2.0426598002846084e-6,5.689803957969552,3.097889160942274e-4,0.014560079056428688
5B,621311482,S5B_621311482,G,A,0.001610305958132045,11.938596491228079,2.4897552051132186,2.0426598002846084e-6,5.689803957969552,3.097889160942274e-4,0.014560079056428688
6B,152196843,S6B_152196843,C,A,0.001610305958132045,11.938596491228079,2.4897552051132186,2.0426598002846084e-6,5.689803957969552,3.097889160942274e-4,0.014560079056428688
6B,154004312,S6B_154004312,C,T,8.051529790660225e-4,23.877192982456158,4.979510410226437,2.0426598002846084e-6,5.689803957969552,3.097889160942274e-4,0.014560079056428688
6B,157776803,S6B_157776803,G,A,8.051529790660225e-4,23.877192982456158,4.979510410226437,2.0426598002846084e-6,5.689803957969552,3.097889160942274e-4,0.014560079056428688
6B,166622515,S6B_166622515,C,T,8.051529790660225e-4,23.877192982456158,4.979510410226437,2.0426598002846084e-6,5.689803957969552,3.097889160942274e-4,0.014560079056428688
6B,167030574,S6B_167030574,C,G,0.001610305958132045,11.938596491228079,2.4897552051132186,2.0426598002846084e-6,5.689803957969552,3.097889160942274e-4,0.014560079056428688
6B,314022291,S6B_314022291,C,T,0.001610305958132045,11.938596491228079,2.4897552051132186,2.0426598002846084e-6,5.689803957969552,3.097889160942274e-4,0.014560079056428688
6B,460206626,S6B_460206626,G,C,8.051529790660225e-4,23.877192982456158,4.979510410226437,2.0426598002846084e-6,5.689803957969552,3.097889160942274e-4,0.014560079056428688
6B,462137843,S6B_462137843,G,A,0.001610305958132045,11.938596491228079,2.4897552051132186,2.0426598002846084e-6,5.689803957969552,3.097889160942274e-4,0.014560079056428688
7B,69355296,S7B_69355296,G,A,0.001610305958132045,11.938596491228079,2.4897552051132186,2.0426598002846084e-6,5.689803957969552,3.097889160942274e-4,0.014560079056428688
7B,344445704,S7B_344445704,G,A,8.051529790660225e-4,23.877192982456158,4.979510410226437,2.0426598002846084e-6,5.689803957969552,3.097889160942274e-4,0.014560079056428688
7B,639382659,S7B_639382659,G,T,0.001610305958132045,11.938596491228079,2.4897552051132186,2.0426598002846084e-6,5.689803957969552,3.097889160942274e-4,0.014560079056428688
7B,639776367,S7B_639776367,G,A,8.051529790660225e-4,23.877192982456158,4.979510410226437,2.0426598002846084e-6,5.689803957969552,3.097889160942274e-4,0.014560079056428688
