"","S5A_585018041","S5A_585200466","S5A_585223490","S5A_595373332","S5A_596009159","S5A_596575680","S5A_596599151","S5A_597279906","S5A_597660738","S5A_597750832","S5A_598072246","S5B_564112036","S5B_564466954","S5B_564515168","S5B_564515176","S5B_565590938","S5B_565590972"
"GA00190-7A14",0,0,0,2,0,2,2,0,2,2,0,0,0,1,1,1,0
"MPV57",0,0,0,0,0,2,2,0,0,0,0,0,0,0,0,2,2
"GA001138-8E36",0,0,1,1,2,0,0,0,2,1,2,0,0,1,1,1,0
"SCTX98-27C1",0,0,0,2,2,0,0,0,2,2,2,0,0,1,1,1,0
"NC08-23383",2,1,2,2,1,0,1,0,0,0,0,0,0,2,1,0,0
"HILLIARD",2,2,2,0,0,0,0,2,0,0,0,0,0,0,0,2,0
"GA05450-EL52",0,0,0,0,0,0,0,2,0,0,0,0,0,1,1,1,0
"SS8641",0,0,0,0,0,1,0,2,0,0,0,0,0,1,1,1,0
"NC8248-1",2,1,1,2,2,0,0,0,2,2,2,0,0,1,1,1,0
"LA09264C-P2",0,0,0,2,2,0,0,0,2,2,2,0,0,0,0,2,0
"GA06493-13LE6",0,0,0,0,0,2,0,2,0,0,0,0,0,0,0,2,2
"AGS2000",2,2,2,0,0,2,0,2,0,0,0,2,2,0,0,0,0
"TX12D4896",0,0,0,2,2,0,0,0,2,2,2,0,0,0,2,0,0
"LA95135",2,2,2,0,0,2,2,0,2,2,0,2,2,0,0,0,0
"LA0964C-P2",0,0,0,2,2,0,0,0,2,2,2,0,0,0,0,2,0
"ARGA051160-14LE31",0,0,0,0,0,0,0,2,0,0,0,0,0,2,2,1,0
"UX1444-209",2,2,2,0,0,2,2,0,2,2,0,2,2,0,0,0,0
"UX1444-205",2,2,2,0,0,2,0,2,0,0,0,2,2,0,0,0,0
"UX1444-206",2,2,2,0,0,2,2,0,2,2,0,2,2,0,0,0,0
"UX1444-207",2,2,2,0,0,2,1,1,1,1,0,2,2,0,0,0,0
"UX1444-208",2,2,2,0,0,2,0,2,0,0,0,2,2,0,0,0,0
"UX1444-201",2,2,2,0,0,2,2,0,2,2,0,2,2,0,0,0,0
"UX1444-202",2,2,2,0,0,2,0,2,0,0,0,2,2,0,0,0,0
"UX1444-203",2,2,2,0,0,2,1,1,1,1,0,2,2,0,0,0,0
"UX1444-204",2,2,2,0,0,2,0,2,0,0,0,2,2,0,0,0,0
"UX1444-200",2,2,2,0,0,2,2,0,2,2,0,2,2,0,0,0,0
"UX1444-128",2,2,2,0,0,2,0,2,0,0,0,2,2,0,0,0,0
"UX1444-124",2,2,2,0,0,2,2,0,2,2,0,2,2,0,0,0,0
"UX1444-126",2,2,2,0,0,2,0,2,0,0,0,2,2,0,0,0,0
"UX1444-120",2,2,2,0,0,2,0,2,0,0,0,2,2,0,0,0,0
"UX1444-121",2,2,2,0,0,2,0,2,0,0,0,2,2,0,0,0,0
"UX1444-122",2,2,2,0,0,2,2,0,2,2,0,2,2,0,0,0,0
"UX1444-123",2,2,2,0,0,2,0,2,0,0,0,2,2,0,0,0,0
"UX1444-117",2,2,2,0,0,2,2,0,2,2,0,2,2,0,0,0,0
"UX1444-119",2,2,2,0,0,2,0,2,0,0,0,2,2,0,0,0,0
"UX1444-350",2,2,2,0,0,2,2,0,2,2,0,2,2,0,0,0,0
"UX1444-113",2,2,2,0,0,2,2,0,2,2,0,2,2,0,0,0,0
"UX1444-115",2,2,2,0,0,2,0,2,0,0,0,2,2,0,0,0,0
"UX1444-116",2,2,2,0,0,2,2,0,2,2,0,2,2,0,0,0,0
"UX1444-230",2,2,2,0,0,2,2,0,2,2,0,2,2,0,0,0,0
"UX1444-353",2,2,2,0,0,2,0,2,0,0,0,2,2,0,0,0,0
"UX1444-111",2,2,2,0,0,2,0,2,0,0,0,2,2,0,0,0,0
"UX1444-227",2,2,2,0,0,2,2,0,2,2,0,2,2,0,0,0,0
"UX1444-348",2,2,2,0,0,2,2,0,2,2,0,2,2,0,0,0,0
"UX1444-228",2,2,2,0,0,2,0,2,0,0,0,2,2,0,0,0,0
"UX1444-349",2,2,2,0,0,2,2,0,2,2,0,2,2,0,0,0,0
"UX1444-229",2,2,2,0,0,2,0,2,0,0,0,2,2,0,0,0,0
"UX1444-223",2,2,2,0,0,2,2,0,2,2,0,2,2,0,0,0,0
"UX1444-224",2,2,2,0,0,2,0,2,0,0,0,2,2,0,0,0,0
"UX1444-347",2,2,2,0,0,2,0,2,0,0,0,2,2,0,0,0,0
"UX1444-226",2,2,2,0,0,2,0,2,0,0,0,2,2,0,0,0,0
"UX1444-220",2,2,2,0,0,2,0,2,0,0,0,2,2,0,0,0,0
"UX1444-221",2,2,2,0,0,2,2,0,2,2,0,2,2,0,0,0,0
"UX1444-222",2,2,2,0,0,2,2,0,2,2,0,2,2,0,0,0,0
"UX1444-216",2,2,2,0,0,2,0,2,0,0,0,2,2,0,0,0,0
"UX1444-218",2,2,2,0,0,2,2,0,2,2,0,2,2,0,0,0,0
"UX1444-219",2,2,2,0,0,2,2,0,2,2,0,2,2,0,0,0,0
"UX1444-213",2,2,2,0,0,2,0,2,0,0,0,2,2,0,0,0,0
"UX1444-160",2,2,2,0,0,2,0,2,0,0,0,2,2,0,0,0,0
"UX1444-163",2,2,2,0,0,2,2,0,2,2,0,2,2,0,0,0,0
"UX1444-168",2,2,2,0,0,2,0,2,0,0,0,2,2,0,0,0,0
"UX1444-169",2,2,2,0,0,2,2,0,2,2,0,2,2,0,0,0,0
"UX1444-164",2,2,2,0,0,2,0,2,0,0,0,2,2,0,0,0,0
"UX1444-165",2,2,2,0,0,2,2,0,2,2,0,2,2,0,0,0,0
"UX1444-166",2,2,2,0,0,2,0,2,0,0,0,2,2,0,0,0,0
"UX1444-167",2,2,2,0,0,2,0,2,0,0,0,2,2,0,0,0,0
"UX1444-150",2,2,2,0,0,2,2,0,2,2,0,2,2,0,0,0,0
"UX1444-152",2,2,2,0,0,2,2,0,2,2,0,2,2,0,0,0,0
"UX1444-157",2,2,2,0,0,2,0,2,0,0,0,2,2,0,0,0,0
"UX1444-158",2,2,2,0,0,2,0,2,0,0,0,2,2,0,0,0,0
"UX1444-159",2,2,2,0,0,2,1,1,1,1,0,2,2,0,0,0,0
"UX1444-153",2,2,2,0,0,2,0,2,0,0,0,2,2,0,0,0,0
"UX1444-155",2,2,2,0,0,2,2,0,2,2,0,2,2,0,0,0,0
"UX1444-141",2,2,2,0,0,2,0,2,0,0,0,2,2,0,0,0,0
"UX1444-146",2,2,2,0,0,2,2,0,2,2,0,2,2,0,0,0,0
"UX1444-147",2,2,2,0,0,2,2,0,2,2,0,2,2,0,0,0,0
"UX1444-148",2,2,2,0,0,2,0,2,0,0,0,2,2,0,0,0,0
"UX1444-149",2,2,2,0,0,2,2,0,2,2,0,2,2,0,0,0,0
"UX1444-143",2,2,2,0,0,2,0,2,0,0,0,2,2,0,0,0,0
"UX1444-144",2,2,2,0,0,2,2,0,2,2,0,2,2,0,0,0,0
"UX1444-145",2,2,2,0,0,2,0,2,0,0,0,2,2,0,0,0,0
"UX1444-139",2,2,2,0,0,2,2,0,2,2,0,2,2,0,0,0,0
"UX1444-135",2,2,2,0,0,2,2,0,2,2,0,2,2,0,0,0,0
"UX1444-136",2,2,2,0,0,2,0,2,0,0,0,2,2,0,0,0,0
"UX1444-137",2,2,2,0,0,2,0,2,0,0,0,2,2,0,0,0,0
"UX1444-131",2,2,2,0,0,2,2,0,2,2,0,2,2,0,0,0,0
"UX1444-132",2,2,2,0,0,2,2,0,2,2,0,2,2,0,0,0,0
"UX1444-133",2,2,2,0,0,2,2,0,2,2,0,2,2,0,0,0,0
"UX1444-134",2,2,2,0,0,2,2,0,2,2,0,2,2,0,0,0,0
"UX1444-193",2,2,2,0,0,2,2,0,2,2,0,2,2,0,0,0,0
"UX1444-195",2,2,2,0,0,2,2,0,2,2,0,2,2,0,0,0,0
"UX1444-196",2,2,2,0,0,2,0,2,0,0,0,2,2,0,0,0,0
"UX1444-190",2,2,2,0,0,2,1,1,1,1,0,2,2,0,0,0,0
"UX1444-191",2,2,2,0,0,2,2,0,2,2,0,2,2,0,0,0,0
"UX1444-197",2,2,2,0,0,2,1,1,1,1,0,2,2,0,0,0,0
"UX1444-198",2,2,2,0,0,2,2,0,2,2,0,2,2,0,0,0,0
"UX1444-199",2,2,2,0,0,2,0,2,0,0,0,2,2,0,0,0,0
"UX1444-182",2,2,2,0,0,2,2,0,2,2,0,2,2,0,0,0,0
"UX1444-185",2,2,2,0,0,2,2,0,2,2,0,2,2,0,0,0,0
"UX1444-180",2,2,2,0,0,2,2,0,2,2,0,2,2,0,0,0,0
"UX1444-186",2,2,2,0,0,2,0,2,0,0,0,2,2,0,0,0,0
"UX1444-187",2,2,2,0,0,2,2,0,2,2,0,2,2,0,0,0,0
"UX1444-188",2,2,2,0,0,2,2,0,2,2,0,2,2,0,0,0,0
"UX1444-189",2,2,2,0,0,2,2,0,2,2,0,2,2,0,0,0,0
"UX1444-171",2,2,2,0,0,2,0,2,0,0,0,2,2,0,0,0,0
"UX1444-173",2,2,2,0,0,2,0,2,0,0,0,2,2,0,0,0,0
"UX1444-174",2,2,2,0,0,2,2,0,2,2,0,2,2,0,0,0,0
"UX1444-170",2,2,2,0,0,2,2,0,2,2,0,2,2,0,0,0,0
"UX1444-179",2,2,2,0,0,2,2,0,2,2,0,2,2,0,0,0,0
"UX1444-175",2,2,2,0,0,2,2,0,2,2,0,2,2,0,0,0,0
"UX1444-176",2,2,2,0,0,2,0,2,0,0,0,2,2,0,0,0,0
"UX1444-177",2,2,2,0,0,2,0,2,0,0,0,2,2,0,0,0,0
"UX1444-178",2,2,2,0,0,2,0,2,0,0,0,2,2,0,0,0,0
"UX1444-225",2,2,2,0,0,2,2,0,2,2,0,2,2,0,0,0,0
"UX1444-110",2,2,2,0,0,2,0,2,0,0,0,2,2,0,0,0,0
"UX1444-106",2,2,2,0,0,2,0,2,0,0,0,2,2,0,0,0,0
"UX1444-107",2,2,2,0,0,2,2,0,2,2,0,2,2,0,0,0,0
"UX1444-108",2,2,2,0,0,2,0,2,0,0,0,2,2,0,0,0,0
"UX1444-109",2,2,2,0,0,2,2,0,2,2,0,2,2,0,0,0,0
"UX1444-344",2,2,2,0,0,2,2,0,2,2,0,2,2,0,0,0,0
"UX1444-102",2,2,2,0,0,2,0,2,0,0,0,2,2,0,0,0,0
"UX1444-345",2,2,2,0,0,2,0,2,0,0,0,2,2,0,0,0,0
"UX1444-104",2,2,2,0,0,2,2,0,2,2,0,2,2,0,0,0,0
"UX1444-342",2,2,2,0,0,2,2,0,2,2,0,2,2,0,0,0,0
"UX1444-100",2,2,2,0,0,2,1,1,1,1,0,2,2,0,0,0,0
"UX1444-343",2,2,2,0,0,2,0,2,0,0,0,2,2,0,0,0,0
"UX1444-101",2,2,2,0,0,2,0,2,0,0,0,2,2,0,0,0,0
"UX1444-9",2,2,2,0,0,2,2,0,2,2,0,2,2,0,0,0,0
"UX1444-7",2,2,2,0,0,2,0,2,0,0,0,2,2,0,0,0,0
"UX1444-8",2,2,2,0,0,2,0,2,0,0,0,2,2,0,0,0,0
"UX1444-2",2,2,2,0,0,2,2,0,2,2,0,2,2,0,0,0,0
"UX1444-5",2,2,2,0,0,2,0,2,0,0,0,2,2,0,0,0,0
"UX1444-6",2,2,2,0,0,2,0,2,0,0,0,2,2,0,0,0,0
"UX1444-3",2,2,2,0,0,2,0,2,0,0,0,2,2,0,0,0,0
"UX1444-4",2,2,2,0,0,2,0,2,0,0,0,2,2,0,0,0,0
"UX1444-94",2,2,2,0,0,2,2,0,2,2,0,2,2,0,0,0,0
"UX1444-92",2,2,2,0,0,2,2,0,2,2,0,2,2,0,0,0,0
"UX1444-98",2,2,2,0,0,2,2,0,2,2,0,2,2,0,0,0,0
"UX1444-99",2,2,2,0,0,2,0,2,0,0,0,2,2,0,0,0,0
"UX1444-96",2,2,2,0,0,2,0,2,0,0,0,2,2,0,0,0,0
"UX1444-83",2,2,2,0,0,2,0,2,0,0,0,2,2,0,0,0,0
"UX1444-84",2,2,2,0,0,2,2,0,2,2,0,2,2,0,0,0,0
"UX1444-81",2,2,2,0,0,2,2,0,2,2,0,2,2,0,0,0,0
"UX1444-87",2,2,2,0,0,2,0,2,0,0,0,2,2,0,0,0,0
"UX1444-88",2,2,2,0,0,2,2,0,2,2,0,2,2,0,0,0,0
"UX1444-85",2,2,2,0,0,2,2,0,2,2,0,2,2,0,0,0,0
"UX1444-89",2,2,2,0,0,2,2,0,2,2,0,2,2,0,0,0,0
"UX1444-90",2,2,2,0,0,2,2,0,2,2,0,2,2,0,0,0,0
"UX1444-91",2,2,2,0,0,2,0,2,0,0,0,2,2,0,0,0,0
"UX1444-72",2,2,2,0,0,2,2,0,2,2,0,2,2,0,0,0,0
"UX1444-73",2,2,2,0,0,2,1,1,1,1,0,2,2,0,0,0,0
"UX1444-70",2,2,2,0,0,2,0,2,0,0,0,2,2,0,0,0,0
"UX1444-71",2,2,2,0,0,2,2,0,2,2,0,2,2,0,0,0,0
"UX1444-76",2,2,2,0,0,2,0,2,0,0,0,2,2,0,0,0,0
"UX1444-77",2,2,2,0,0,2,2,0,2,2,0,2,2,0,0,0,0
"UX1444-75",2,2,2,0,0,2,2,0,2,2,0,2,2,0,0,0,0
"UX1444-79",2,2,2,0,0,2,2,0,2,2,0,2,2,0,0,0,0
"UX1444-80",2,2,2,0,0,2,0,2,0,0,0,2,2,0,0,0,0
"UX1444-61",2,2,2,0,0,2,0,2,0,0,0,2,2,0,0,0,0
"UX1444-62",2,2,2,0,0,2,0,2,0,0,0,2,2,0,0,0,0
"UX1444-60",2,2,2,0,0,2,2,0,2,2,0,2,2,0,0,0,0
"UX1444-65",2,2,2,0,0,2,2,0,2,2,0,2,2,0,0,0,0
"UX1444-63",2,2,2,0,0,2,0,2,0,0,0,2,2,0,0,0,0
"UX1444-64",2,2,2,0,0,2,2,0,2,2,0,2,2,0,0,0,0
"UX1444-69",2,2,2,0,0,2,2,0,2,2,0,2,2,0,0,0,0
"UX1444-67",2,2,2,0,0,2,0,2,0,0,0,2,2,0,0,0,0
"UX1444-68",2,2,2,0,0,2,0,2,0,0,0,2,2,0,0,0,0
"UX1444-50",2,2,2,0,0,2,0,2,0,0,0,2,2,0,0,0,0
"UX1444-54",2,2,2,0,0,2,2,0,2,2,0,2,2,0,0,0,0
"UX1444-55",2,2,2,0,0,2,2,0,2,2,0,2,2,0,0,0,0
"UX1444-52",2,2,2,0,0,2,2,0,2,2,0,2,2,0,0,0,0
"UX1444-53",2,2,2,0,0,2,2,0,2,2,0,2,2,0,0,0,0
"UX1444-58",2,2,2,0,0,2,2,0,2,2,0,2,2,0,0,0,0
"UX1444-56",2,2,2,0,0,2,2,0,2,2,0,2,2,0,0,0,0
"UX1444-57",2,2,2,0,0,2,0,2,0,0,0,2,2,0,0,0,0
"UX1444-40",2,2,2,0,0,2,2,0,2,2,0,2,2,0,0,0,0
"UX1444-43",2,2,2,0,0,2,2,0,2,2,0,2,2,0,0,0,0
"UX1444-44",2,2,2,0,0,2,0,2,0,0,0,2,2,0,0,0,0
"UX1444-41",2,2,2,0,0,2,0,2,0,0,0,2,2,0,0,0,0
"UX1444-42",2,2,2,0,0,2,0,2,0,0,0,2,2,0,0,0,0
"UX1444-47",2,2,2,0,0,2,2,0,2,2,0,2,2,0,0,0,0
"UX1444-48",2,2,2,0,0,2,2,0,2,2,0,2,2,0,0,0,0
"UX1444-45",2,2,2,0,0,2,0,2,0,0,0,2,2,0,0,0,0
"UX1444-49",2,2,2,0,0,2,2,0,2,2,0,2,2,0,0,0,0
"UX1444-32",2,2,2,0,0,2,2,0,2,2,0,2,2,0,0,0,0
"UX1444-33",2,2,2,0,0,2,2,0,2,2,0,2,2,0,0,0,0
"UX1444-30",2,2,2,0,0,2,0,2,0,0,0,2,2,0,0,0,0
"UX1444-31",2,2,2,0,0,2,0,2,0,0,0,2,2,0,0,0,0
"UX1444-36",2,2,2,0,0,2,2,0,2,2,0,2,2,0,0,0,0
"UX1444-34",2,2,2,0,0,2,2,0,2,2,0,2,2,0,0,0,0
"UX1444-35",2,2,2,0,0,2,2,0,2,2,0,2,2,0,0,0,0
"UX1444-38",2,2,2,0,0,2,2,0,2,2,0,2,2,0,0,0,0
"UX1444-39",2,2,2,0,0,2,2,0,2,2,0,2,2,0,0,0,0
"UX1444-22",2,2,2,0,0,2,1,1,1,1,0,2,2,0,0,0,0
"UX1444-20",2,2,2,0,0,2,0,2,0,0,0,2,2,0,0,0,0
"UX1444-25",2,2,2,0,0,2,2,0,2,2,0,2,2,0,0,0,0
"UX1444-26",2,2,2,0,0,2,2,0,2,2,0,2,2,0,0,0,0
"UX1444-23",2,2,2,0,0,2,1,1,1,1,0,2,2,0,0,0,0
"UX1444-24",2,2,2,0,0,2,2,0,2,2,0,2,2,0,0,0,0
"UX1444-29",2,2,2,0,0,2,2,0,2,2,0,2,2,0,0,0,0
"UX1444-27",2,2,2,0,0,2,0,2,0,0,0,2,2,0,0,0,0
"UX1444-10",2,2,2,0,0,2,2,0,2,2,0,2,2,0,0,0,0
"UX1444-11",2,2,2,0,0,2,2,0,2,2,0,2,2,0,0,0,0
"UX1444-14",2,2,2,0,0,2,0,2,0,0,0,2,2,0,0,0,0
"UX1444-15",2,2,2,0,0,2,2,0,2,2,0,2,2,0,0,0,0
"UX1444-12",2,2,2,0,0,2,0,2,0,0,0,2,2,0,0,0,0
"UX1444-13",2,2,2,0,0,2,0,2,0,0,0,2,2,0,0,0,0
"UX1444-18",2,2,2,0,0,2,2,0,2,2,0,2,2,0,0,0,0
"UX1444-19",2,2,2,0,0,2,0,2,0,0,0,2,2,0,0,0,0
"UX1444-16",2,2,2,0,0,2,0,2,0,0,0,2,2,0,0,0,0
"UX1444-17",2,2,2,0,0,2,1,1,1,1,0,2,2,0,0,0,0
"UX1444-326",2,2,2,0,0,2,2,0,2,2,0,2,2,0,0,0,0
"UX1444-327",2,2,2,0,0,2,2,0,2,2,0,2,2,0,0,0,0
"UX1444-328",2,2,2,0,0,2,2,0,2,2,0,2,2,0,0,0,0
"UX1444-322",2,2,2,0,0,2,0,2,0,0,0,2,2,0,0,0,0
"UX1444-323",2,2,2,0,0,2,2,0,2,2,0,2,2,0,0,0,0
"UX1444-325",2,2,2,0,0,2,0,2,0,0,0,2,2,0,0,0,0
"UX1444-321",2,2,2,0,0,2,2,0,2,2,0,2,2,0,0,0,0
"UX1444-315",2,2,2,0,0,2,2,0,2,2,0,2,2,0,0,0,0
"UX1444-317",2,2,2,0,0,2,2,0,2,2,0,2,2,0,0,0,0
"UX1444-311",2,2,2,0,0,2,2,0,2,2,0,2,2,0,0,0,0
"UX1444-312",2,2,2,0,0,2,2,0,2,2,0,2,2,0,0,0,0
"UX1444-313",2,2,2,0,0,2,0,2,0,0,0,2,2,0,0,0,0
"UX1444-314",2,2,2,0,0,2,2,0,2,2,0,2,2,0,0,0,0
"UX1444-308",2,2,2,0,0,2,1,1,1,1,0,2,2,0,0,0,0
"UX1444-309",2,2,2,0,0,2,2,0,2,2,0,2,2,0,0,0,0
"UX1444-304",2,2,2,0,0,2,2,0,2,2,0,2,2,0,0,0,0
"UX1444-306",2,2,2,0,0,2,2,0,2,2,0,2,2,0,0,0,0
"UX1444-307",2,2,2,0,0,2,0,2,0,0,0,2,2,0,0,0,0
"UX1444-300",2,2,2,0,0,2,2,0,2,2,0,2,2,0,0,0,0
"UX1444-301",2,2,2,0,0,2,0,2,0,0,0,2,2,0,0,0,0
"UX1444-302",2,2,2,0,0,2,1,1,1,1,0,2,2,0,0,0,0
"UX1444-249",2,2,2,0,0,2,2,0,2,2,0,2,2,0,0,0,0
"UX1444-360",2,2,2,0,0,2,0,2,0,0,0,2,2,0,0,0,0
"UX1444-245",2,2,2,0,0,2,2,0,2,2,0,2,2,0,0,0,0
"UX1444-246",2,2,2,0,0,2,0,2,0,0,0,2,2,0,0,0,0
"UX1444-247",2,2,2,0,0,2,2,0,2,2,0,2,2,0,0,0,0
"UX1444-241",2,2,2,0,0,2,0,2,0,0,0,2,2,0,0,0,0
"UX1444-242",2,2,2,0,0,2,2,0,2,2,0,2,2,0,0,0,0
"UX1444-244",2,2,2,0,0,2,2,0,2,2,0,2,2,0,0,0,0
"UX1444-359",2,2,2,0,0,2,0,2,0,0,0,2,2,0,0,0,0
"UX1444-238",2,2,2,0,0,2,0,2,0,0,0,2,2,0,0,0,0
"UX1444-239",2,2,2,0,0,2,0,2,0,0,0,2,2,0,0,0,0
"UX1444-234",2,2,2,0,0,2,0,2,0,0,0,2,2,0,0,0,0
"UX1444-356",2,2,2,0,0,2,2,0,2,2,0,2,2,0,0,0,0
"UX1444-235",2,2,2,0,0,2,0,2,0,0,0,2,2,0,0,0,0
"UX1444-357",2,2,2,0,0,2,2,0,2,2,0,2,2,0,0,0,0
"UX1444-237",2,2,2,0,0,2,2,0,2,2,0,2,2,0,0,0,0
"UX1444-231",2,2,2,0,0,2,0,2,0,0,0,2,2,0,0,0,0
"UX1444-232",2,2,2,0,0,2,2,0,2,2,0,2,2,0,0,0,0
"UX1444-233",2,2,2,0,0,2,2,0,2,2,0,2,2,0,0,0,0
"UX1444-354",2,2,2,0,0,2,0,2,0,0,0,2,2,0,0,0,0
"UX1444-340",2,2,2,0,0,2,0,2,0,0,0,2,2,0,0,0,0
"UX1444-341",2,2,2,0,0,2,0,2,0,0,0,2,2,0,0,0,0
"UX1444-337",2,2,2,0,0,2,2,0,2,2,0,2,2,0,0,0,0
"UX1444-338",2,2,2,0,0,2,0,2,0,0,0,2,2,0,0,0,0
"UX1444-339",2,2,2,0,0,2,2,0,2,2,0,2,2,0,0,0,0
"UX1444-333",2,2,2,0,0,2,0,2,0,0,0,2,2,0,0,0,0
"UX1444-334",2,2,2,0,0,2,0,2,0,0,0,2,2,0,0,0,0
"UX1444-335",2,2,2,0,0,2,0,2,0,0,0,2,2,0,0,0,0
"UX1444-336",2,2,2,0,0,2,0,2,0,0,0,2,2,0,0,0,0
"UX1444-330",2,2,2,0,0,2,0,2,0,0,0,2,2,0,0,0,0
"UX1444-331",2,2,2,0,0,2,2,0,2,2,0,2,2,0,0,0,0
"UX1444-332",2,2,2,0,0,2,0,2,0,0,0,2,2,0,0,0,0
"UX1444-281",2,2,2,0,0,2,2,0,2,2,0,2,2,0,0,0,0
"UX1444-282",2,2,2,0,0,2,0,2,0,0,0,2,2,0,0,0,0
"UX1444-283",2,2,2,0,0,2,0,2,0,0,0,2,2,0,0,0,0
"UX1444-284",2,2,2,0,0,2,0,2,0,0,0,2,2,0,0,0,0
"UX1444-280",2,2,2,0,0,2,0,2,0,0,0,2,2,0,0,0,0
"UX1444-289",2,2,2,0,0,2,2,0,2,2,0,2,2,0,0,0,0
"UX1444-285",2,2,2,0,0,2,0,2,0,0,0,2,2,0,0,0,0
"UX1444-286",2,2,2,0,0,2,2,0,2,2,0,2,2,0,0,0,0
"UX1444-288",2,2,2,0,0,2,0,2,0,0,0,2,2,0,0,0,0
"UX1444-270",2,2,2,0,0,2,0,2,0,0,0,2,2,0,0,0,0
"UX1444-271",2,2,2,0,0,2,2,0,2,2,0,2,2,0,0,0,0
"UX1444-272",2,2,2,0,0,2,2,0,2,2,0,2,2,0,0,0,0
"UX1444-273",2,2,2,0,0,2,2,0,2,2,0,2,2,0,0,0,0
"UX1444-278",2,2,2,0,0,2,0,2,0,0,0,2,2,0,0,0,0
"UX1444-279",2,2,2,0,0,2,0,2,0,0,0,2,2,0,0,0,0
"UX1444-274",2,2,2,0,0,2,2,0,2,2,0,2,2,0,0,0,0
"UX1444-275",2,2,2,0,0,2,0,2,0,0,0,2,2,0,0,0,0
"UX1444-276",2,2,2,0,0,2,2,0,2,2,0,2,2,0,0,0,0
"UX1444-277",2,2,2,0,0,2,0,2,0,0,0,2,2,0,0,0,0
"UX1444-260",2,2,2,0,0,2,2,0,2,2,0,2,2,0,0,0,0
"UX1444-261",2,2,2,0,0,2,2,0,2,2,0,2,2,0,0,0,0
"UX1444-267",2,2,2,0,0,2,2,0,2,2,0,2,2,0,0,0,0
"UX1444-268",2,2,2,0,0,2,2,0,2,2,0,2,2,0,0,0,0
"UX1444-269",2,2,2,0,0,2,1,1,1,1,0,2,2,0,0,0,0
"UX1444-263",2,2,2,0,0,2,0,2,0,0,0,2,2,0,0,0,0
"UX1444-264",2,2,2,0,0,2,0,2,0,0,0,2,2,0,0,0,0
"UX1444-265",2,2,2,0,0,2,2,0,2,2,0,2,2,0,0,0,0
"UX1444-266",2,2,2,0,0,2,0,2,0,0,0,2,2,0,0,0,0
"UX1444-250",2,2,2,0,0,2,2,0,2,2,0,2,2,0,0,0,0
"UX1444-251",2,2,2,0,0,2,2,0,2,2,0,2,2,0,0,0,0
"UX1444-256",2,2,2,0,0,2,0,2,0,0,0,2,2,0,0,0,0
"UX1444-257",2,2,2,0,0,2,0,2,0,0,0,2,2,0,0,0,0
"UX1444-258",2,2,2,0,0,2,2,0,2,2,0,2,2,0,0,0,0
"UX1444-252",2,2,2,0,0,2,2,0,2,2,0,2,2,0,0,0,0
"UX1444-253",2,2,2,0,0,2,2,0,2,2,0,2,2,0,0,0,0
"UX1444-254",2,2,2,0,0,2,0,2,0,0,0,2,2,0,0,0,0
"UX1444-255",2,2,2,0,0,2,0,2,0,0,0,2,2,0,0,0,0
"UX1444-292",2,2,2,0,0,2,2,0,2,2,0,2,2,0,0,0,0
"UX1444-293",2,2,2,0,0,2,2,0,2,2,0,2,2,0,0,0,0
"UX1444-294",2,2,2,0,0,2,0,2,0,0,0,2,2,0,0,0,0
"UX1444-295",2,2,2,0,0,2,2,0,2,2,0,2,2,0,0,0,0
"UX1444-291",2,2,2,0,0,2,2,0,2,2,0,2,2,0,0,0,0
"UX1444-297",2,2,2,0,0,2,2,0,2,2,0,2,2,0,0,0,0
"UX1444-298",2,2,2,0,0,2,0,2,0,0,0,2,2,0,0,0,0
"UX1444-299",2,2,2,0,0,2,2,0,2,2,0,2,2,0,0,0,0
"UX1993-177",0,0,2,0,0,0,0,2,0,0,0,0,0,0,0,2,0
"UX1993-176",0,0,2,0,0,0,0,2,0,0,2,0,0,0,0,2,0
"UX1993-179",0,0,2,0,0,0,0,2,0,0,2,0,0,0,0,2,0
"UX1993-178",2,2,2,0,0,0,0,2,0,0,0,0,0,0,0,2,0
"UX1993-173",2,2,2,0,0,0,0,2,0,0,2,0,0,0,0,2,0
"UX1993-172",0,0,2,0,0,0,0,2,0,0,2,0,0,0,0,2,0
"UX1993-175",2,2,2,0,0,0,0,2,0,0,0,0,0,0,0,2,0
"UX1993-174",2,2,2,0,0,0,0,2,0,0,0,0,0,0,0,2,0
"UX1993-171",2,2,2,0,0,0,0,2,0,0,0,0,0,0,0,2,0
"UX1993-170",2,2,2,0,0,0,0,2,0,0,0,0,0,0,0,2,0
"UX1993-20",0,0,2,0,0,0,0,2,0,0,2,0,0,0,0,2,0
"UX1993-21",0,0,2,0,0,0,0,2,0,0,2,0,0,0,0,2,0
"UX1993-22",1,1,2,0,0,0,0,2,0,0,0,0,0,0,0,2,0
"UX1993-23",2,2,2,0,0,0,0,2,0,0,1,0,0,0,0,2,0
"UX1993-24",2,2,2,0,0,0,0,2,0,0,0,0,0,0,0,2,0
"UX1993-25",0,0,2,0,0,0,0,2,0,0,2,0,0,0,0,2,0
"UX1993-26",0,0,2,0,0,0,0,2,0,0,2,0,0,0,0,2,0
"UX1993-27",0,0,2,0,0,0,0,2,0,0,1,0,0,0,0,2,0
"UX1993-28",2,2,2,0,0,0,0,2,0,0,0,0,0,0,0,2,0
"UX1993-29",0,0,2,0,0,0,0,2,0,0,2,0,0,0,0,2,0
"UX1993-19",0,0,2,0,0,0,0,2,0,0,2,0,0,0,0,2,0
"UX1993-169",2,2,2,0,0,0,0,2,0,0,0,0,0,0,0,2,0
"UX1993-166",0,0,2,0,0,0,0,2,0,0,2,0,0,0,0,2,0
"UX1993-165",2,2,2,0,0,0,0,2,0,0,0,0,0,0,0,2,0
"UX1993-168",2,2,2,0,0,0,0,2,0,0,0,0,0,0,0,2,0
"UX1993-167",2,2,2,0,0,0,0,2,0,0,0,0,0,0,0,2,0
"UX1993-162",0,0,2,0,0,0,0,2,0,0,2,0,0,0,0,2,2
"UX1993-161",2,2,2,0,0,0,0,2,0,0,0,0,0,0,0,2,0
"UX1993-164",0,0,2,0,0,0,0,2,0,0,2,0,0,0,0,2,0
"UX1993-163",2,2,2,0,0,0,0,2,0,0,0,0,0,0,0,2,0
"UX1993-160",2,2,2,0,0,0,0,2,0,0,0,0,0,0,0,2,0
"UX1993-10",0,0,2,0,0,0,0,2,0,0,2,0,0,0,0,2,0
"UX1993-11",0,0,2,0,0,0,0,2,0,0,2,0,0,0,0,2,0
"UX1993-12",0,0,2,0,0,0,0,2,0,0,0,0,0,0,0,2,0
"UX1993-13",2,2,2,0,0,0,0,2,0,0,0,0,0,0,0,2,0
"UX1993-14",2,2,2,0,0,0,0,2,0,0,0,0,0,0,0,2,0
"UX1993-15",2,2,2,0,0,0,0,2,0,0,0,0,0,0,0,2,2
"UX1993-16",0,0,2,0,0,0,0,2,0,0,2,0,0,0,0,2,0
"UX1993-17",2,2,2,0,0,0,0,2,0,0,0,0,0,0,0,2,0
"UX1993-18",0,0,2,0,0,0,0,2,0,0,2,0,0,0,0,2,0
"UX1993-159",0,0,2,0,0,0,0,2,0,0,1,0,0,0,0,2,0
"UX1993-158",2,2,2,0,0,0,0,2,0,0,0,0,0,0,0,2,0
"UX1993-155",2,2,2,0,0,0,0,2,0,0,0,0,0,0,0,2,0
"UX1993-154",2,2,2,0,0,0,0,2,0,0,2,0,0,0,0,2,0
"UX1993-157",0,0,2,0,0,0,0,2,0,0,2,0,0,0,0,2,0
"UX1993-156",0,0,2,0,0,0,0,2,0,0,2,0,0,0,0,2,0
"UX1993-151",1,1,2,0,0,0,0,2,0,0,1,0,0,0,0,2,0
"UX1993-150",2,2,2,0,0,0,0,2,0,0,0,0,0,0,0,2,0
"UX1993-153",2,2,2,0,0,0,0,2,0,0,0,0,0,0,0,2,0
"UX1993-152",0,0,2,0,0,0,0,2,0,0,2,0,0,0,0,2,2
"UX1993-40",2,2,2,0,0,0,0,2,0,0,1,0,0,0,0,2,0
"UX1993-41",0,0,2,0,0,0,0,2,0,0,2,0,0,0,0,2,0
"UX1993-42",2,2,2,0,0,0,0,2,0,0,0,0,0,0,0,2,0
"UX1993-43",0,0,2,0,0,0,0,2,0,0,2,0,0,0,0,2,0
"UX1993-44",0,0,2,0,0,0,0,2,0,0,1,0,0,0,0,2,0
"UX1993-45",2,2,2,0,0,0,0,2,0,0,0,0,0,0,0,2,0
"UX1993-46",0,0,2,0,0,0,0,2,0,0,2,0,0,0,0,2,0
"UX1993-47",0,0,2,0,0,0,0,2,0,0,2,0,0,0,0,2,0
"UX1993-48",2,2,2,0,0,0,0,2,0,0,1,0,0,0,0,2,0
"UX1993-49",2,2,2,0,0,0,0,2,0,0,0,0,0,0,0,2,0
"UX1993-148",0,0,2,0,0,0,0,2,0,0,2,0,0,0,0,2,0
"UX1993-147",0,0,2,0,0,0,0,2,0,0,2,0,0,0,0,2,0
"UX1993-149",0,0,2,0,0,0,0,2,0,0,2,0,0,0,0,2,0
"UX1993-144",2,2,2,0,0,0,0,2,0,0,0,0,0,0,0,2,0
"UX1993-143",2,2,2,0,0,0,0,2,0,0,0,0,0,0,0,2,0
"UX1993-146",2,2,2,0,0,0,0,2,0,0,0,0,0,0,0,2,0
"UX1993-145",2,2,2,0,0,0,0,2,0,0,0,0,0,0,0,2,0
"UX1993-140",0,0,2,0,0,0,0,2,0,0,2,0,0,0,0,2,0
"UX1993-142",0,0,2,0,0,0,0,2,0,0,2,0,0,0,0,2,0
"UX1993-141",2,2,2,0,0,0,0,2,0,0,0,0,0,0,0,2,0
"UX1993-30",2,2,2,0,0,0,0,2,0,0,0,0,0,0,0,2,0
"UX1993-31",1,1,2,0,0,0,0,2,0,0,2,0,0,0,0,2,0
"UX1993-32",0,0,2,0,0,0,0,2,0,0,2,0,0,0,0,2,0
"UX1993-33",2,2,2,0,0,0,0,2,0,0,0,0,0,0,0,2,0
"UX1993-34",0,0,2,0,0,0,0,2,0,0,2,0,0,0,0,2,0
"UX1993-35",2,2,2,0,0,0,0,2,0,0,0,0,0,0,0,2,0
"UX1993-36",2,2,2,0,0,0,0,2,0,0,0,0,0,0,0,2,0
"UX1993-37",0,0,2,0,0,0,0,2,0,0,2,0,0,0,0,2,0
"UX1993-38",0,0,2,0,0,0,0,2,0,0,2,0,0,0,0,2,0
"UX1993-39",0,0,2,0,0,0,0,2,0,0,2,0,0,0,0,2,0
"UX1993-198",2,2,2,0,0,0,0,2,0,0,0,0,0,0,0,2,0
"UX1993-195",0,0,2,0,0,0,0,2,0,0,2,0,0,0,0,2,0
"UX1993-194",2,2,2,0,0,0,0,2,0,0,0,0,0,0,0,2,0
"UX1993-197",0,0,2,0,0,0,0,2,0,0,2,0,0,0,0,2,0
"UX1993-196",0,0,2,0,0,0,0,2,0,0,2,0,0,0,0,2,0
"UX1993-191",2,2,2,0,0,0,0,2,0,0,0,0,0,0,0,2,0
"UX1993-190",2,2,2,0,0,0,0,2,0,0,0,0,0,0,0,2,0
"UX1993-193",0,0,2,0,0,0,0,2,0,0,2,0,0,0,0,2,0
"UX1993-192",0,0,2,0,0,0,0,2,0,0,2,0,0,0,0,2,0
"UX1993-188",0,0,2,0,0,0,0,2,0,0,2,0,0,0,0,2,0
"UX1993-187",2,2,2,0,0,0,0,2,0,0,0,0,0,0,0,2,0
"UX1993-189",0,0,2,0,0,0,0,2,0,0,2,0,0,0,0,2,0
"UX1993-184",2,2,2,0,0,0,0,2,0,0,0,0,0,0,0,2,0
"UX1993-183",1,1,2,0,0,0,0,2,0,0,1,0,0,0,0,2,0
"UX1993-186",0,0,2,0,0,0,0,2,0,0,2,0,0,0,0,2,0
"UX1993-185",2,2,2,0,0,0,0,2,0,0,0,0,0,0,0,2,0
"UX1993-180",2,2,2,0,0,0,0,2,0,0,0,0,0,0,0,2,0
"UX1993-182",2,2,2,0,0,0,0,2,0,0,0,0,0,0,0,2,0
"UX1993-181",2,2,2,0,0,0,0,2,0,0,2,0,0,0,0,2,0
"UX1993-91",0,0,2,0,0,0,0,2,0,0,2,0,0,0,0,2,0
"UX1993-92",2,2,2,0,0,0,0,2,0,0,2,0,0,0,0,2,0
"UX1993-93",0,0,2,0,0,0,0,2,0,0,2,0,0,0,0,2,0
"UX1993-94",0,0,2,0,0,0,0,2,0,0,2,0,0,0,0,2,0
"UX1993-95",2,2,2,0,0,0,0,2,0,0,0,0,0,0,0,2,0
"UX1993-96",2,2,2,0,0,0,0,2,0,0,0,0,0,0,0,2,0
"UX1993-97",0,0,2,0,0,0,0,2,0,0,2,0,0,0,0,2,0
"UX1993-98",2,2,2,0,0,0,0,2,0,0,0,0,0,0,0,2,0
"UX1993-99",0,0,2,0,0,0,0,2,0,0,2,0,0,0,0,2,0
"UX1993-137",2,2,2,0,0,0,0,2,0,0,0,0,0,0,0,2,0
"UX1993-136",0,0,2,0,0,0,0,2,0,0,2,0,0,0,0,2,2
"UX1993-139",1,1,2,0,0,0,0,2,0,0,2,0,0,0,0,2,0
"UX1993-138",1,1,2,0,0,0,0,2,0,0,1,0,0,0,0,2,0
"UX1993-133",2,2,2,0,0,0,0,2,0,0,0,0,0,0,0,2,0
"UX1993-132",0,0,2,0,0,0,0,2,0,0,2,0,0,0,0,2,0
"UX1993-135",0,0,2,0,0,0,0,2,0,0,2,0,0,0,0,2,0
"UX1993-134",2,2,2,0,0,0,0,2,0,0,2,0,0,0,0,2,0
"UX1993-131",0,0,2,0,0,0,0,2,0,0,2,0,0,0,0,2,0
"UX1993-130",2,2,2,0,0,0,0,2,0,0,0,0,0,0,0,2,0
"UX1993-60",2,2,2,0,0,0,0,2,0,0,0,0,0,0,0,2,2
"UX1993-61",2,2,2,0,0,0,0,2,0,0,0,0,0,0,0,2,0
"UX1993-62",2,2,2,0,0,0,0,2,0,0,2,0,0,0,0,2,0
"UX1993-63",2,2,2,0,0,0,0,2,0,0,0,0,0,0,0,2,0
"UX1993-64",0,0,2,0,0,0,0,2,0,0,2,0,0,0,0,2,0
"UX1993-65",0,0,2,0,0,0,0,2,0,0,2,0,0,0,0,2,0
"UX1993-66",1,1,2,0,0,0,0,2,0,0,0,0,0,0,0,2,0
"UX1993-67",2,2,2,0,0,0,0,2,0,0,0,0,0,0,0,2,0
"UX1993-68",0,0,2,0,0,0,0,2,0,0,2,0,0,0,0,2,0
"UX1993-69",0,0,2,0,0,0,0,2,0,0,2,0,0,0,0,2,0
"UX1993-126",2,2,2,0,0,0,0,2,0,0,0,0,0,0,0,2,0
"UX1993-125",2,2,2,0,0,0,0,2,0,0,0,0,0,0,0,2,0
"UX1993-128",2,2,2,0,0,0,0,2,0,0,0,0,0,0,0,2,0
"UX1993-127",2,2,2,0,0,0,0,2,0,0,0,0,0,0,0,2,0
"UX1993-122",2,2,2,0,0,0,0,2,0,0,0,0,0,0,0,2,0
"UX1993-121",2,2,2,0,0,0,0,2,0,0,0,0,0,0,0,2,0
"UX1993-124",0,0,2,0,0,0,0,2,0,0,2,0,0,0,0,2,0
"UX1993-123",0,0,2,0,0,0,0,2,0,0,2,0,0,0,0,2,0
"UX1993-120",0,0,2,0,0,0,0,2,0,0,2,0,0,0,0,2,0
"UX1993-50",0,0,2,0,0,0,0,2,0,0,0,0,0,0,0,2,0
"UX1993-51",2,2,2,0,0,0,0,2,0,0,0,0,0,0,0,2,0
"UX1993-52",0,0,2,0,0,0,0,2,0,0,2,0,0,0,0,2,0
"UX1993-53",2,2,2,0,0,0,0,2,0,0,2,0,0,0,0,2,0
"UX1993-54",2,2,2,0,0,0,0,2,0,0,0,0,0,0,0,2,0
"UX1993-55",0,0,2,0,0,0,0,2,0,0,0,0,0,0,0,2,0
"UX1993-56",0,0,2,0,0,0,0,2,0,0,2,0,0,0,0,2,0
"UX1993-57",2,2,2,0,0,0,0,2,0,0,0,0,0,0,0,2,1
"UX1993-58",0,0,2,0,0,0,0,2,0,0,1,0,0,0,0,2,0
"UX1993-59",2,2,2,0,0,0,0,2,0,0,2,0,0,0,0,2,0
"UX1993-129",2,2,2,0,0,0,0,2,0,0,0,0,0,0,0,2,0
"UX1993-115",0,0,2,0,0,0,0,2,0,0,2,0,0,0,0,2,0
"UX1993-114",2,2,2,0,0,0,0,2,0,0,0,0,0,0,0,2,0
"UX1993-117",2,2,2,0,0,0,0,2,0,0,0,0,0,0,0,2,0
"UX1993-116",0,0,2,0,0,0,0,2,0,0,2,0,0,0,0,2,0
"UX1993-111",0,0,2,0,0,0,0,2,0,0,2,0,0,0,0,2,0
"UX1993-110",0,0,2,0,0,0,0,2,0,0,2,0,0,0,0,2,0
"UX1993-113",0,0,2,0,0,0,0,2,0,0,2,0,0,0,0,2,0
"UX1993-112",0,0,2,0,0,0,0,2,0,0,2,0,0,0,0,2,0
"UX1993-90",0,0,2,0,0,0,0,2,0,0,2,0,0,0,0,2,0
"UX1993-80",2,2,2,0,0,0,0,2,0,0,0,0,0,0,0,2,0
"UX1993-81",0,0,2,0,0,0,0,2,0,0,2,0,0,0,0,2,0
"UX1993-82",0,0,2,0,0,0,0,2,0,0,2,0,0,0,0,2,0
"UX1993-83",2,2,2,0,0,0,0,2,0,0,0,0,0,0,0,2,0
"UX1993-84",0,0,2,0,0,0,0,2,0,0,0,0,0,0,0,2,0
"UX1993-85",2,2,2,0,0,0,0,2,0,0,0,0,0,0,0,2,0
"UX1993-86",0,0,2,0,0,0,0,2,0,0,2,0,0,0,0,2,0
"UX1993-87",0,0,2,0,0,0,0,2,0,0,2,0,0,0,0,2,0
"UX1993-88",0,0,2,0,0,0,0,2,0,0,2,0,0,0,0,2,0
"UX1993-89",2,2,2,0,0,0,0,2,0,0,0,0,0,0,0,2,0
"UX1993-119",2,2,2,0,0,0,0,2,0,0,0,0,0,0,0,2,0
"UX1993-118",2,2,2,0,0,0,0,2,0,0,0,0,0,0,0,2,0
"UX1993-104",2,2,2,0,0,0,0,2,0,0,0,0,0,0,0,2,0
"UX1993-103",1,1,2,0,0,0,0,2,0,0,1,0,0,0,0,2,0
"UX1993-106",2,2,2,0,0,0,0,2,0,0,0,0,0,0,0,2,0
"UX1993-105",0,0,2,0,0,0,0,2,0,0,2,0,0,0,0,2,0
"UX1993-100",0,0,2,0,0,0,0,2,0,0,2,0,0,0,0,2,0
"UX1993-102",0,0,2,0,0,0,0,2,0,0,2,0,0,0,0,2,0
"UX1993-101",0,0,2,0,0,0,0,2,0,0,1,0,0,0,0,2,0
"UX1993-70",2,2,2,0,0,0,0,2,0,0,0,0,0,0,0,2,0
"UX1993-71",1,1,2,0,0,0,0,2,0,0,2,0,0,0,0,2,0
"UX1993-72",2,2,2,0,0,0,0,2,0,0,1,0,0,0,0,2,0
"UX1993-73",1,1,2,0,0,0,0,2,0,0,2,0,0,0,0,2,0
"UX1993-74",2,2,2,0,0,0,0,2,0,0,2,0,0,0,0,2,0
"UX1993-75",0,0,2,0,0,0,0,2,0,0,2,0,0,0,0,2,0
"UX1993-76",0,0,2,0,0,0,0,2,0,0,2,0,0,0,0,2,0
"UX1993-77",2,2,2,0,0,0,0,2,0,0,0,0,0,0,0,2,0
"UX1993-78",0,0,2,0,0,0,0,2,0,0,2,0,0,0,0,2,0
"UX1993-79",0,0,2,0,0,0,0,2,0,0,2,0,0,0,0,2,0
"UX1993-108",2,2,2,0,0,0,0,2,0,0,2,0,0,0,0,2,0
"UX1993-107",2,2,2,0,0,0,0,2,0,0,1,0,0,0,0,2,0
"UX1993-109",0,0,2,0,0,0,0,2,0,0,2,0,0,0,0,2,0
"UX1993-3",1,1,2,0,0,0,0,2,0,0,0,0,0,0,0,2,0
"UX1993-2",2,2,2,0,0,0,0,2,0,0,0,0,0,0,0,2,0
"UX1993-1",0,0,2,0,0,0,0,2,0,0,2,0,0,0,0,2,0
"UX1993-7",2,2,2,0,0,0,0,2,0,0,0,0,0,0,0,2,0
"UX1993-6",0,0,2,0,0,0,0,2,0,0,2,0,0,0,0,2,0
"UX1993-5",0,0,2,0,0,0,0,2,0,0,2,0,0,0,0,2,0
"UX1993-4",0,0,2,0,0,0,0,2,0,0,2,0,0,0,0,2,0
"UX1993-9",2,2,2,0,0,0,0,2,0,0,0,0,0,0,0,2,0
"UX1993-8",2,2,2,0,0,0,0,2,0,0,0,0,0,0,0,2,0
"UX2023-27",2,2,2,0,0,0,0,2,0,0,0,2,2,0,0,0,0
"UX2023-28",2,2,2,0,0,0,0,2,0,0,0,1,2,0,0,0,0
"UX2023-29",2,2,2,0,0,0,0,2,0,0,0,2,2,0,0,0,0
"UX2023-20",2,2,2,0,0,0,0,2,0,0,0,0,2,0,0,0,0
"UX2023-21",2,2,2,0,0,0,0,2,0,0,0,0,2,0,0,0,0
"UX2023-22",2,2,2,0,0,0,0,2,0,0,0,0,2,0,0,0,0
"UX2023-23",2,2,2,0,0,0,0,2,0,0,0,0,2,0,0,0,0
"UX2023-24",2,2,2,0,0,0,0,2,0,0,0,2,2,0,0,0,0
"UX2023-25",2,2,2,0,0,0,0,2,0,0,0,2,2,0,0,0,0
"UX2023-26",2,2,2,0,0,0,0,2,0,0,0,2,2,0,0,0,0
"UX2023-38",2,2,2,0,0,0,0,2,0,0,0,0,2,0,0,0,0
"UX2023-39",2,2,2,0,0,0,0,2,0,0,0,0,2,0,0,0,0
"UX2023-30",2,2,2,0,0,0,0,2,0,0,0,2,2,0,0,0,0
"UX2023-31",2,2,2,0,0,0,0,2,0,0,0,2,2,0,0,0,0
"UX2023-32",2,2,2,0,0,0,0,2,0,0,0,0,2,0,0,0,0
"UX2023-33",2,2,2,0,0,0,0,2,0,0,0,2,2,0,0,0,0
"UX2023-34",2,2,2,0,0,0,0,2,0,0,0,0,2,0,0,0,0
"UX2023-35",2,2,2,0,0,0,0,2,0,0,0,0,2,0,0,0,0
"UX2023-36",2,2,2,0,0,0,0,2,0,0,0,0,2,0,0,0,0
"UX2023-37",2,2,2,0,0,0,0,2,0,0,0,2,2,0,0,0,0
"UX2023-16",2,2,2,0,0,0,0,2,0,0,0,2,2,0,0,0,0
"UX2023-18",2,2,2,0,0,0,0,2,0,0,0,0,2,0,0,0,0
"UX2023-19",2,2,2,0,0,0,0,2,0,0,0,0,2,0,0,0,0
"UX2023-10",2,2,2,0,0,0,0,2,0,0,0,0,2,0,0,0,0
"UX2023-11",2,2,2,0,0,0,0,2,0,0,0,0,2,0,0,0,0
"UX2023-12",2,2,2,0,0,0,0,2,0,0,0,0,2,0,0,0,0
"UX2023-13",2,2,2,0,0,0,0,2,0,0,0,2,2,0,0,0,0
"UX2023-14",2,2,2,0,0,0,0,2,0,0,0,2,2,0,0,0,0
"UX2023-15",2,2,2,0,0,0,0,2,0,0,0,0,2,0,0,0,0
"UX2023-142",2,2,2,0,0,0,0,2,0,0,0,0,2,0,0,0,0
"UX2023-145",2,2,2,0,0,0,0,2,0,0,0,0,2,0,0,0,0
"UX2023-140",2,2,2,0,0,0,0,2,0,0,0,2,2,0,0,0,0
"UX2023-141",2,2,2,0,0,0,0,2,0,0,0,2,2,0,0,0,0
"UX2023-146",2,2,2,0,0,0,0,2,0,0,0,0,2,0,0,0,0
"UX2023-147",2,2,2,0,0,0,0,2,0,0,0,0,2,0,0,0,0
"UX2023-148",2,2,2,0,0,0,0,2,0,0,0,0,2,0,0,0,0
"UX2023-149",2,2,2,0,0,0,0,2,0,0,0,0,2,0,0,0,0
"UX2023-153",2,2,2,0,0,0,0,2,0,0,0,0,2,0,0,0,0
"UX2023-154",2,2,2,0,0,0,0,2,0,0,0,0,2,0,0,0,0
"UX2023-155",2,2,2,0,0,0,0,2,0,0,0,1,2,0,0,0,0
"UX2023-156",2,2,2,0,0,0,0,2,0,0,0,0,2,0,0,0,0
"UX2023-150",2,2,2,0,0,0,0,2,0,0,0,2,2,0,0,0,0
"UX2023-151",2,2,2,0,0,0,0,2,0,0,0,0,2,0,0,0,0
"UX2023-152",2,2,2,0,0,0,0,2,0,0,0,0,2,0,0,0,0
"UX2023-157",2,2,2,0,0,0,0,2,0,0,0,0,2,0,0,0,0
"UX2023-158",2,2,2,0,0,0,0,2,0,0,0,0,2,0,0,0,0
"UX2023-159",2,2,2,0,0,0,0,2,0,0,0,2,2,0,0,0,0
"UX2023-120",2,2,2,0,0,0,0,2,0,0,0,2,2,0,0,0,0
"UX2023-121",2,2,2,0,0,0,0,2,0,0,0,0,2,0,0,0,0
"UX2023-122",2,2,2,0,0,0,0,2,0,0,0,0,2,0,0,0,0
"UX2023-123",2,2,2,0,0,0,0,2,0,0,0,0,2,0,0,0,0
"UX2023-128",2,2,2,0,0,0,0,2,0,0,0,2,2,0,0,0,0
"UX2023-129",2,2,2,0,0,0,0,2,0,0,0,2,2,0,0,0,0
"UX2023-124",2,2,2,0,0,0,0,2,0,0,0,0,2,0,0,0,0
"UX2023-125",2,2,2,0,0,0,0,2,0,0,0,2,2,0,0,0,0
"UX2023-126",2,2,2,0,0,0,0,2,0,0,0,1,2,0,0,0,0
"UX2023-127",2,2,2,0,0,0,0,2,0,0,0,0,2,0,0,0,0
"UX2023-131",2,2,2,0,0,0,0,2,0,0,0,0,2,0,0,0,0
"UX2023-132",2,2,2,0,0,0,0,2,0,0,0,0,2,0,0,0,0
"UX2023-133",2,2,2,0,0,0,0,2,0,0,0,2,2,0,0,0,0
"UX2023-134",2,2,2,0,0,0,0,2,0,0,0,2,2,0,0,0,0
"UX2023-130",2,2,2,0,0,0,0,2,0,0,0,0,2,0,0,0,0
"UX2023-139",2,2,2,0,0,0,0,2,0,0,0,0,2,0,0,0,0
"UX2023-135",2,2,2,0,0,0,0,2,0,0,0,0,2,0,0,0,0
"UX2023-136",2,2,2,0,0,0,0,2,0,0,0,0,2,0,0,0,0
"UX2023-137",2,2,2,0,0,0,0,2,0,0,0,2,2,0,0,0,0
"UX2023-138",2,2,2,0,0,0,0,2,0,0,0,0,2,0,0,0,0
"UX2023-164",2,2,2,0,0,0,0,2,0,0,0,0,2,0,0,0,0
"UX2023-165",2,2,2,0,0,0,0,2,0,0,0,0,2,0,0,0,0
"UX2023-166",2,2,2,0,0,0,0,2,0,0,0,0,2,0,0,0,0
"UX2023-167",2,2,2,0,0,0,0,2,0,0,0,2,2,0,0,0,0
"UX2023-160",2,2,2,0,0,0,0,2,0,0,0,0,2,0,0,0,0
"UX2023-161",2,2,2,0,0,0,0,2,0,0,0,0,2,0,0,0,0
"UX2023-162",2,2,2,0,0,0,0,2,0,0,0,0,2,0,0,0,0
"UX2023-163",2,2,2,0,0,0,0,2,0,0,0,2,2,0,0,0,0
"UX2023-168",2,2,2,0,0,0,0,2,0,0,0,0,2,0,0,0,0
"UX2023-169",2,2,2,0,0,0,0,2,0,0,0,0,2,0,0,0,0
"UX2023-100",2,2,2,0,0,0,0,2,0,0,0,0,2,0,0,0,0
"UX2023-101",2,2,2,0,0,0,0,2,0,0,0,2,2,0,0,0,0
"UX2023-106",2,2,2,0,0,0,0,2,0,0,0,0,2,0,0,0,0
"UX2023-107",2,2,2,0,0,0,0,2,0,0,0,0,2,0,0,0,0
"UX2023-108",2,2,2,0,0,0,0,2,0,0,0,0,2,0,0,0,0
"UX2023-109",2,2,2,0,0,0,0,2,0,0,0,0,2,0,0,0,0
"UX2023-102",2,2,2,0,0,0,0,2,0,0,0,2,2,0,0,0,0
"UX2023-103",2,2,2,0,0,0,0,2,0,0,0,2,2,0,0,0,0
"UX2023-104",2,2,2,0,0,0,0,2,0,0,0,2,2,0,0,0,0
"UX2023-105",2,2,2,0,0,0,0,2,0,0,0,0,2,0,0,0,0
"UX2023-110",2,2,2,0,0,0,0,2,0,0,0,1,2,0,0,0,0
"UX2023-111",2,2,2,0,0,0,0,2,0,0,0,0,2,0,0,0,0
"UX2023-112",2,2,2,0,0,0,0,2,0,0,0,1,2,0,0,0,0
"UX2023-117",2,2,2,0,0,0,0,2,0,0,0,2,2,0,0,0,0
"UX2023-118",2,2,2,0,0,0,0,2,0,0,0,0,2,0,0,0,0
"UX2023-119",2,2,2,0,0,0,0,2,0,0,0,0,2,0,0,0,0
"UX2023-113",2,2,2,0,0,0,0,2,0,0,0,0,2,0,0,0,0
"UX2023-114",2,2,2,0,0,0,0,2,0,0,0,1,2,0,0,0,0
"UX2023-115",2,2,2,0,0,0,0,2,0,0,0,2,2,0,0,0,0
"UX2023-116",2,2,2,0,0,0,0,2,0,0,0,0,2,0,0,0,0
"UX2023-144-SMTISSUE",2,2,2,0,0,0,0,2,0,0,0,0,2,0,0,0,0
"UX2023-85",2,2,2,0,0,0,0,2,0,0,0,2,2,0,0,0,0
"UX2023-86",2,2,2,0,0,0,0,2,0,0,0,0,2,0,0,0,0
"UX2023-87",2,2,2,0,0,0,0,2,0,0,0,0,2,0,0,0,0
"UX2023-88",2,2,2,0,0,0,0,2,0,0,0,1,2,0,0,0,0
"UX2023-89",2,2,2,0,0,0,0,2,0,0,0,0,2,0,0,0,0
"UX2023-80",2,2,2,0,0,0,0,2,0,0,0,0,2,0,0,0,0
"UX2023-81",2,2,2,0,0,0,0,2,0,0,0,0,2,0,0,0,0
"UX2023-82",2,2,2,0,0,0,0,2,0,0,0,0,2,0,0,0,0
"UX2023-83",2,2,2,0,0,0,0,2,0,0,0,2,2,0,0,0,0
"UX2023-84",2,2,2,0,0,0,0,2,0,0,0,2,2,0,0,0,0
"UX2023-96",2,2,2,0,0,0,0,2,0,0,0,0,2,0,0,0,0
"UX2023-98",2,2,2,0,0,0,0,2,0,0,0,2,2,0,0,0,0
"UX2023-99",2,2,2,0,0,0,0,2,0,0,0,2,2,0,0,0,0
"UX2023-90",2,2,2,0,0,0,0,2,0,0,0,0,2,0,0,0,0
"UX2023-91",2,2,2,0,0,0,0,2,0,0,0,2,2,0,0,0,0
"UX2023-92",2,2,2,0,0,0,0,2,0,0,0,0,2,0,0,0,0
"UX2023-93",2,2,2,0,0,0,0,2,0,0,0,2,2,0,0,0,0
"UX2023-94",2,2,2,0,0,0,0,2,0,0,0,0,2,0,0,0,0
"UX2023-95",2,2,2,0,0,0,0,2,0,0,0,0,2,0,0,0,0
"UX2023-63",2,2,2,0,0,0,0,2,0,0,0,2,2,0,0,0,0
"UX2023-64",2,2,2,0,0,0,0,2,0,0,0,2,2,0,0,0,0
"UX2023-65",2,2,2,0,0,0,0,2,0,0,0,0,2,0,0,0,0
"UX2023-66",2,2,2,0,0,0,0,2,0,0,0,0,2,0,0,0,0
"UX2023-67",2,2,2,0,0,0,0,2,0,0,0,2,2,0,0,0,0
"UX2023-68",2,2,2,0,0,0,0,2,0,0,0,0,2,0,0,0,0
"UX2023-69",2,2,2,0,0,0,0,2,0,0,0,0,2,0,0,0,0
"UX2023-60",2,2,2,0,0,0,0,2,0,0,0,0,2,0,0,0,0
"UX2023-61",2,2,2,0,0,0,0,2,0,0,0,0,2,0,0,0,0
"UX2023-62",2,2,2,0,0,0,0,2,0,0,0,0,2,0,0,0,0
"UX2023-1",2,2,2,0,0,0,0,2,0,0,0,0,2,0,0,0,0
"UX2023-74",2,2,2,0,0,0,0,2,0,0,0,0,2,0,0,0,0
"UX2023-2",2,2,2,0,0,0,0,2,0,0,0,0,2,0,0,0,0
"UX2023-75",2,2,2,0,0,0,0,2,0,0,0,2,2,0,0,0,0
"UX2023-76",2,2,2,0,0,0,0,2,0,0,0,2,2,0,0,0,0
"UX2023-77",2,2,2,0,0,0,0,2,0,0,0,2,2,0,0,0,0
"UX2023-78",2,2,2,0,0,0,0,2,0,0,0,0,2,0,0,0,0
"UX2023-79",2,2,2,0,0,0,0,2,0,0,0,2,2,0,0,0,0
"UX2023-9",2,2,2,0,0,0,0,2,0,0,0,2,2,0,0,0,0
"UX2023-7",2,2,2,0,0,0,0,2,0,0,0,0,2,0,0,0,0
"UX2023-8",2,2,2,0,0,0,0,2,0,0,0,2,2,0,0,0,0
"UX2023-70",2,2,2,0,0,0,0,2,0,0,0,2,2,0,0,0,0
"UX2023-5",2,2,2,0,0,0,0,2,0,0,0,2,2,0,0,0,0
"UX2023-6",2,2,2,0,0,0,0,2,0,0,0,2,2,0,0,0,0
"UX2023-71",2,2,2,0,0,0,0,2,0,0,0,0,2,0,0,0,0
"UX2023-3",2,2,2,0,0,0,0,2,0,0,0,2,2,0,0,0,0
"UX2023-72",2,2,2,0,0,0,0,2,0,0,0,2,2,0,0,0,0
"UX2023-73",2,2,2,0,0,0,0,2,0,0,0,2,2,0,0,0,0
"UX2023-4",2,2,2,0,0,0,0,2,0,0,0,1,2,0,0,0,0
"UX2023-49",2,2,2,0,0,0,0,2,0,0,0,2,2,0,0,0,0
"UX2023-41",2,2,2,0,0,0,0,2,0,0,0,0,2,0,0,0,0
"UX2023-42",2,2,2,0,0,0,0,2,0,0,0,0,2,0,0,0,0
"UX2023-43",2,2,2,0,0,0,0,2,0,0,0,2,2,0,0,0,0
"UX2023-44",2,2,2,0,0,0,0,2,0,0,0,0,2,0,0,0,0
"UX2023-45",2,2,2,0,0,0,0,2,0,0,0,0,2,0,0,0,0
"UX2023-46",2,2,2,0,0,0,0,2,0,0,0,0,2,0,0,0,0
"UX2023-47",2,2,2,0,0,0,0,2,0,0,0,0,2,0,0,0,0
"UX2023-48",2,2,2,0,0,0,0,2,0,0,0,0,2,0,0,0,0
"UX2023-40",2,2,2,0,0,0,0,2,0,0,0,2,2,0,0,0,0
"UX2023-52",2,2,2,0,0,0,0,2,0,0,0,2,2,0,0,0,0
"UX2023-53",2,2,2,0,0,0,0,2,0,0,0,2,2,0,0,0,0
"UX2023-54",2,2,2,0,0,0,0,2,0,0,0,0,2,0,0,0,0
"UX2023-55",2,2,2,0,0,0,0,2,0,0,0,0,2,0,0,0,0
"UX2023-56",2,2,2,0,0,0,0,2,0,0,0,0,2,0,0,0,0
"UX2023-57",2,2,2,0,0,0,0,2,0,0,0,0,2,0,0,0,0
"UX2023-58",2,2,2,0,0,0,0,2,0,0,0,0,2,0,0,0,0
"UX2023-59",2,2,2,0,0,0,0,2,0,0,0,0,2,0,0,0,0
"UX2023-50",2,2,2,0,0,0,0,2,0,0,0,0,2,0,0,0,0
