ID,Date,Time,ProductType,InstrumentID,CalibrationFile,SWVersion,SampleName,SampleComments,SampleError,SampleWeight,NumberOfParticles,WeightOf1000Particles,RiceType,RiceTypeCalculatedBy,LabLMedian,LabAMedian,LabBMedian,LabLMode,LabAMode,LabBMode,WKWeightPerc,BrokenWeightPerc,OutlierWeightPerc,ChalkyWeightPerc,LightChalkyWeightPerc,TotalChalkyWeightPerc,BlackWeightPerc,RedWeightPerc,YellowWeightPerc,GreenWeightPerc,OtherWeightPerc,LongRiceWeightPerc,MediumRiceWeightPerc,ShortRiceWeightPerc,WKNumber,BrokenKernelsNumber,OutlierNumber,ChalkyKernelsNumber,LightChalkyKernelsNumber,TotalChalkyKernelsNumber,BlackKernelsNumber,RedKernelsNumber,YellowKernelsNumber,GreenKernelsNumber,OtherKernelsNumber,LongRiceNumber,MediumRiceNumber,ShortRiceNumber,WKPerc,BrokenKernelsPerc,OutlierKernelsPerc,ChalkyKernelsPerc,LightChalkyKernelsPerc,TotalChalkyKernelsPerc,BlackKernelsPerc,RedKernelsPerc,YellowKernelsPerc,GreenKernelsPerc,OtherKernelsPerc,LongRiceKernelsPerc,MediumRiceKernelsPerc,ShortRiceKernelsPerc,SampleLengthAverage,SampleWidthAverage,SampleAreaAverage,SampleLWAverage,WKWidthAverage,WKLengthAverage,WKAreaAverage,WKLWAverage,SampleWidthMedian,SampleLengthMedian,SampleAreaMedian,WKWidthMedian,WKLengthMedian,WKAreaMedian,SampleWidthSTDEV,SampleLengthSTDEV,SampleAreaSTDEV,WKWidthSTDEV,WKLengthSTDEV,WKAreaSTDEV,BrokenThreshold,OutlierThresholdWidth,OutlierThresholdLength,OutlierThresholdArea,OutlierThresholdLW,BrokenDefinedAsFailPerc,ChalkyDefinedAsFailPerc,LightChalkyDefinedAsFailPerc,BlackDefinedAsFailPerc,RedDefinedAsFailPerc,YellowDefinedAsFailPerc,GreenDefinedAsFailPerc,OtherDefinedAsFailPerc,ChalkyLabMin,ChalkyLabMax,LightChalkyLabMin,LightChalkyLabMax,BlackLabMin,BlackLabMax,RedLabMin,RedLabMax,YellowLabMin,YellowLabMax,GreenLabMin,GreenLabMax,OtherColorLabMin,OtherColorLabMax,LongRiceUSDAMin,LongRiceUSDAMax,MediumRiceUSDAMin,MediumRiceUSDAMax,ShortRiceUSDAMin,ShortRiceUSDAMax,AverageWKChalkyPercentage,std_l,std_a,std_b,sampleAveragePerimeter
1,2022_7_12,16:45:13,GRAINS,147,WHEAT,  7.0.30 ,R22_UX1993-42_27-1-2_Ap,,,11.400,368,34.641,Mixed,L/W,58.820,10.000,32.000,63.140,10.000,35.000,98.150,1.850,1.477,0.533,0.000,0.533,0.071,0.015,0.000,0.055,0.910,0.000,33.848,62.825,323,32,13,9,0,9,1,1,0,3,8,0,144,179,87.772,8.696,3.533,2.446,0.000,2.446,0.272,0.272,0.000,0.815,2.174,0.000,39.130,48.641,5.795,2.969,12.742,1.952,3.171,6.060,13.986,1.938,3.141,6.120,13.815,3.250,6.184,14.346,0.710,1.247,4.313,0.448,0.493,2.779,4.264,4.591,8.210,24.450,2.892,70,25,0,15,30,30,10,10,75,100,75,100,0,35,0,60,60,97,97,165,0,0,3.000,8.000,1.900,3.000,1.000,1.900,0.185,4.851,2.545,5.114,14.755
2,2022_7_12,16:47:3,GRAINS,147,WHEAT,  7.0.30 ,R22_UX1993-2_27-1-3_Ap,,,12.100,310,39.608,Mixed,L/W,56.860,11.000,33.000,61.180,10.000,35.000,99.185,0.815,0.000,0.000,0.616,0.616,0.348,0.000,0.000,0.017,0.000,0.000,61.396,37.788,303,7,0,0,4,4,1,0,0,1,0,0,198,105,97.742,2.258,0.000,0.000,1.290,1.290,0.323,0.000,0.000,0.323,0.000,0.000,63.871,33.871,6.354,3.279,15.112,1.938,3.297,6.427,15.323,1.958,3.341,6.500,15.651,3.341,6.503,15.770,0.363,0.660,2.740,0.319,0.450,2.355,4.264,4.591,8.210,24.450,2.892,70,25,0,15,30,30,10,10,75,100,75,100,0,35,0,60,60,97,97,165,0,0,3.000,8.000,1.900,3.000,1.000,1.900,0.004,2.823,1.584,2.338,16.083
3,2022_7_12,16:48:46,GRAINS,147,WHEAT,  7.0.30 ,R22_UX1993-35_27-1-4_Ap,,,11.700,399,30.815,Medium,L/W,55.290,10.000,32.000,59.220,10.000,35.000,99.292,0.708,1.636,0.000,0.481,0.481,1.184,0.000,0.000,0.000,0.000,0.000,94.771,2.885,377,8,14,0,3,3,4,0,0,0,0,0,368,9,94.486,2.005,3.509,0.000,0.752,0.752,1.003,0.000,0.000,0.000,0.000,0.000,92.231,2.256,6.261,2.725,12.864,2.298,2.772,6.324,13.176,2.306,2.750,6.425,13.383,2.791,6.433,13.580,0.417,0.679,2.957,0.372,0.555,2.639,4.264,4.591,8.210,24.450,2.892,70,25,0,15,30,30,10,10,75,100,75,100,0,35,0,60,60,97,97,165,0,0,3.000,8.000,1.900,3.000,1.000,1.900,0.000,3.354,1.640,2.540,15.480
4,2022_7_12,16:50:59,GRAINS,147,WHEAT,  7.0.30 ,R22_UX1993-52_27-2-1_Ap,,,11.000,348,32.244,Mixed,L/W,58.430,10.000,32.000,59.220,10.000,35.000,98.783,1.217,0.000,0.000,3.239,3.239,0.000,0.000,0.000,0.000,0.000,0.000,38.568,60.215,337,11,0,0,11,11,0,0,0,0,0,0,160,177,96.839,3.161,0.000,0.000,3.161,3.161,0.000,0.000,0.000,0.000,0.000,0.000,45.977,50.862,5.755,2.983,12.719,1.929,3.019,5.824,12.969,1.950,3.103,5.924,13.269,3.109,5.931,13.382,0.471,0.691,3.089,0.424,0.572,2.788,4.264,4.591,8.210,24.450,2.892,70,25,0,15,30,30,10,10,75,100,75,100,0,35,0,60,60,97,97,165,0,0,3.000,8.000,1.900,3.000,1.000,1.900,0.027,2.919,1.514,2.429,14.665
5,2022_7_12,16:52:24,GRAINS,147,WHEAT,  7.0.30 ,R22_NC8248-1_27-2-2_Ap,,,9.400,232,40.907,Mixed,L/W,60.390,9.000,29.000,59.220,8.000,30.000,99.656,0.344,0.104,0.000,1.947,1.947,0.138,0.000,0.000,0.000,0.000,0.000,56.456,43.096,229,2,1,0,5,5,1,0,0,0,0,0,137,92,98.707,0.862,0.431,0.000,2.155,2.155,0.431,0.000,0.000,0.000,0.000,0.000,59.052,39.655,6.318,3.292,15.359,1.919,3.299,6.350,15.466,1.935,3.347,6.401,15.726,3.347,6.405,15.757,0.367,0.587,2.815,0.343,0.517,2.657,4.264,4.591,8.210,24.450,2.892,70,25,0,15,30,30,10,10,75,100,75,100,0,35,0,60,60,97,97,165,0,0,3.000,8.000,1.900,3.000,1.000,1.900,0.020,2.960,1.296,2.542,16.129
6,2022_7_12,16:54:5,GRAINS,147,WHEAT,  7.0.30 ,R22_UX1993-10_27-2-3_Ap,,,10.300,392,28.849,Medium,L/W,57.650,10.000,31.000,59.220,10.000,35.000,99.150,0.850,5.014,0.000,0.797,0.797,0.135,0.000,0.000,0.000,0.000,0.000,78.895,15.242,354,7,31,0,2,2,1,0,0,0,0,0,315,39,90.306,1.786,7.908,0.000,0.510,0.510,0.255,0.000,0.000,0.000,0.000,0.000,80.357,9.949,6.091,2.696,12.171,2.259,2.773,6.152,12.633,2.261,2.671,6.208,12.143,2.745,6.242,12.475,0.505,0.609,3.069,0.453,0.507,2.783,4.264,4.591,8.210,24.450,2.892,70,25,0,15,30,30,10,10,75,100,75,100,0,35,0,60,60,97,97,165,0,0,3.000,8.000,1.900,3.000,1.000,1.900,0.001,3.439,1.458,2.056,15.069
7,2022_7_12,16:55:57,GRAINS,147,WHEAT,  7.0.30 ,R22_UX1993-45_27-2-4_Ap,,,13.400,324,41.358,Unclassified,L/W,60.000,10.000,33.000,63.140,10.000,35.000,100.000,0.000,0.000,0.000,0.000,0.000,0.000,0.000,0.000,0.000,0.000,0.000,50.167,49.833,324,0,0,0,0,0,0,0,0,0,0,0,162,162,100.000,0.000,0.000,0.000,0.000,0.000,0.000,0.000,0.000,0.000,0.000,0.000,50.000,50.000,6.421,3.348,15.664,1.918,3.348,6.421,15.664,1.929,3.412,6.507,16.272,3.412,6.507,16.272,0.342,0.517,2.465,0.342,0.517,2.465,4.264,4.591,8.210,24.450,2.892,70,25,0,15,30,30,10,10,75,100,75,100,0,35,0,60,60,97,97,165,0,0,3.000,8.000,1.900,3.000,1.000,1.900,0.000,2.478,1.497,2.320,16.278
8,2022_7_12,16:57:44,GRAINS,147,WHEAT,  7.0.30 ,R22_UX1993-50_27-3-1_Ap,,,13.000,396,34.527,Medium,L/W,58.430,9.000,31.000,59.610,10.000,33.000,99.862,0.138,2.132,0.000,0.538,0.538,0.000,0.000,0.000,0.000,0.067,0.000,91.680,6.049,376,4,16,0,2,2,0,0,0,0,2,0,357,19,94.949,1.010,4.040,0.000,0.505,0.505,0.000,0.000,0.000,0.000,0.505,0.000,90.152,4.798,6.519,2.895,13.905,2.252,2.950,6.581,14.242,2.269,2.939,6.630,13.989,2.965,6.643,14.270,0.524,0.701,3.521,0.468,0.540,3.175,4.264,4.591,8.210,24.450,2.892,70,25,0,15,30,30,10,10,75,100,75,100,0,35,0,60,60,97,97,165,0,0,3.000,8.000,1.900,3.000,1.000,1.900,0.000,3.362,1.431,2.409,16.023
9,2022_7_12,17:0:52,GRAINS,147,WHEAT,  7.0.30 ,R22_UX1993-14_27-3-2_Ap,,,12.900,383,36.374,Mixed,L/W,57.250,10.000,32.000,59.220,10.000,35.000,98.689,1.311,1.506,0.000,0.205,0.205,4.829,0.000,0.000,0.000,0.057,0.000,52.742,44.441,350,20,13,0,3,3,27,0,0,0,3,0,210,140,91.384,5.222,3.394,0.000,0.783,0.783,7.050,0.000,0.000,0.000,0.783,0.000,54.830,36.554,5.934,2.991,13.437,1.984,3.120,6.112,14.232,1.988,3.151,6.102,14.099,3.201,6.158,14.594,0.654,0.941,4.252,0.486,0.617,3.392,4.264,4.591,8.210,24.450,2.892,70,25,0,15,30,30,10,10,75,100,75,100,0,35,0,60,60,97,97,165,0,0,3.000,8.000,1.900,3.000,1.000,1.900,0.000,5.469,1.892,3.402,15.143
10,2022_7_12,17:4:39,GRAINS,147,WHEAT,  7.0.30 ,R22_UX1993-29_27-3-3_Ap,,,9.600,296,33.047,Mixed,L/W,60.000,9.000,32.000,61.180,10.000,33.000,99.485,0.515,0.261,0.000,0.000,0.000,0.000,0.000,0.000,0.000,0.000,0.000,86.726,12.498,289,5,2,0,0,0,0,0,0,0,0,0,258,31,97.635,1.689,0.676,0.000,0.000,0.000,0.000,0.000,0.000,0.000,0.000,0.000,87.162,10.473,6.312,2.925,13.676,2.158,2.959,6.360,13.892,2.169,2.961,6.433,14.158,2.965,6.469,14.260,0.429,0.632,2.996,0.372,0.554,2.684,4.264,4.591,8.210,24.450,2.892,70,25,0,15,30,30,10,10,75,100,75,100,0,35,0,60,60,97,97,165,0,0,3.000,8.000,1.900,3.000,1.000,1.900,0.000,2.629,1.417,2.339,15.676
11,2022_7_12,17:6:48,GRAINS,147,WHEAT,  7.0.30 ,R22_TX12D4896_27-3-4_Ap,,,14.500,318,46.534,Mixed,L/W,57.650,9.000,31.000,59.220,8.000,30.000,98.844,1.156,0.029,0.000,0.780,0.780,1.861,0.000,0.000,0.000,0.020,0.000,44.575,54.241,308,9,1,0,4,4,6,0,0,0,1,0,142,166,96.855,2.830,0.314,0.000,1.258,1.258,1.887,0.000,0.000,0.000,0.314,0.000,44.654,52.201,6.341,3.333,15.851,1.902,3.362,6.434,16.168,1.929,3.426,6.542,16.548,3.445,6.562,16.634,0.449,0.754,3.324,0.391,0.529,2.808,4.264,4.591,8.210,24.450,2.892,70,25,0,15,30,30,10,10,75,100,75,100,0,35,0,60,60,97,97,165,0,0,3.000,8.000,1.900,3.000,1.000,1.900,0.000,3.689,1.541,3.045,16.347
12,2022_7_12,17:8:45,GRAINS,147,WHEAT,  7.0.30 ,R22_UX1993-16_27-4-1_Ap,,,14.200,381,37.595,Mixed,L/W,58.430,10.000,33.000,63.140,10.000,35.000,99.812,0.188,0.087,0.000,0.594,0.594,0.981,0.000,0.000,0.000,0.000,0.000,78.098,21.627,377,3,1,0,3,3,4,0,0,0,0,0,306,71,98.950,0.787,0.262,0.000,0.787,0.787,1.050,0.000,0.000,0.000,0.000,0.000,80.315,18.635,6.348,3.112,14.854,2.040,3.129,6.372,14.955,2.056,3.190,6.466,15.292,3.198,6.466,15.368,0.450,0.655,3.257,0.418,0.597,3.101,4.264,4.591,8.210,24.450,2.892,70,25,0,15,30,30,10,10,75,100,75,100,0,35,0,60,60,97,97,165,0,0,3.000,8.000,1.900,3.000,1.000,1.900,0.029,4.083,1.576,2.539,16.088
13,2022_7_12,17:10:17,GRAINS,147,WHEAT,  7.0.30 ,R22_UX1993-43_27-4-2_Ap,,,10.000,305,33.199,Medium,L/W,59.610,9.000,31.000,59.220,10.000,35.000,99.929,0.071,0.453,0.000,0.587,0.587,0.000,0.000,0.000,0.000,0.197,0.000,98.427,1.048,301,1,3,0,3,3,0,0,0,0,1,0,298,3,98.689,0.328,0.984,0.000,0.984,0.984,0.000,0.000,0.000,0.000,0.328,0.000,97.705,0.984,6.486,2.931,13.944,2.213,2.945,6.497,14.033,2.222,3.012,6.581,14.489,3.019,6.581,14.532,0.380,0.650,2.844,0.362,0.612,2.739,4.264,4.591,8.210,24.450,2.892,70,25,0,15,30,30,10,10,75,100,75,100,0,35,0,60,60,97,97,165,0,0,3.000,8.000,1.900,3.000,1.000,1.900,0.000,3.349,1.596,2.825,16.055
14,2022_7_12,17:12:9,GRAINS,147,WHEAT,  7.0.30 ,R22_AGS2000_27-4-3_Ap,,,10.000,340,32.468,Medium,L/W,58.820,8.000,29.000,59.610,8.000,30.000,100.000,0.000,5.334,0.000,0.475,0.475,0.392,0.000,0.000,0.000,0.000,0.000,91.792,2.874,308,0,32,0,2,2,1,0,0,0,0,0,299,9,90.588,0.000,9.412,0.000,0.588,0.588,0.294,0.000,0.000,0.000,0.000,0.000,87.941,2.647,6.676,2.775,13.494,2.406,2.854,6.727,13.966,2.382,2.802,6.777,13.928,2.842,6.805,14.352,0.436,0.619,3.010,0.364,0.566,2.615,4.264,4.591,8.210,24.450,2.892,70,25,0,15,30,30,10,10,75,100,75,100,0,35,0,60,60,97,97,165,0,0,3.000,8.000,1.900,3.000,1.000,1.900,0.001,3.713,1.440,2.831,16.247
15,2022_7_12,17:13:57,GRAINS,147,WHEAT,  7.0.30 ,R22_UX1993-57_27-4-4_Ap,,,8.400,341,25.630,Medium,L/W,56.080,9.000,31.000,59.220,9.000,33.000,99.773,0.227,2.331,0.000,0.153,0.153,0.466,0.000,0.000,0.000,0.000,0.000,83.711,13.731,327,2,12,0,1,1,2,0,0,0,0,0,298,29,95.894,0.587,3.519,0.000,0.293,0.293,0.587,0.000,0.000,0.000,0.000,0.000,87.390,8.504,5.951,2.592,11.449,2.296,2.629,5.982,11.638,2.307,2.622,6.030,11.624,2.636,6.040,11.731,0.422,0.562,2.579,0.387,0.521,2.414,4.264,4.591,8.210,24.450,2.892,70,25,0,15,30,30,10,10,75,100,75,100,0,35,0,60,60,97,97,165,0,0,3.000,8.000,1.900,3.000,1.000,1.900,0.001,3.816,1.495,2.250,14.715
16,2022_7_12,17:15:44,GRAINS,147,WHEAT,  7.0.30 ,R22_UX1993-24_27-5-1_Ap,,,14.400,441,33.792,Mixed,L/W,57.650,10.000,32.000,60.780,10.000,35.000,99.264,0.736,0.461,0.000,0.242,0.242,1.273,0.000,0.000,0.000,0.079,0.000,65.323,33.480,423,13,5,0,4,4,5,0,0,0,2,0,299,124,95.918,2.948,1.134,0.000,0.907,0.907,1.134,0.000,0.000,0.000,0.454,0.000,67.800,28.118,6.082,3.008,13.793,2.022,3.067,6.189,14.201,2.046,3.153,6.289,14.490,3.175,6.312,14.675,0.544,0.839,3.774,0.462,0.622,3.254,4.264,4.591,8.210,24.450,2.892,70,25,0,15,30,30,10,10,75,100,75,100,0,35,0,60,60,97,97,165,0,0,3.000,8.000,1.900,3.000,1.000,1.900,0.000,3.748,1.635,2.930,15.464
17,2022_7_12,17:18:48,GRAINS,147,WHEAT,  7.0.30 ,R22_ARGA051160-14LE31_27-5-2_Am,,,12.200,345,35.755,Mixed,L/W,56.860,10.000,32.000,59.610,10.000,33.000,99.645,0.355,0.189,0.000,0.921,0.921,2.040,0.000,0.000,0.000,0.000,0.000,35.140,64.316,340,3,2,0,6,6,7,0,0,0,0,0,143,197,98.551,0.870,0.580,0.000,1.739,1.739,2.029,0.000,0.000,0.000,0.000,0.000,41.449,57.101,5.909,3.169,14.030,1.864,3.185,5.941,14.154,1.886,3.257,6.003,14.634,3.260,6.012,14.678,0.434,0.557,2.873,0.411,0.487,2.701,4.264,4.591,8.210,24.450,2.892,70,25,0,15,30,30,10,10,75,100,75,100,0,35,0,60,60,97,97,165,0,0,3.000,8.000,1.900,3.000,1.000,1.900,0.003,3.806,1.469,2.414,15.271
18,2022_7_12,17:21:18,GRAINS,147,WHEAT,  7.0.30 ,R22_UX1993-34_27-5-3_Ap,,,11.100,415,27.107,Mixed,L/W,58.430,9.000,31.000,59.610,10.000,35.000,98.905,1.095,0.088,0.000,1.595,1.595,0.392,0.000,0.000,0.000,0.000,0.000,65.325,33.492,405,9,1,0,6,6,1,0,0,0,0,0,295,110,97.590,2.169,0.241,0.000,1.446,1.446,0.241,0.000,0.000,0.000,0.000,0.000,71.084,26.506,5.699,2.776,11.769,2.053,2.798,5.739,11.924,2.076,2.797,5.812,11.891,2.812,5.832,11.979,0.411,0.585,2.624,0.388,0.532,2.459,4.264,4.591,8.210,24.450,2.892,70,25,0,15,30,30,10,10,75,100,75,100,0,35,0,60,60,97,97,165,0,0,3.000,8.000,1.900,3.000,1.000,1.900,0.014,3.306,1.528,2.507,14.410
19,2022_7_12,17:23:1,GRAINS,147,WHEAT,  7.0.30 ,R22_UX1993-47_27-5-4_Ap,,,8.700,293,30.650,Mixed,L/W,56.080,9.000,31.000,59.610,10.000,33.000,99.700,0.300,1.454,0.000,1.459,1.459,4.932,0.000,0.000,0.000,0.000,0.000,68.075,30.171,283,3,7,0,3,3,16,0,0,0,0,0,212,71,96.587,1.024,2.389,0.000,1.024,1.024,5.461,0.000,0.000,0.000,0.000,0.000,72.355,24.232,6.018,2.900,12.642,2.075,2.936,6.046,12.831,2.096,3.002,6.120,13.121,3.019,6.123,13.254,0.488,0.594,2.909,0.455,0.514,2.734,4.264,4.591,8.210,24.450,2.892,70,25,0,15,30,30,10,10,75,100,75,100,0,35,0,60,60,97,97,165,0,0,3.000,8.000,1.900,3.000,1.000,1.900,0.003,4.161,1.613,2.385,14.969
20,2022_7_12,17:25:47,GRAINS,147,WHEAT,  7.0.30 ,R22_UX1993-25_27-6-1_Ap,,,12.800,361,36.424,Mixed,L/W,58.430,11.000,33.000,59.220,10.000,35.000,99.313,0.687,0.291,0.079,1.792,1.871,0.000,0.000,0.000,0.000,0.000,0.000,43.894,55.128,349,9,3,1,7,8,0,0,0,0,0,0,180,169,96.676,2.493,0.831,0.277,1.939,2.216,0.000,0.000,0.000,0.000,0.000,0.000,49.861,46.814,6.000,3.084,13.678,1.945,3.131,6.080,13.998,1.968,3.266,6.147,14.703,3.281,6.176,14.842,0.520,0.755,3.505,0.455,0.595,3.078,4.264,4.591,8.210,24.450,2.892,70,25,0,15,30,30,10,10,75,100,75,100,0,35,0,60,60,97,97,165,0,0,3.000,8.000,1.900,3.000,1.000,1.900,0.031,3.062,1.825,2.900,15.268
21,2022_7_12,17:28:21,GRAINS,147,WHEAT,  7.0.30 ,R22_UX1993-55_27-6-2_Ap,,,8.100,300,28.605,Mixed,L/W,59.610,10.000,32.000,59.220,10.000,35.000,99.233,0.767,2.479,0.000,0.760,0.760,0.000,0.000,0.000,0.000,0.000,0.000,42.570,54.184,281,5,14,0,4,4,0,0,0,0,0,0,174,107,93.667,1.667,4.667,0.000,1.333,1.333,0.000,0.000,0.000,0.000,0.000,0.000,58.000,35.667,5.768,2.768,11.537,2.083,2.838,5.822,11.909,2.115,2.726,5.820,11.242,2.790,5.845,11.667,0.599,0.516,3.127,0.546,0.445,2.850,4.264,4.591,8.210,24.450,2.892,70,25,0,15,30,30,10,10,75,100,75,100,0,35,0,60,60,97,97,165,0,0,3.000,8.000,1.900,3.000,1.000,1.900,0.007,4.319,1.478,2.575,14.376
22,2022_7_12,17:30:26,GRAINS,147,WHEAT,  7.0.30 ,R22_UX1993-26_27-6-3_Ap,,,11.600,304,38.474,Mixed,L/W,58.040,10.000,33.000,63.140,10.000,35.000,99.501,0.499,0.000,0.000,1.855,1.855,3.491,0.000,0.000,0.000,0.000,0.000,27.264,72.236,300,4,0,0,7,7,12,0,0,0,0,0,93,207,98.684,1.316,0.000,0.000,2.303,2.303,3.947,0.000,0.000,0.000,0.000,0.000,30.592,68.092,5.980,3.258,14.383,1.836,3.268,6.015,14.497,1.852,3.347,6.148,15.070,3.347,6.162,15.190,0.397,0.657,2.993,0.387,0.576,2.833,4.264,4.591,8.210,24.450,2.892,70,25,0,15,30,30,10,10,75,100,75,100,0,35,0,60,60,97,97,165,0,0,3.000,8.000,1.900,3.000,1.000,1.900,0.004,3.339,1.447,2.278,15.416
23,2022_7_12,17:34:55,GRAINS,147,WHEAT,  7.0.30 ,R22_UX1993-32_27-6-4_Ap,,,11.000,336,33.579,Mixed,L/W,55.290,10.000,32.000,59.220,10.000,35.000,98.599,1.401,0.209,0.000,0.797,0.797,0.820,0.000,0.000,0.000,0.000,0.000,56.222,42.168,323,12,1,0,2,2,2,0,0,0,0,0,206,117,96.131,3.571,0.298,0.000,0.595,0.595,0.595,0.000,0.000,0.000,0.000,0.000,61.310,34.821,5.962,2.982,13.190,1.999,3.024,6.036,13.491,2.030,3.062,6.133,13.940,3.095,6.176,14.135,0.545,0.748,3.568,0.505,0.642,3.289,4.264,4.591,8.210,24.450,2.892,70,25,0,15,30,30,10,10,75,100,75,100,0,35,0,60,60,97,97,165,0,0,3.000,8.000,1.900,3.000,1.000,1.900,0.014,3.679,1.544,2.375,15.056
24,2022_7_12,17:36:55,GRAINS,147,WHEAT,  7.0.30 ,R22_Hilliard_27-7-1_Ap,,,9.600,307,32.006,Mixed,L/W,59.610,9.000,32.000,63.140,10.000,35.000,99.686,0.314,0.669,0.000,0.000,0.000,0.000,0.000,0.000,0.000,0.000,0.000,67.508,31.509,299,3,5,0,0,0,0,0,0,0,0,0,222,77,97.394,0.977,1.629,0.000,0.000,0.000,0.000,0.000,0.000,0.000,0.000,0.000,72.313,25.081,6.032,2.975,13.183,2.027,3.013,6.068,13.395,2.032,3.071,6.084,13.660,3.084,6.101,13.755,0.429,0.515,2.725,0.367,0.465,2.425,4.264,4.591,8.210,24.450,2.892,70,25,0,15,30,30,10,10,75,100,75,100,0,35,0,60,60,97,97,165,0,0,3.000,8.000,1.900,3.000,1.000,1.900,0.000,3.156,1.271,2.142,15.178
25,2022_7_12,17:38:42,GRAINS,147,WHEAT,  7.0.30 ,R22_UX1993-28_27-7-2_Ap,,,9.800,291,33.994,Mixed,L/W,59.610,10.000,33.000,63.140,10.000,35.000,99.900,0.100,0.234,0.017,0.304,0.321,0.000,0.000,0.000,0.000,0.000,0.000,33.919,65.748,288,2,1,1,2,3,0,0,0,0,0,0,125,163,98.969,0.687,0.344,0.344,0.687,1.031,0.000,0.000,0.000,0.000,0.000,0.000,42.955,56.014,5.867,3.081,13.222,1.904,3.095,5.896,13.314,1.929,3.170,5.966,13.451,3.178,5.975,13.454,0.427,0.572,2.647,0.403,0.451,2.474,4.264,4.591,8.210,24.450,2.892,70,25,0,15,30,30,10,10,75,100,75,100,0,35,0,60,60,97,97,165,0,0,3.000,8.000,1.900,3.000,1.000,1.900,0.003,3.482,1.620,2.921,14.957
26,2022_7_12,17:40:35,GRAINS,147,WHEAT,  7.0.30 ,R22_UX1993-41_27-7-3_Ap,,,10.400,344,31.191,Mixed,L/W,58.820,9.000,30.000,59.220,8.000,31.000,98.670,1.330,0.376,0.000,2.980,2.980,0.289,0.000,0.000,0.000,0.016,0.000,58.143,40.151,329,13,2,0,10,10,2,0,0,0,1,0,231,98,95.640,3.779,0.581,0.000,2.907,2.907,0.581,0.000,0.000,0.000,0.291,0.000,67.151,28.488,5.883,2.886,12.614,2.038,2.939,5.979,12.970,2.065,2.887,6.011,12.766,2.934,6.040,12.861,0.493,0.691,3.064,0.427,0.485,2.597,4.264,4.591,8.210,24.450,2.892,70,25,0,15,30,30,10,10,75,100,75,100,0,35,0,60,60,97,97,165,0,0,3.000,8.000,1.900,3.000,1.000,1.900,0.005,3.298,1.370,2.579,14.848
27,2022_7_12,17:42:10,GRAINS,147,WHEAT,  7.0.30 ,R22_UX1993-17_27-7-4_Ap,,,13.100,315,41.666,Mixed,L/W,60.390,10.000,33.000,63.140,10.000,35.000,99.872,0.128,0.000,0.000,1.342,1.342,0.000,0.000,0.000,0.000,0.000,0.000,14.124,85.748,314,1,0,0,4,4,0,0,0,0,0,0,57,257,99.683,0.317,0.000,0.000,1.270,1.270,0.000,0.000,0.000,0.000,0.000,0.000,18.095,81.587,6.130,3.407,15.432,1.799,3.411,6.136,15.460,1.812,3.495,6.225,16.256,3.503,6.229,16.259,0.397,0.493,2.745,0.391,0.480,2.703,4.264,4.591,8.210,24.450,2.892,70,25,0,15,30,30,10,10,75,100,75,100,0,35,0,60,60,97,97,165,0,0,3.000,8.000,1.900,3.000,1.000,1.900,0.002,2.494,1.240,2.292,15.930
28,2022_7_12,17:44:15,GRAINS,147,WHEAT,  7.0.30 ,R22_UX1993-56_27-8-1_Ap,,,11.900,333,36.170,Mixed,L/W,60.390,9.000,32.000,63.140,10.000,35.000,100.000,0.000,0.640,0.000,0.876,0.876,0.000,0.000,0.000,0.000,0.000,0.000,67.150,32.210,329,0,4,0,3,3,0,0,0,0,0,0,235,94,98.799,0.000,1.201,0.000,0.901,0.901,0.000,0.000,0.000,0.000,0.000,0.000,70.571,28.228,6.377,3.165,14.516,2.015,3.180,6.384,14.594,2.036,3.276,6.479,15.157,3.281,6.492,15.246,0.458,0.512,3.002,0.441,0.508,2.933,4.264,4.591,8.210,24.450,2.892,70,25,0,15,30,30,10,10,75,100,75,100,0,35,0,60,60,97,97,165,0,0,3.000,8.000,1.900,3.000,1.000,1.900,0.001,2.712,1.290,2.094,15.915
29,2022_7_12,17:46:25,GRAINS,147,WHEAT,  7.0.30 ,R22_UX1993-38_27-8-2_Ap,,,11.200,410,29.281,Medium,L/W,58.040,9.000,31.000,59.610,10.000,33.000,99.345,0.655,3.471,0.000,0.360,0.360,0.000,0.000,0.000,0.000,0.000,0.000,81.457,14.417,380,7,23,0,3,3,0,0,0,0,0,0,341,39,92.683,1.707,5.610,0.000,0.732,0.732,0.000,0.000,0.000,0.000,0.000,0.000,83.171,9.512,6.005,2.723,12.127,2.205,2.793,6.057,12.508,2.211,2.767,6.128,12.198,2.826,6.149,12.713,0.534,0.633,3.338,0.488,0.573,3.117,4.264,4.591,8.210,24.450,2.892,70,25,0,15,30,30,10,10,75,100,75,100,0,35,0,60,60,97,97,165,0,0,3.000,8.000,1.900,3.000,1.000,1.900,0.001,3.603,1.720,3.057,14.864
30,2022_7_12,17:48:0,GRAINS,147,WHEAT,  7.0.30 ,R22_GA00190-7A14_27-8-3_Ap,,,11.200,280,40.900,Mixed,L/W,58.430,10.000,31.000,59.220,10.000,33.000,98.964,1.036,0.092,0.000,0.542,0.542,0.178,0.000,0.000,0.000,0.000,0.000,76.284,22.588,271,8,1,0,2,2,2,0,0,0,0,0,215,56,96.786,2.857,0.357,0.000,0.714,0.714,0.714,0.000,0.000,0.000,0.000,0.000,76.786,20.000,6.409,3.220,15.272,1.990,3.256,6.502,15.594,2.004,3.281,6.509,15.853,3.294,6.539,15.927,0.376,0.754,3.135,0.305,0.547,2.604,4.264,4.591,8.210,24.450,2.892,70,25,0,15,30,30,10,10,75,100,75,100,0,35,0,60,60,97,97,165,0,0,3.000,8.000,1.900,3.000,1.000,1.900,0.002,3.002,1.540,2.479,16.189
31,2022_7_12,17:49:14,GRAINS,147,WHEAT,  7.0.30 ,R22_UX1993-48_27-8-4_Ap,,,13.600,349,39.451,Mixed,L/W,59.220,11.000,34.000,63.140,11.000,35.000,99.497,0.503,0.110,0.000,0.735,0.735,0.662,0.000,0.000,0.000,0.000,0.000,34.375,65.012,343,5,1,0,5,5,3,0,0,0,0,0,139,204,98.281,1.433,0.287,0.000,1.433,1.433,0.860,0.000,0.000,0.000,0.000,0.000,39.828,58.453,6.142,3.287,14.881,1.868,3.305,6.186,15.040,1.885,3.362,6.233,15.320,3.366,6.247,15.352,0.387,0.562,2.783,0.353,0.436,2.501,4.264,4.591,8.210,24.450,2.892,70,25,0,15,30,30,10,10,75,100,75,100,0,35,0,60,60,97,97,165,0,0,3.000,8.000,1.900,3.000,1.000,1.900,0.037,3.264,1.423,2.645,15.826
32,2022_7_12,17:51:52,GRAINS,147,WHEAT,  7.0.30 ,R22_UX1993-111_27-9-1_Ap,,,11.700,375,33.399,Mixed,L/W,57.650,10.000,32.000,59.220,10.000,35.000,99.626,0.374,2.499,0.000,0.960,0.960,0.311,0.000,0.000,0.000,0.000,0.000,71.105,26.021,349,6,20,0,6,6,3,0,0,0,0,0,275,74,93.067,1.600,5.333,0.000,1.600,1.600,0.800,0.000,0.000,0.000,0.000,0.000,73.333,19.733,6.169,2.888,13.229,2.136,2.978,6.265,13.771,2.147,2.975,6.311,13.640,3.049,6.356,13.885,0.587,0.704,3.719,0.495,0.551,3.196,4.264,4.591,8.210,24.450,2.892,70,25,0,15,30,30,10,10,75,100,75,100,0,35,0,60,60,97,97,165,0,0,3.000,8.000,1.900,3.000,1.000,1.900,0.004,4.244,1.437,2.636,15.354
33,2022_7_12,17:54:25,GRAINS,147,WHEAT,  7.0.30 ,R22_GA06493-13LE6_27-9-2_Ap,,,13.900,361,39.853,Mixed,L/W,60.390,9.000,31.000,63.140,8.000,30.000,98.628,1.372,0.359,0.000,0.807,0.807,0.360,0.000,0.000,0.049,0.000,0.000,82.181,16.088,344,12,5,0,3,3,4,0,0,2,0,0,293,51,95.291,3.324,1.385,0.000,0.831,0.831,1.108,0.000,0.000,0.554,0.000,0.000,81.163,14.127,6.454,3.134,15.160,2.059,3.194,6.539,15.629,2.068,3.300,6.672,16.623,3.312,6.709,16.734,0.540,0.820,3.930,0.438,0.624,3.346,4.264,4.591,8.210,24.450,2.892,70,25,0,15,30,30,10,10,75,100,75,100,0,35,0,60,60,97,97,165,0,0,3.000,8.000,1.900,3.000,1.000,1.900,0.001,4.512,1.699,2.976,16.289
34,2022_7_12,17:56:6,GRAINS,147,WHEAT,  7.0.30 ,R22_UX1993-59_27-9-3_Ap,,,10.400,389,29.519,Mixed,L/W,54.120,9.000,30.000,59.220,8.000,31.000,99.911,0.089,5.746,0.000,1.437,1.437,9.484,0.000,0.000,0.000,0.000,0.000,78.604,15.562,352,1,36,0,5,5,30,0,0,0,0,0,309,43,90.488,0.257,9.254,0.000,1.285,1.285,7.712,0.000,0.000,0.000,0.000,0.000,79.434,11.054,6.146,2.711,12.324,2.267,2.796,6.170,12.760,2.242,2.773,6.181,12.615,2.828,6.188,12.941,0.469,0.516,2.752,0.405,0.492,2.469,4.264,4.591,8.210,24.450,2.892,70,25,0,15,30,30,10,10,75,100,75,100,0,35,0,60,60,97,97,165,0,0,3.000,8.000,1.900,3.000,1.000,1.900,0.003,3.766,1.487,2.941,15.222
35,2022_7_12,17:58:16,GRAINS,147,WHEAT,  7.0.30 ,R22_UX1993-56_27-9-4_Ap,,,13.100,361,36.419,Mixed,L/W,60.000,10.000,33.000,63.140,10.000,35.000,99.804,0.196,0.000,0.000,1.219,1.219,0.337,0.000,0.000,0.000,0.000,0.000,21.574,78.230,359,2,0,0,5,5,1,0,0,0,0,0,98,261,99.446,0.554,0.000,0.000,1.385,1.385,0.277,0.000,0.000,0.000,0.000,0.000,27.147,72.299,5.981,3.251,14.225,1.840,3.258,5.992,14.275,1.854,3.347,6.077,14.688,3.347,6.079,14.698,0.429,0.587,3.062,0.419,0.567,2.997,4.264,4.591,8.210,24.450,2.892,70,25,0,15,30,30,10,10,75,100,75,100,0,35,0,60,60,97,97,165,0,0,3.000,8.000,1.900,3.000,1.000,1.900,0.017,2.647,1.480,2.745,15.352
36,2022_7_12,17:59:50,GRAINS,147,WHEAT,  7.0.30 ,R22_UX1993-197_27-10-1_Ap,,,12.400,300,41.472,Mixed,L/W,56.860,9.000,31.000,59.610,10.000,33.000,100.000,0.000,0.022,0.000,0.926,0.926,4.400,0.000,0.000,0.022,0.000,0.000,55.876,44.102,299,0,1,0,3,3,11,0,0,1,0,0,178,121,99.667,0.000,0.333,0.000,1.000,1.000,3.667,0.000,0.000,0.333,0.000,0.000,59.333,40.333,6.388,3.283,15.226,1.946,3.292,6.395,15.274,1.954,3.347,6.441,15.582,3.347,6.443,15.585,0.381,0.526,2.807,0.353,0.513,2.689,4.264,4.591,8.210,24.450,2.892,70,25,0,15,30,30,10,10,75,100,75,100,0,35,0,60,60,97,97,165,0,0,3.000,8.000,1.900,3.000,1.000,1.900,0.001,3.770,1.485,2.531,16.102
37,2022_7_12,18:1:28,GRAINS,147,WHEAT,  7.0.30 ,R22_UX1993-51_27-10-2_Ap,,,9.700,340,29.753,Mixed,L/W,58.040,10.000,33.000,59.220,10.000,35.000,99.074,0.926,1.511,0.000,0.873,0.873,0.670,0.000,0.000,0.000,0.000,0.000,63.172,34.392,323,8,9,0,4,4,4,0,0,0,0,0,241,82,95.000,2.353,2.647,0.000,1.176,1.176,1.176,0.000,0.000,0.000,0.000,0.000,70.882,24.118,5.834,2.815,12.238,2.072,2.868,5.903,12.574,2.101,2.858,5.924,12.328,2.900,5.964,12.504,0.559,0.678,3.545,0.514,0.575,3.293,4.264,4.591,8.210,24.450,2.892,70,25,0,15,30,30,10,10,75,100,75,100,0,35,0,60,60,97,97,165,0,0,3.000,8.000,1.900,3.000,1.000,1.900,0.024,3.960,1.579,2.805,14.648
38,2022_7_12,18:3:34,GRAINS,147,WHEAT,  7.0.30 ,R22_UX1993-1_27-10-3_Ap,,,12.300,356,35.566,Mixed,L/W,54.900,9.000,30.000,59.610,9.000,31.000,99.470,0.530,0.145,0.000,0.488,0.488,0.682,0.000,0.000,0.000,0.059,0.000,44.180,55.145,344,10,2,0,5,5,4,0,0,0,2,0,176,168,96.629,2.809,0.562,0.000,1.404,1.404,1.124,0.000,0.000,0.000,0.562,0.000,49.438,47.191,5.965,3.101,13.812,1.924,3.161,6.059,14.193,1.938,3.216,6.044,14.493,3.227,6.070,14.594,0.556,0.792,3.746,0.450,0.597,3.181,4.264,4.591,8.210,24.450,2.892,70,25,0,15,30,30,10,10,75,100,75,100,0,35,0,60,60,97,97,165,0,0,3.000,8.000,1.900,3.000,1.000,1.900,0.000,3.953,1.788,3.203,15.297
39,2022_7_12,18:4:40,GRAINS,147,WHEAT,  7.0.30 ,R22_UX1993-40_27-10-4_Ap,,,12.700,395,32.681,Mixed,L/W,58.820,10.000,32.000,63.140,10.000,35.000,99.586,0.414,0.462,0.000,0.338,0.338,0.000,0.000,0.000,0.000,0.000,0.000,68.017,31.108,387,4,4,0,1,1,0,0,0,0,0,0,291,96,97.975,1.013,1.013,0.000,0.253,0.253,0.000,0.000,0.000,0.000,0.000,0.000,73.671,24.304,6.093,2.959,13.331,2.059,2.983,6.125,13.483,2.087,3.021,6.189,13.791,3.030,6.203,13.881,0.483,0.577,3.084,0.457,0.527,2.925,4.264,4.591,8.210,24.450,2.892,70,25,0,15,30,30,10,10,75,100,75,100,0,35,0,60,60,97,97,165,0,0,3.000,8.000,1.900,3.000,1.000,1.900,0.002,4.117,1.575,2.701,15.311
40,2022_7_12,18:6:3,GRAINS,147,WHEAT,  7.0.30 ,R22_UX1993-173_27-11-1_Ap,,,12.200,357,34.758,Mixed,L/W,56.080,10.000,33.000,59.220,10.000,35.000,100.000,0.000,0.667,0.000,0.746,0.746,2.184,0.000,0.000,0.000,0.000,0.000,54.192,45.140,351,0,6,0,4,4,10,0,0,0,0,0,211,140,98.319,0.000,1.681,0.000,1.120,1.120,2.801,0.000,0.000,0.000,0.000,0.000,59.104,39.216,6.115,3.076,13.868,1.988,3.100,6.126,13.992,2.007,3.138,6.169,14.237,3.150,6.176,14.281,0.484,0.520,2.988,0.449,0.505,2.840,4.264,4.591,8.210,24.450,2.892,70,25,0,15,30,30,10,10,75,100,75,100,0,35,0,60,60,97,97,165,0,0,3.000,8.000,1.900,3.000,1.000,1.900,0.018,4.235,1.536,2.449,15.479
41,2022_7_12,18:7:21,GRAINS,147,WHEAT,  7.0.30 ,R22_UX1993-69_27-11-2_Ap,,,8.400,278,30.731,Mixed,L/W,58.430,10.000,33.000,59.220,10.000,35.000,99.876,0.124,0.715,0.000,0.228,0.228,0.000,0.000,0.000,0.000,0.000,0.000,62.862,36.299,273,1,4,0,1,1,0,0,0,0,0,0,201,72,98.201,0.360,1.439,0.000,0.360,0.360,0.000,0.000,0.000,0.000,0.000,0.000,72.302,25.899,5.912,2.917,12.596,2.027,2.940,5.928,12.714,2.044,2.987,5.958,13.137,2.998,5.959,13.267,0.446,0.472,2.632,0.417,0.452,2.500,4.264,4.591,8.210,24.450,2.892,70,25,0,15,30,30,10,10,75,100,75,100,0,35,0,60,60,97,97,165,0,0,3.000,8.000,1.900,3.000,1.000,1.900,0.001,3.136,1.244,1.925,14.813
42,2022_7_12,18:8:21,GRAINS,147,WHEAT,  7.0.30 ,R22_UX1993-170_27-11-3_Ap,,,11.500,314,36.727,Mixed,L/W,56.470,10.000,31.000,59.220,10.000,35.000,99.962,0.038,0.000,0.000,0.115,0.115,0.000,0.000,0.000,0.000,0.000,0.000,66.279,33.682,313,1,0,0,1,1,0,0,0,0,0,0,223,90,99.682,0.318,0.000,0.000,0.318,0.318,0.000,0.000,0.000,0.000,0.000,0.000,71.019,28.662,6.157,3.111,14.076,1.979,3.118,6.166,14.115,1.992,3.224,6.188,14.542,3.226,6.188,14.547,0.392,0.571,2.804,0.371,0.548,2.721,4.264,4.591,8.210,24.450,2.892,70,25,0,15,30,30,10,10,75,100,75,100,0,35,0,60,60,97,97,165,0,0,3.000,8.000,1.900,3.000,1.000,1.900,0.000,3.468,1.623,3.169,15.534
43,2022_7_12,18:9:43,GRAINS,147,WHEAT,  7.0.30 ,R22_MPV57_27-11-4_Am,,,8.800,272,32.472,Mixed,L/W,56.470,11.000,33.000,59.220,10.000,35.000,100.000,0.000,0.163,0.000,0.689,0.689,0.000,0.000,0.000,0.000,0.000,0.000,48.499,51.338,271,0,1,0,2,2,0,0,0,0,0,0,165,106,99.632,0.000,0.368,0.000,0.735,0.735,0.000,0.000,0.000,0.000,0.000,0.000,60.662,38.971,5.821,3.001,12.661,1.940,3.006,5.824,12.686,1.953,3.016,5.850,13.051,3.016,5.851,13.053,0.336,0.379,2.069,0.326,0.375,2.030,4.264,4.591,8.210,24.450,2.892,70,25,0,15,30,30,10,10,75,100,75,100,0,35,0,60,60,97,97,165,0,0,3.000,8.000,1.900,3.000,1.000,1.900,0.001,3.420,1.538,2.055,14.710
44,2022_7_12,18:11:19,GRAINS,147,WHEAT,  7.0.30 ,R22_GA05450-EL52_27-12-1_Ap,,,12.600,327,38.760,Mixed,L/W,59.610,9.000,30.000,59.220,10.000,33.000,99.668,0.332,0.000,0.000,1.759,1.759,0.000,0.000,0.000,0.000,0.000,0.000,52.948,46.720,324,3,0,0,5,5,0,0,0,0,0,0,177,147,99.083,0.917,0.000,0.000,1.529,1.529,0.000,0.000,0.000,0.000,0.000,0.000,54.128,44.954,6.255,3.267,14.942,1.914,3.280,6.275,15.025,1.919,3.327,6.302,15.453,3.331,6.324,15.468,0.377,0.656,3.006,0.355,0.627,2.891,4.264,4.591,8.210,24.450,2.892,70,25,0,15,30,30,10,10,75,100,75,100,0,35,0,60,60,97,97,165,0,0,3.000,8.000,1.900,3.000,1.000,1.900,0.002,2.623,1.615,2.331,15.821
45,2022_7_12,18:12:29,GRAINS,147,WHEAT,  7.0.30 ,R22_UX1993-172_27-12-2_Ap,,,10.800,322,33.865,Mixed,L/W,58.820,10.000,31.000,63.140,10.000,33.000,99.715,0.285,0.000,0.000,0.000,0.000,0.000,0.000,0.000,0.015,0.000,0.000,58.957,40.758,318,4,0,0,0,0,0,0,0,1,0,0,208,110,98.758,1.242,0.000,0.000,0.000,0.000,0.000,0.000,0.000,0.311,0.000,0.000,64.596,34.161,6.044,3.070,13.689,1.969,3.091,6.080,13.820,1.987,3.141,6.129,14.184,3.150,6.133,14.217,0.468,0.638,3.151,0.427,0.543,2.939,4.264,4.591,8.210,24.450,2.892,70,25,0,15,30,30,10,10,75,100,75,100,0,35,0,60,60,97,97,165,0,0,3.000,8.000,1.900,3.000,1.000,1.900,0.000,3.521,1.500,2.418,15.303
46,2022_7_12,18:13:42,GRAINS,147,WHEAT,  7.0.30 ,R22_UX1993-18_27-12-3_Ap,,,11.400,321,36.222,Mixed,L/W,58.040,10.000,33.000,63.140,10.000,35.000,99.769,0.231,0.771,0.000,0.480,0.480,0.000,0.000,0.000,0.000,0.000,0.000,55.219,43.779,314,2,5,0,2,2,0,0,0,0,0,0,198,116,97.819,0.623,1.558,0.000,0.623,0.623,0.000,0.000,0.000,0.000,0.000,0.000,61.682,36.137,6.080,3.081,13.907,1.973,3.105,6.087,14.030,1.989,3.205,6.220,14.773,3.224,6.220,14.901,0.489,0.595,3.224,0.465,0.579,3.135,4.264,4.591,8.210,24.450,2.892,70,25,0,15,30,30,10,10,75,100,75,100,0,35,0,60,60,97,97,165,0,0,3.000,8.000,1.900,3.000,1.000,1.900,0.002,3.668,1.531,2.363,15.411
47,2022_7_12,18:15:32,GRAINS,147,WHEAT,  7.0.30 ,R22_UX1993-33_27-12-4_Ap,,,11.800,337,35.431,Mixed,L/W,58.820,11.000,33.000,63.140,10.000,35.000,99.388,0.612,0.000,0.000,0.531,0.531,0.126,0.000,0.000,0.000,0.000,0.000,22.591,76.797,331,6,0,0,3,3,1,0,0,0,0,0,97,234,98.220,1.780,0.000,0.000,0.890,0.890,0.297,0.000,0.000,0.000,0.000,0.000,28.783,69.436,5.812,3.164,13.579,1.837,3.187,5.848,13.730,1.850,3.281,5.927,14.192,3.283,5.929,14.262,0.414,0.577,2.774,0.382,0.505,2.554,4.264,4.591,8.210,24.450,2.892,70,25,0,15,30,30,10,10,75,100,75,100,0,35,0,60,60,97,97,165,0,0,3.000,8.000,1.900,3.000,1.000,1.900,0.037,3.210,1.582,3.009,14.995
48,2022_7_12,18:17:30,GRAINS,147,WHEAT,  7.0.30 ,R22_UX1993-177_27-13-1_Ap,,,11.800,359,34.153,Mixed,L/W,60.390,8.000,29.000,65.880,8.000,30.000,98.696,1.304,0.362,0.000,0.701,0.701,0.000,0.000,0.000,0.000,0.087,0.000,68.377,29.957,341,15,3,0,5,5,0,0,0,0,1,0,253,88,94.986,4.178,0.836,0.000,1.393,1.393,0.000,0.000,0.000,0.000,0.279,0.000,70.474,24.513,6.145,2.984,13.479,2.060,3.050,6.279,13.947,2.089,3.076,6.375,14.050,3.096,6.417,14.445,0.552,0.877,3.753,0.472,0.621,3.209,4.264,4.591,8.210,24.450,2.892,70,25,0,15,30,30,10,10,75,100,75,100,0,35,0,60,60,97,97,165,0,0,3.000,8.000,1.900,3.000,1.000,1.900,0.019,3.282,1.513,2.984,15.362
49,2022_7_12,18:18:38,GRAINS,147,WHEAT,  7.0.30 ,R22_UX1993-3_27-13-2_Ap,,,11.500,291,39.655,Mixed,L/W,60.000,11.000,34.000,63.140,11.000,35.000,100.000,0.000,0.110,0.000,2.857,2.857,0.000,0.000,0.000,0.000,0.000,0.000,49.110,50.781,290,0,1,0,8,8,0,0,0,0,0,0,155,135,99.656,0.000,0.344,0.000,2.749,2.749,0.000,0.000,0.000,0.000,0.000,0.000,53.265,46.392,6.319,3.303,15.017,1.913,3.307,6.318,15.034,1.921,3.378,6.358,15.430,3.382,6.357,15.449,0.363,0.519,2.647,0.357,0.519,2.636,4.264,4.591,8.210,24.450,2.892,70,25,0,15,30,30,10,10,75,100,75,100,0,35,0,60,60,97,97,165,0,0,3.000,8.000,1.900,3.000,1.000,1.900,0.003,2.481,1.297,2.003,15.942
50,2022_7_12,18:20:42,GRAINS,147,WHEAT,  7.0.30 ,R22_LA09264C-P2_27-13-3_Ap,,,11.900,297,40.660,Medium,L/W,59.610,8.000,30.000,65.880,8.000,31.000,99.086,0.914,0.000,0.000,0.453,0.453,0.000,0.000,0.000,0.000,0.023,0.000,96.931,2.155,290,7,0,0,2,2,0,0,0,0,1,0,284,6,97.643,2.357,0.000,0.000,0.673,0.673,0.000,0.000,0.000,0.000,0.337,0.000,95.623,2.020,6.781,3.142,15.751,2.158,3.158,6.859,15.976,2.185,3.157,6.885,16.184,3.165,6.910,16.208,0.392,0.747,3.168,0.355,0.552,2.820,4.264,4.591,8.210,24.450,2.892,70,25,0,15,30,30,10,10,75,100,75,100,0,35,0,60,60,97,97,165,0,0,3.000,8.000,1.900,3.000,1.000,1.900,0.000,2.773,1.096,2.314,16.791
51,2022_7_12,18:21:57,GRAINS,147,WHEAT,  7.0.30 ,R22_UX1993-192_27-13-4_Ap,,,12.400,335,37.096,Mixed,L/W,60.000,11.000,33.000,63.140,10.000,35.000,99.921,0.079,0.000,0.000,0.200,0.200,0.000,0.000,0.000,0.000,0.124,0.000,38.193,61.728,334,1,0,0,2,2,0,0,0,0,1,0,151,183,99.701,0.299,0.000,0.000,0.597,0.597,0.000,0.000,0.000,0.000,0.299,0.000,45.075,54.627,6.180,3.270,14.785,1.890,3.274,6.188,14.817,1.907,3.375,6.272,15.435,3.377,6.273,15.481,0.446,0.586,3.123,0.441,0.564,3.072,4.264,4.591,8.210,24.450,2.892,70,25,0,15,30,30,10,10,75,100,75,100,0,35,0,60,60,97,97,165,0,0,3.000,8.000,1.900,3.000,1.000,1.900,0.001,2.480,1.486,2.547,15.724
52,2022_7_12,18:24:2,GRAINS,147,WHEAT,  7.0.30 ,R22_UX1993-44_27-14-1_Ap,,,9.800,308,32.367,Mixed,L/W,58.040,9.000,31.000,59.220,10.000,35.000,99.745,0.255,0.444,0.000,0.405,0.405,0.000,0.000,0.000,0.000,0.026,0.000,68.322,30.979,302,3,3,0,3,3,0,0,0,0,1,0,225,77,98.052,0.974,0.974,0.000,0.974,0.974,0.000,0.000,0.000,0.000,0.325,0.000,73.052,25.000,6.108,2.927,13.036,2.086,2.955,6.141,13.198,2.114,2.967,6.246,13.428,2.981,6.247,13.453,0.488,0.569,2.969,0.446,0.507,2.747,4.264,4.591,8.210,24.450,2.892,70,25,0,15,30,30,10,10,75,100,75,100,0,35,0,60,60,97,97,165,0,0,3.000,8.000,1.900,3.000,1.000,1.900,0.014,3.513,1.467,2.670,15.203
53,2022_7_12,18:26:48,GRAINS,147,WHEAT,  7.0.30 ,R22_UX1993-4_27-14-2_Ap,,,11.900,330,37.039,Mixed,L/W,56.860,9.000,31.000,59.220,8.000,33.000,99.290,0.710,0.386,0.000,0.812,0.812,3.963,0.035,0.000,0.000,0.048,0.000,59.845,39.059,319,8,3,0,2,2,14,1,0,0,1,0,210,109,96.667,2.424,0.909,0.000,0.606,0.606,4.242,0.303,0.000,0.000,0.303,0.000,63.636,33.030,6.190,3.074,13.916,2.013,3.125,6.260,14.233,2.037,3.168,6.330,14.609,3.198,6.362,14.746,0.558,0.680,3.602,0.491,0.558,3.213,4.264,4.591,8.210,24.450,2.892,70,25,0,15,30,30,10,10,75,100,75,100,0,35,0,60,60,97,97,165,0,0,3.000,8.000,1.900,3.000,1.000,1.900,0.011,3.891,1.742,2.801,15.541
54,2022_7_12,18:27:51,GRAINS,147,WHEAT,  7.0.30 ,R22_UX1993-46_27-14-3_Ap,,,9.700,292,34.234,Mixed,L/W,57.650,10.000,33.000,59.220,10.000,35.000,99.173,0.827,0.538,0.022,1.854,1.876,0.953,0.000,0.000,0.000,0.000,0.000,61.997,36.639,281,8,3,1,7,8,2,0,0,0,0,0,195,86,96.233,2.740,1.027,0.342,2.397,2.739,0.685,0.000,0.000,0.000,0.000,0.000,66.781,29.452,5.961,3.011,13.170,1.980,3.053,6.041,13.484,1.999,3.110,6.052,13.851,3.128,6.088,13.967,0.439,0.671,2.919,0.379,0.488,2.461,4.264,4.591,8.210,24.450,2.892,70,25,0,15,30,30,10,10,75,100,75,100,0,35,0,60,60,97,97,165,0,0,3.000,8.000,1.900,3.000,1.000,1.900,0.032,3.360,1.784,3.483,15.101
55,2022_7_12,18:29:17,GRAINS,147,WHEAT,  7.0.30 ,R22_UX1993-19_27-14-4_Ap,,,13.000,410,32.248,Mixed,L/W,59.220,9.000,31.000,61.180,10.000,33.000,99.226,0.774,0.208,0.000,0.376,0.376,0.156,0.000,0.000,0.000,0.000,0.000,61.216,37.802,400,8,2,0,3,3,1,0,0,0,0,0,265,135,97.561,1.951,0.488,0.000,0.732,0.732,0.244,0.000,0.000,0.000,0.000,0.000,64.634,32.927,6.017,3.030,13.518,1.986,3.060,6.063,13.715,2.006,3.122,6.186,14.152,3.146,6.205,14.303,0.519,0.735,3.643,0.488,0.680,3.463,4.264,4.591,8.210,24.450,2.892,70,25,0,15,30,30,10,10,75,100,75,100,0,35,0,60,60,97,97,165,0,0,3.000,8.000,1.900,3.000,1.000,1.900,0.003,3.207,1.576,2.227,15.196
56,2022_7_12,18:30:37,GRAINS,147,WHEAT,  7.0.30 ,R22_UX1993-5_27-15-1_Ap,,,14.000,383,37.131,Mixed,L/W,54.900,9.000,31.000,59.610,8.000,33.000,99.192,0.808,0.000,0.000,1.655,1.655,2.100,0.000,0.000,0.000,0.000,0.000,47.538,51.654,374,9,0,0,7,7,8,0,0,0,0,0,204,170,97.650,2.350,0.000,0.000,1.828,1.828,2.089,0.000,0.000,0.000,0.000,0.000,53.264,44.386,6.076,3.155,14.208,1.926,3.181,6.137,14.429,1.950,3.259,6.169,14.766,3.276,6.195,14.865,0.474,0.696,3.404,0.441,0.576,3.116,4.264,4.591,8.210,24.450,2.892,70,25,0,15,30,30,10,10,75,100,75,100,0,35,0,60,60,97,97,165,0,0,3.000,8.000,1.900,3.000,1.000,1.900,0.027,3.861,1.668,2.546,15.536
57,2022_7_12,18:32:8,GRAINS,147,WHEAT,  7.0.30 ,R22_UX1993-49_27-15-2_Ap,,,13.400,372,36.304,Mixed,L/W,59.220,10.000,33.000,63.140,10.000,35.000,99.970,0.030,0.289,0.000,0.358,0.358,0.000,0.000,0.000,0.000,0.000,0.000,61.781,37.900,369,1,2,0,1,1,0,0,0,0,0,0,245,124,99.194,0.269,0.538,0.000,0.269,0.269,0.000,0.000,0.000,0.000,0.000,0.000,65.860,33.333,6.391,3.205,14.930,1.994,3.217,6.404,15.002,2.016,3.299,6.463,15.575,3.305,6.463,15.602,0.438,0.533,2.882,0.417,0.485,2.766,4.264,4.591,8.210,24.450,2.892,70,25,0,15,30,30,10,10,75,100,75,100,0,35,0,60,60,97,97,165,0,0,3.000,8.000,1.900,3.000,1.000,1.900,0.027,2.532,1.338,2.291,16.091
58,2022_7_12,18:33:13,GRAINS,147,WHEAT,  7.0.30 ,R22_UX1993-23_27-15-3_Ap,,,15.100,364,41.717,Mixed,L/W,55.690,10.000,32.000,59.220,10.000,35.000,99.735,0.265,0.000,0.000,1.351,1.351,3.661,0.000,0.000,0.000,0.000,0.000,35.319,64.416,361,3,0,0,4,4,13,0,0,0,0,0,148,213,99.176,0.824,0.000,0.000,1.099,1.099,3.571,0.000,0.000,0.000,0.000,0.000,40.659,58.516,6.238,3.317,15.433,1.880,3.325,6.264,15.520,1.895,3.434,6.378,16.363,3.435,6.381,16.377,0.415,0.653,3.226,0.402,0.587,3.091,4.264,4.591,8.210,24.450,2.892,70,25,0,15,30,30,10,10,75,100,75,100,0,35,0,60,60,97,97,165,0,0,3.000,8.000,1.900,3.000,1.000,1.900,0.001,3.659,1.679,2.663,16.049
59,2022_7_12,18:34:33,GRAINS,147,WHEAT,  7.0.30 ,R22_NC08-23383_27-15-4_Am,,,9.100,280,32.734,Medium,L/W,59.220,9.000,30.000,59.220,8.000,30.000,100.000,0.000,0.406,0.000,2.402,2.402,0.000,0.000,0.000,0.000,0.000,0.000,91.158,8.436,278,0,2,0,6,6,0,0,0,0,0,0,258,20,99.286,0.000,0.714,0.000,2.143,2.143,0.000,0.000,0.000,0.000,0.000,0.000,92.143,7.143,6.099,2.959,13.161,2.061,2.966,6.101,13.197,2.073,3.089,6.221,13.834,3.092,6.221,13.858,0.401,0.558,2.855,0.394,0.559,2.832,4.264,4.591,8.210,24.450,2.892,70,25,0,15,30,30,10,10,75,100,75,100,0,35,0,60,60,97,97,165,0,0,3.000,8.000,1.900,3.000,1.000,1.900,0.003,2.307,1.093,1.698,15.164
60,2022_7_12,18:36:11,GRAINS,147,WHEAT,  7.0.30 ,R22_UX1993-156_27-16-1_Ap,,,10.800,305,36.397,Mixed,L/W,56.470,10.000,32.000,59.220,10.000,35.000,99.082,0.918,0.000,0.059,0.780,0.839,5.843,0.000,0.000,0.000,0.000,0.000,36.016,63.066,294,11,0,2,4,6,24,0,0,0,0,0,130,164,96.393,3.607,0.000,0.656,1.311,1.967,7.869,0.000,0.000,0.000,0.000,0.000,42.623,53.770,5.958,3.144,13.961,1.895,3.200,6.063,14.342,1.921,3.289,6.131,14.747,3.298,6.149,14.868,0.539,0.755,3.483,0.449,0.498,2.901,4.264,4.591,8.210,24.450,2.892,70,25,0,15,30,30,10,10,75,100,75,100,0,35,0,60,60,97,97,165,0,0,3.000,8.000,1.900,3.000,1.000,1.900,0.027,5.262,1.784,3.426,15.299
61,2022_7_12,18:37:59,GRAINS,147,WHEAT,  7.0.30 ,R22_UX1993-31_27-16-2_Ap,,,13.100,386,34.534,Mixed,L/W,55.290,10.000,32.000,59.220,10.000,35.000,99.648,0.352,0.522,0.000,0.000,0.000,0.294,0.000,0.000,0.000,0.000,0.000,68.791,30.335,378,4,4,0,0,0,3,0,0,0,0,0,284,94,97.927,1.036,1.036,0.000,0.000,0.000,0.777,0.000,0.000,0.000,0.000,0.000,73.575,24.352,6.133,3.059,13.732,2.005,3.085,6.158,13.883,2.015,3.136,6.180,14.122,3.150,6.188,14.183,0.431,0.596,2.977,0.395,0.556,2.800,4.264,4.591,8.210,24.450,2.892,70,25,0,15,30,30,10,10,75,100,75,100,0,35,0,60,60,97,97,165,0,0,3.000,8.000,1.900,3.000,1.000,1.900,0.000,3.952,1.706,3.090,15.460
62,2022_7_12,18:38:57,GRAINS,147,WHEAT,  7.0.30 ,R22_UX1993-193_27-16-3_Ap,,,9.300,322,29.315,Mixed,L/W,56.860,10.000,31.000,59.220,10.000,33.000,99.607,0.393,0.410,0.000,0.000,0.000,0.189,0.000,0.000,0.000,0.000,0.000,84.781,14.416,316,3,3,0,0,0,2,0,0,0,0,0,280,36,98.137,0.932,0.932,0.000,0.000,0.000,0.621,0.000,0.000,0.000,0.000,0.000,86.957,11.180,6.021,2.769,12.313,2.174,2.793,6.044,12.448,2.191,2.804,6.103,12.689,2.820,6.119,12.742,0.440,0.589,2.865,0.401,0.558,2.701,4.264,4.591,8.210,24.450,2.892,70,25,0,15,30,30,10,10,75,100,75,100,0,35,0,60,60,97,97,165,0,0,3.000,8.000,1.900,3.000,1.000,1.900,0.000,3.560,1.663,2.721,14.986
63,2022_7_12,18:40:19,GRAINS,147,WHEAT,  7.0.30 ,R22_UX1993-8_27-16-4_Ap,,,14.700,377,39.628,Mixed,L/W,58.430,10.000,33.000,59.220,10.000,35.000,99.743,0.257,0.296,0.000,1.112,1.112,0.064,0.000,0.000,0.000,0.014,0.000,72.490,26.958,370,4,3,0,4,4,1,0,0,0,1,0,277,93,98.143,1.061,0.796,0.000,1.061,1.061,0.265,0.000,0.000,0.000,0.265,0.000,73.475,24.668,6.502,3.228,15.281,2.014,3.261,6.532,15.483,2.022,3.339,6.557,15.713,3.343,6.566,15.803,0.479,0.684,3.389,0.413,0.572,3.063,4.264,4.591,8.210,24.450,2.892,70,25,0,15,30,30,10,10,75,100,75,100,0,35,0,60,60,97,97,165,0,0,3.000,8.000,1.900,3.000,1.000,1.900,0.001,3.181,1.517,2.505,16.368
64,2022_7_12,18:41:32,GRAINS,147,WHEAT,  7.0.30 ,R22_UX1993-37_27-17-1_Ap,,,10.600,324,33.579,Mixed,L/W,54.900,10.000,32.000,59.220,10.000,35.000,99.787,0.213,1.099,0.000,0.000,0.000,3.046,0.000,0.000,0.000,0.000,0.000,85.376,13.313,315,2,7,0,0,0,13,0,0,0,0,0,282,33,97.222,0.617,2.160,0.000,0.000,0.000,4.012,0.000,0.000,0.000,0.000,0.000,87.037,10.185,6.300,2.888,13.230,2.182,2.917,6.317,13.389,2.195,2.925,6.392,13.641,2.947,6.396,13.691,0.456,0.575,2.929,0.424,0.549,2.787,4.264,4.591,8.210,24.450,2.892,70,25,0,15,30,30,10,10,75,100,75,100,0,35,0,60,60,97,97,165,0,0,3.000,8.000,1.900,3.000,1.000,1.900,0.000,3.554,1.697,2.766,15.565
65,2022_7_12,18:43:2,GRAINS,147,WHEAT,  7.0.30 ,R22_UX1993-6_27-17-2_Ap,,,12.300,373,33.278,Mixed,L/W,56.080,9.000,31.000,59.610,10.000,33.000,99.833,0.167,0.179,0.000,2.365,2.365,0.478,0.000,0.000,0.000,0.000,0.000,46.095,53.559,369,2,2,0,9,9,2,0,0,0,0,0,207,162,98.928,0.536,0.536,0.000,2.413,2.413,0.536,0.000,0.000,0.000,0.000,0.000,55.496,43.432,5.950,3.024,13.117,1.967,3.041,5.968,13.212,1.989,3.131,6.040,13.514,3.149,6.047,13.592,0.464,0.556,2.880,0.436,0.529,2.746,4.264,4.591,8.210,24.450,2.892,70,25,0,15,30,30,10,10,75,100,75,100,0,35,0,60,60,97,97,165,0,0,3.000,8.000,1.900,3.000,1.000,1.900,0.004,3.249,1.448,2.571,15.013
66,2022_7_12,18:44:21,GRAINS,147,WHEAT,  7.0.30 ,R22_UX1993-191_27-17-3_Ap,,,11.900,342,34.859,Mixed,L/W,58.820,10.000,32.000,59.220,10.000,35.000,99.890,0.110,0.000,0.000,0.387,0.387,0.352,0.000,0.000,0.000,0.000,0.000,59.147,40.744,341,1,0,0,1,1,1,0,0,0,0,0,222,119,99.708,0.292,0.000,0.000,0.292,0.292,0.292,0.000,0.000,0.000,0.000,0.000,64.912,34.795,6.164,3.126,14.181,1.972,3.130,6.170,14.206,1.986,3.182,6.215,14.480,3.182,6.215,14.482,0.372,0.494,2.642,0.367,0.482,2.607,4.264,4.591,8.210,24.450,2.892,70,25,0,15,30,30,10,10,75,100,75,100,0,35,0,60,60,97,97,165,0,0,3.000,8.000,1.900,3.000,1.000,1.900,0.001,2.717,1.380,2.101,15.645
67,2022_7_12,18:46:6,GRAINS,147,WHEAT,  7.0.30 ,R22_GA001138-8E36_27-17-4_Ap,,,17.500,417,42.234,Mixed,L/W,54.900,10.000,32.000,59.220,10.000,35.000,99.913,0.087,0.174,0.000,0.533,0.533,1.677,0.000,0.000,0.000,0.000,0.000,47.216,52.523,414,1,2,0,2,2,8,0,0,0,0,0,214,200,99.281,0.240,0.480,0.000,0.480,0.480,1.918,0.000,0.000,0.000,0.000,0.000,51.319,47.962,6.363,3.319,15.586,1.917,3.331,6.375,15.657,1.930,3.434,6.439,16.335,3.435,6.448,16.366,0.429,0.544,3.108,0.408,0.526,3.006,4.264,4.591,8.210,24.450,2.892,70,25,0,15,30,30,10,10,75,100,75,100,0,35,0,60,60,97,97,165,0,0,3.000,8.000,1.900,3.000,1.000,1.900,0.001,3.359,1.731,2.453,16.266
68,2022_7_12,18:47:13,GRAINS,147,WHEAT,  7.0.30 ,R22_UX1993-175_27-18-1_Ap,,,12.500,356,35.499,Mixed,L/W,58.430,10.000,33.000,59.220,10.000,35.000,99.397,0.603,0.000,0.000,1.313,1.313,0.343,0.000,0.000,0.000,0.000,0.000,59.844,39.553,350,6,0,0,4,4,1,0,0,0,0,0,227,123,98.315,1.685,0.000,0.000,1.124,1.124,0.281,0.000,0.000,0.000,0.000,0.000,63.764,34.551,6.194,3.177,14.351,1.950,3.197,6.234,14.502,1.962,3.310,6.349,15.114,3.314,6.362,15.141,0.425,0.681,3.070,0.395,0.613,2.866,4.264,4.591,8.210,24.450,2.892,70,25,0,15,30,30,10,10,75,100,75,100,0,35,0,60,60,97,97,165,0,0,3.000,8.000,1.900,3.000,1.000,1.900,0.001,2.943,1.348,2.258,15.667
69,2022_7_12,18:48:18,GRAINS,147,WHEAT,  7.0.30 ,R22_UX1993-163_27-18-2_Ap,,,11.300,375,30.506,Mixed,L/W,55.290,10.000,32.000,59.220,10.000,35.000,99.618,0.382,0.414,0.000,0.000,0.000,0.295,0.000,0.000,0.000,0.000,0.000,61.631,37.573,369,3,3,0,0,0,2,0,0,0,0,0,256,113,98.400,0.800,0.800,0.000,0.000,0.000,0.533,0.000,0.000,0.000,0.000,0.000,68.267,30.133,5.870,2.889,12.476,2.032,2.906,5.887,12.577,2.052,2.967,5.926,12.878,2.981,5.929,12.894,0.408,0.490,2.495,0.388,0.465,2.382,4.264,4.591,8.210,24.450,2.892,70,25,0,15,30,30,10,10,75,100,75,100,0,35,0,60,60,97,97,165,0,0,3.000,8.000,1.900,3.000,1.000,1.900,0.000,3.028,1.574,2.476,14.760
70,2022_7_12,18:49:23,GRAINS,147,WHEAT,  7.0.30 ,R22_UX1993-7_27-18-3_Ap,,,10.700,284,38.034,Mixed,L/W,61.180,9.000,32.000,63.140,10.000,35.000,99.885,0.115,0.138,0.000,0.482,0.482,0.000,0.000,0.000,0.000,0.000,0.000,79.815,19.931,281,2,1,0,3,3,0,0,0,0,0,0,230,51,98.944,0.704,0.352,0.000,1.056,1.056,0.000,0.000,0.000,0.000,0.000,0.000,80.986,17.958,6.428,3.168,14.814,2.029,3.188,6.449,14.929,2.037,3.241,6.462,15.370,3.245,6.471,15.405,0.386,0.486,2.468,0.331,0.420,2.207,4.264,4.591,8.210,24.450,2.892,70,25,0,15,30,30,10,10,75,100,75,100,0,35,0,60,60,97,97,165,0,0,3.000,8.000,1.900,3.000,1.000,1.900,0.001,2.752,1.418,2.467,16.071
71,2022_7_12,18:51:0,GRAINS,147,WHEAT,  7.0.30 ,R22_UX1993-189_27-18-4_Ap,,,14.500,356,41.371,Mixed,L/W,58.430,10.000,33.000,63.140,10.000,35.000,99.576,0.424,0.000,0.000,0.141,0.141,0.135,0.000,0.000,0.000,0.063,0.000,41.780,57.795,349,7,0,0,2,2,2,0,0,0,1,0,162,187,98.034,1.966,0.000,0.000,0.562,0.562,0.562,0.000,0.000,0.000,0.281,0.000,45.506,52.528,6.286,3.297,15.314,1.907,3.332,6.352,15.554,1.924,3.438,6.438,16.223,3.449,6.439,16.331,0.508,0.758,3.538,0.442,0.591,3.126,4.264,4.591,8.210,24.450,2.892,70,25,0,15,30,30,10,10,75,100,75,100,0,35,0,60,60,97,97,165,0,0,3.000,8.000,1.900,3.000,1.000,1.900,0.002,3.389,1.537,2.664,16.055
72,2022_7_12,18:52:40,GRAINS,147,WHEAT,  7.0.30 ,R22_UX1993-188_27-19-1_Ap,,,11.900,337,37.086,Mixed,L/W,54.900,10.000,32.000,59.220,10.000,35.000,99.416,0.584,1.959,0.000,0.113,0.113,5.179,0.000,0.000,0.000,0.209,0.000,41.484,55.973,319,5,13,0,1,1,19,0,0,0,2,0,155,164,94.659,1.484,3.858,0.000,0.297,0.297,5.638,0.000,0.000,0.000,0.593,0.000,45.994,48.665,6.111,3.076,13.934,1.987,3.144,6.159,14.324,1.989,3.170,6.188,14.454,3.209,6.199,14.621,0.521,0.542,3.184,0.437,0.475,2.760,4.264,4.591,8.210,24.450,2.892,70,25,0,15,30,30,10,10,75,100,75,100,0,35,0,60,60,97,97,165,0,0,3.000,8.000,1.900,3.000,1.000,1.900,0.000,4.310,1.744,2.745,15.561
73,2022_7_12,18:53:53,GRAINS,147,WHEAT,  7.0.30 ,R22_SS8641_27-19-2_Am,,,9.600,286,33.793,Mixed,L/W,57.650,9.000,31.000,59.220,10.000,33.000,99.620,0.380,0.000,0.000,0.429,0.429,0.619,0.000,0.000,0.000,0.000,0.000,38.004,61.616,283,3,0,0,2,2,4,0,0,0,0,0,130,153,98.951,1.049,0.000,0.000,0.699,0.699,1.399,0.000,0.000,0.000,0.000,0.000,45.455,53.497,5.769,3.061,13.081,1.885,3.072,5.790,13.164,1.906,3.126,5.869,13.789,3.134,5.870,13.849,0.419,0.529,2.670,0.404,0.491,2.555,4.264,4.591,8.210,24.450,2.892,70,25,0,15,30,30,10,10,75,100,75,100,0,35,0,60,60,97,97,165,0,0,3.000,8.000,1.900,3.000,1.000,1.900,0.001,3.858,1.608,3.045,14.830
74,2022_7_12,18:55:12,GRAINS,147,WHEAT,  7.0.30 ,R22_UX1993-21_27-19-3_Ap,,,14.200,428,33.947,Mixed,L/W,59.220,10.000,32.000,63.140,10.000,33.000,98.973,1.027,0.000,0.000,1.149,1.149,0.013,0.000,0.000,0.000,0.000,0.000,58.747,40.227,414,14,0,0,6,6,1,0,0,0,0,0,258,156,96.729,3.271,0.000,0.000,1.402,1.402,0.234,0.000,0.000,0.000,0.000,0.000,60.280,36.449,6.085,3.108,13.989,1.958,3.151,6.174,14.303,1.974,3.220,6.305,14.974,3.244,6.315,15.077,0.491,0.831,3.553,0.426,0.673,3.145,4.264,4.591,8.210,24.450,2.892,70,25,0,15,30,30,10,10,75,100,75,100,0,35,0,60,60,97,97,165,0,0,3.000,8.000,1.900,3.000,1.000,1.900,0.008,3.331,1.865,3.184,15.445
75,2022_7_12,18:56:21,GRAINS,147,WHEAT,  7.0.30 ,R22_UX1993-186_27-19-4_Ap,,,11.800,358,33.113,Mixed,L/W,53.330,10.000,31.000,47.060,10.000,35.000,99.900,0.100,0.103,0.000,0.000,0.000,1.809,0.000,0.000,0.000,0.000,0.000,68.353,31.444,356,1,1,0,0,0,6,0,0,0,0,0,264,92,99.441,0.279,0.279,0.000,0.000,0.000,1.676,0.000,0.000,0.000,0.000,0.000,73.743,25.698,6.095,2.954,13.301,2.063,2.960,6.099,13.334,2.092,2.995,6.182,13.788,2.998,6.182,13.802,0.423,0.515,2.699,0.416,0.507,2.664,4.264,4.591,8.210,24.450,2.892,70,25,0,15,30,30,10,10,75,100,75,100,0,35,0,60,60,97,97,165,0,0,3.000,8.000,1.900,3.000,1.000,1.900,0.000,3.678,1.729,2.238,15.361
76,2022_7_12,18:57:31,GRAINS,147,WHEAT,  7.0.30 ,R22_UX1993-30_27-20-1_Ap,,,12.800,318,41.613,Mixed,L/W,58.430,11.000,33.000,63.140,10.000,35.000,99.480,0.520,0.456,0.021,1.328,1.349,0.000,0.014,0.000,0.017,0.062,0.000,53.677,45.347,306,9,3,1,6,7,0,1,0,1,2,0,176,130,96.226,2.830,0.943,0.314,1.887,2.201,0.000,0.314,0.000,0.314,0.629,0.000,55.346,40.881,6.280,3.239,14.977,1.939,3.309,6.380,15.407,1.938,3.347,6.415,15.698,3.375,6.447,15.970,0.513,0.758,3.432,0.347,0.492,2.643,4.264,4.591,8.210,24.450,2.892,70,25,0,15,30,30,10,10,75,100,75,100,0,35,0,60,60,97,97,165,0,0,3.000,8.000,1.900,3.000,1.000,1.900,0.071,3.797,2.017,3.413,15.964
77,2022_7_12,18:58:22,GRAINS,147,WHEAT,  7.0.30 ,R22_UX1993-188_27-20-2_Ap,,,9.500,248,38.982,Mixed,L/W,55.290,11.000,32.000,59.220,10.000,35.000,99.713,0.287,0.118,0.000,0.067,0.067,4.854,0.038,0.000,0.021,0.000,0.000,17.700,81.895,243,4,1,0,1,1,11,1,0,1,0,0,52,191,97.984,1.613,0.403,0.000,0.403,0.403,4.435,0.403,0.000,0.403,0.000,0.000,20.968,77.016,5.910,3.257,13.997,1.815,3.293,5.970,14.223,1.817,3.346,5.962,14.670,3.347,5.981,14.683,0.403,0.661,2.765,0.296,0.493,2.280,4.264,4.591,8.210,24.450,2.892,70,25,0,15,30,30,10,10,75,100,75,100,0,35,0,60,60,97,97,165,0,0,3.000,8.000,1.900,3.000,1.000,1.900,0.000,4.341,1.739,2.457,15.207
78,2022_7_12,18:59:34,GRAINS,147,WHEAT,  7.0.30 ,R22_UX1993-161_27-20-3_Ap,,,10.900,316,34.494,Mixed,L/W,58.430,11.000,34.000,59.220,11.000,35.000,100.000,0.000,0.000,0.000,2.557,2.557,0.000,0.000,0.000,0.000,0.000,0.000,42.274,57.726,316,0,0,0,10,10,0,0,0,0,0,0,151,165,100.000,0.000,0.000,0.000,3.165,3.165,0.000,0.000,0.000,0.000,0.000,0.000,47.785,52.215,5.883,3.123,13.379,1.884,3.123,5.883,13.379,1.895,3.194,5.977,13.854,3.194,5.977,13.854,0.383,0.557,2.676,0.383,0.557,2.676,4.264,4.591,8.210,24.450,2.892,70,25,0,15,30,30,10,10,75,100,75,100,0,35,0,60,60,97,97,165,0,0,3.000,8.000,1.900,3.000,1.000,1.900,0.059,2.802,1.344,2.208,15.010
79,2022_7_12,19:1:29,GRAINS,147,WHEAT,  7.0.30 ,R22_UX1993-9_27-20-4_Ap,,,14.800,369,42.069,Mixed,L/W,57.650,10.000,32.000,59.220,10.000,35.000,99.203,0.797,1.062,0.000,2.735,2.735,1.428,0.000,0.000,0.044,0.028,0.000,68.688,29.453,349,11,9,0,15,15,4,0,0,2,1,0,251,98,94.580,2.981,2.439,0.000,4.065,4.065,1.084,0.000,0.000,0.542,0.271,0.000,68.022,26.558,6.499,3.201,15.269,2.030,3.275,6.621,15.816,2.054,3.316,6.700,16.046,3.346,6.750,16.506,0.570,0.861,3.974,0.472,0.552,3.259,4.264,4.591,8.210,24.450,2.892,70,25,0,15,30,30,10,10,75,100,75,100,0,35,0,60,60,97,97,165,0,0,3.000,8.000,1.900,3.000,1.000,1.900,0.049,3.670,1.905,3.477,16.333
80,2022_7_12,19:15:44,GRAINS,147,WHEAT,  7.0.30 ,Kin22_UX1992-135_2-1-2_Ap,,,11.600,282,42.517,Mixed,L/W,55.690,9.000,31.000,59.220,10.000,33.000,99.696,0.304,0.701,0.000,0.495,0.495,0.022,0.000,0.000,0.041,0.070,0.000,80.295,18.700,272,6,4,0,3,3,1,0,0,2,1,0,225,47,96.454,2.128,1.418,0.000,1.064,1.064,0.355,0.000,0.000,0.709,0.355,0.000,79.787,16.667,6.539,3.171,15.299,2.062,3.234,6.600,15.669,2.050,3.274,6.662,16.060,3.283,6.668,16.178,0.483,0.808,3.352,0.328,0.580,2.615,4.264,4.591,8.210,24.450,2.892,70,25,0,15,30,30,10,10,75,100,75,100,0,35,0,60,60,97,97,165,0,0,3.000,8.000,1.900,3.000,1.000,1.900,0.000,3.796,1.745,2.805,16.362
81,2022_7_12,19:17:27,GRAINS,147,WHEAT,  7.0.30 ,Kin22_UX1992-166_2-1-3_Ap,,,7.200,209,36.711,Mixed,L/W,58.820,9.000,30.000,59.610,8.000,30.000,99.426,0.574,1.365,0.000,0.442,0.442,0.045,0.000,0.000,0.051,0.000,0.000,72.794,25.267,195,7,7,0,3,3,1,0,0,2,0,0,154,41,93.301,3.349,3.349,0.000,1.435,1.435,0.478,0.000,0.000,0.957,0.000,0.000,73.684,19.617,6.034,2.967,13.127,2.033,3.078,6.146,13.786,2.011,3.059,6.184,13.616,3.099,6.220,13.967,0.556,0.946,3.576,0.362,0.506,2.581,4.264,4.591,8.210,24.450,2.892,70,25,0,15,30,30,10,10,75,100,75,100,0,35,0,60,60,97,97,165,0,0,3.000,8.000,1.900,3.000,1.000,1.900,0.036,3.230,1.767,3.670,15.081
82,2022_7_12,19:18:29,GRAINS,147,WHEAT,  7.0.30 ,Kin22_UX1992-327_2-1-4_Ap,,,6.900,164,44.602,Medium,L/W,58.820,8.000,29.000,59.610,8.000,31.000,99.547,0.453,0.934,0.000,1.218,1.218,0.204,0.000,0.000,0.032,0.206,0.000,90.819,7.794,154,5,5,0,3,3,2,0,0,1,1,0,141,13,93.902,3.049,3.049,0.000,1.829,1.829,1.220,0.000,0.000,0.610,0.610,0.000,85.976,7.927,6.602,3.119,15.261,2.116,3.228,6.732,15.950,2.098,3.277,6.768,16.354,3.284,6.801,16.477,0.567,0.908,3.831,0.347,0.547,2.636,4.264,4.591,8.210,24.450,2.892,70,25,0,15,30,30,10,10,75,100,75,100,0,35,0,60,60,97,97,165,0,0,3.000,8.000,1.900,3.000,1.000,1.900,0.169,4.138,1.805,3.118,16.413
83,2022_7_12,19:20:16,GRAINS,147,WHEAT,  7.0.30 ,Kin22_UX1992-302_2-2-1_Ap,,,10.900,302,36.850,Mixed,L/W,57.650,9.000,31.000,59.220,10.000,35.000,99.731,0.269,0.761,0.000,0.000,0.000,0.000,0.000,0.000,0.000,0.017,0.000,78.339,20.631,295,2,5,0,0,0,0,0,0,0,1,0,244,51,97.682,0.662,1.656,0.000,0.000,0.000,0.000,0.000,0.000,0.000,0.331,0.000,80.795,16.887,6.293,2.995,13.831,2.101,3.023,6.303,13.989,2.110,3.085,6.420,14.577,3.105,6.425,14.758,0.487,0.667,3.277,0.447,0.644,3.112,4.264,4.591,8.210,24.450,2.892,70,25,0,15,30,30,10,10,75,100,75,100,0,35,0,60,60,97,97,165,0,0,3.000,8.000,1.900,3.000,1.000,1.900,0.000,3.332,1.624,3.082,15.644
84,2022_7_12,19:21:46,GRAINS,147,WHEAT,  7.0.30 ,Kin22_UX1992-203_2-2-2_Ap,,,11.400,308,37.742,Mixed,L/W,55.290,9.000,31.000,59.220,9.000,33.000,99.322,0.678,0.000,0.000,0.126,0.126,0.000,0.000,0.000,0.013,0.053,0.000,71.082,28.241,300,8,0,0,1,1,0,0,0,1,2,0,224,76,97.403,2.597,0.000,0.000,0.325,0.325,0.000,0.000,0.000,0.325,0.649,0.000,72.727,24.675,6.138,3.094,14.037,1.984,3.125,6.230,14.305,2.004,3.137,6.330,14.711,3.149,6.350,14.825,0.394,0.761,2.924,0.327,0.497,2.421,4.264,4.591,8.210,24.450,2.892,70,25,0,15,30,30,10,10,75,100,75,100,0,35,0,60,60,97,97,165,0,0,3.000,8.000,1.900,3.000,1.000,1.900,0.000,3.080,1.704,2.448,15.494
85,2022_7_12,19:23:5,GRAINS,147,WHEAT,  7.0.30 ,Kin22_UX1992-310_2-2-3_Ap,,,10.100,250,40.400,Mixed,L/W,57.250,9.000,30.000,59.220,10.000,33.000,100.000,0.000,0.000,0.000,0.458,0.458,0.000,0.000,0.000,0.000,0.000,0.000,86.578,13.422,250,0,0,0,1,1,0,0,0,0,0,0,219,31,100.000,0.000,0.000,0.000,0.400,0.400,0.000,0.000,0.000,0.000,0.000,0.000,87.600,12.400,6.434,3.179,15.233,2.024,3.179,6.434,15.233,2.029,3.235,6.524,15.895,3.235,6.524,15.895,0.301,0.558,2.522,0.301,0.558,2.522,4.264,4.591,8.210,24.450,2.892,70,25,0,15,30,30,10,10,75,100,75,100,0,35,0,60,60,97,97,165,0,0,3.000,8.000,1.900,3.000,1.000,1.900,0.000,3.552,1.626,2.385,16.222
86,2022_7_12,19:24:36,GRAINS,147,WHEAT,  7.0.30 ,Kin22_UX1992-287_2-2-4_Ap,,,11.500,298,42.736,Mixed,L/W,56.860,9.000,31.000,59.610,10.000,33.000,99.964,0.036,4.297,0.000,0.150,0.150,0.194,0.000,0.000,0.036,0.000,0.000,65.953,29.715,269,2,27,0,1,1,1,0,0,2,0,0,193,76,90.268,0.671,9.060,0.000,0.336,0.336,0.336,0.000,0.000,0.671,0.000,0.000,64.765,25.503,6.429,3.082,14.622,2.086,3.214,6.467,15.332,2.029,3.262,6.483,15.602,3.312,6.500,16.034,0.552,0.767,3.561,0.370,0.590,2.811,4.264,4.591,8.210,24.450,2.892,70,25,0,15,30,30,10,10,75,100,75,100,0,35,0,60,60,97,97,165,0,0,3.000,8.000,1.900,3.000,1.000,1.900,0.000,3.576,1.898,2.553,16.070
87,2022_7_12,19:26:0,GRAINS,147,WHEAT,  7.0.30 ,Kin22_UX1992-201_2-3-1_Ap,,,9.500,227,42.379,Mixed,L/W,57.650,9.000,29.000,59.220,8.000,30.000,99.925,0.075,0.000,0.000,0.000,0.000,0.035,0.000,0.000,0.022,0.018,0.000,81.551,18.375,224,3,0,0,0,0,1,0,0,1,1,0,183,41,98.678,1.322,0.000,0.000,0.000,0.000,0.441,0.000,0.000,0.441,0.441,0.000,80.617,18.062,6.504,3.197,15.289,2.034,3.231,6.557,15.481,2.041,3.258,6.620,15.856,3.263,6.626,15.881,0.408,0.616,2.668,0.291,0.401,2.103,4.264,4.591,8.210,24.450,2.892,70,25,0,15,30,30,10,10,75,100,75,100,0,35,0,60,60,97,97,165,0,0,3.000,8.000,1.900,3.000,1.000,1.900,0.000,3.416,1.726,2.543,16.331
88,2022_7_12,19:27:32,GRAINS,147,WHEAT,  7.0.30 ,Kin22_UX1992-239_2-3-2_Ap,,,10.500,274,39.426,Medium,L/W,58.820,9.000,30.000,61.180,10.000,33.000,99.127,0.873,0.019,0.000,4.979,4.979,0.487,0.000,0.000,0.000,0.043,0.000,88.723,10.385,264,9,1,0,13,13,2,0,0,0,2,0,240,24,96.350,3.285,0.365,0.000,4.745,4.745,0.730,0.000,0.000,0.000,0.730,0.000,87.591,8.759,6.345,3.077,14.259,2.062,3.126,6.473,14.655,2.078,3.155,6.559,15.281,3.175,6.575,15.318,0.419,0.866,3.132,0.289,0.527,2.357,4.264,4.591,8.210,24.450,2.892,70,25,0,15,30,30,10,10,75,100,75,100,0,35,0,60,60,97,97,165,0,0,3.000,8.000,1.900,3.000,1.000,1.900,0.013,3.592,1.652,3.178,15.841
89,2022_7_12,19:29:28,GRAINS,147,WHEAT,  7.0.30 ,Kin22_UX1992-59_2-3-3_Ap,,,10.100,323,34.315,Medium,L/W,56.860,9.000,31.000,59.220,10.000,33.000,99.886,0.114,3.623,0.000,0.739,0.739,0.860,0.000,0.000,0.000,0.038,0.000,89.381,6.883,294,2,27,0,3,3,2,0,0,0,1,0,276,18,91.022,0.619,8.359,0.000,0.929,0.929,0.619,0.000,0.000,0.000,0.310,0.000,85.449,5.573,6.280,2.839,13.151,2.212,2.946,6.360,13.767,2.175,2.953,6.401,13.823,2.987,6.440,14.032,0.475,0.644,3.086,0.326,0.487,2.360,4.264,4.591,8.210,24.450,2.892,70,25,0,15,30,30,10,10,75,100,75,100,0,35,0,60,60,97,97,165,0,0,3.000,8.000,1.900,3.000,1.000,1.900,0.002,3.805,1.565,2.640,15.502
90,2022_7_12,19:31:18,GRAINS,147,WHEAT,  7.0.30 ,Kin22_LA09264C-P2_2-3-4_Ap,,,8.800,201,43.781,Medium,L/W,59.610,7.000,27.000,59.610,6.000,27.000,100.000,0.000,0.000,0.000,0.000,0.000,0.580,0.000,0.000,0.000,0.000,0.000,93.443,6.557,201,0,0,0,0,0,1,0,0,0,0,0,189,12,100.000,0.000,0.000,0.000,0.000,0.000,0.498,0.000,0.000,0.000,0.000,0.000,94.030,5.970,6.780,3.214,16.046,2.110,3.214,6.780,16.046,2.117,3.258,6.800,16.480,3.258,6.800,16.480,0.259,0.458,2.191,0.259,0.458,2.191,4.264,4.591,8.210,24.450,2.892,70,25,0,15,30,30,10,10,75,100,75,100,0,35,0,60,60,97,97,165,0,0,3.000,8.000,1.900,3.000,1.000,1.900,0.000,3.003,1.067,2.154,16.899
91,2022_7_12,19:34:22,GRAINS,147,WHEAT,  7.0.30 ,Kin22_GA06493-13LE6_2-4-1_Ap,,,14.900,333,45.277,Mixed,L/W,56.470,8.000,29.000,59.610,8.000,31.000,99.975,0.025,0.183,0.000,0.340,0.340,0.178,0.000,0.000,0.000,0.000,0.000,87.383,12.409,329,2,2,0,1,1,4,0,0,0,0,0,291,38,98.799,0.601,0.601,0.000,0.300,0.300,1.201,0.000,0.000,0.000,0.000,0.000,87.387,11.411,6.707,3.222,16.100,2.081,3.250,6.726,16.261,2.077,3.281,6.757,16.816,3.287,6.757,16.873,0.386,0.707,2.885,0.289,0.521,2.483,4.264,4.591,8.210,24.450,2.892,70,25,0,15,30,30,10,10,75,100,75,100,0,35,0,60,60,97,97,165,0,0,3.000,8.000,1.900,3.000,1.000,1.900,0.000,3.661,1.509,2.457,16.849
92,2022_7_12,19:36:6,GRAINS,147,WHEAT,  7.0.30 ,Kin22_UX1992-196_2-4-2_Ap,,,10.100,287,35.883,Mixed,L/W,55.290,10.000,32.000,59.220,10.000,35.000,99.833,0.167,0.787,0.000,0.000,0.000,0.149,0.000,0.000,0.017,0.000,0.000,72.414,26.632,281,2,4,0,0,0,1,0,0,1,0,0,213,68,97.909,0.697,1.394,0.000,0.000,0.000,0.348,0.000,0.000,0.348,0.000,0.000,74.216,23.693,6.214,3.030,13.703,2.051,3.055,6.235,13.838,2.063,3.096,6.331,14.030,3.150,6.331,14.044,0.433,0.622,2.820,0.392,0.556,2.649,4.264,4.591,8.210,24.450,2.892,70,25,0,15,30,30,10,10,75,100,75,100,0,35,0,60,60,97,97,165,0,0,3.000,8.000,1.900,3.000,1.000,1.900,0.000,3.300,1.857,2.539,15.506
93,2022_7_12,19:37:13,GRAINS,147,WHEAT,  7.0.30 ,Kin22_UX1992-317_2-4-3_Ap,,,8.800,270,33.059,Mixed,L/W,54.900,9.000,31.000,59.610,9.000,33.000,99.927,0.073,0.369,0.000,0.172,0.172,0.509,0.000,0.000,0.000,0.032,0.000,72.671,26.887,266,2,2,0,1,1,1,0,0,0,1,0,206,60,98.519,0.741,0.741,0.000,0.370,0.370,0.370,0.000,0.000,0.000,0.370,0.000,76.296,22.222,5.938,2.933,12.712,2.025,2.956,5.963,12.840,2.034,3.053,6.044,13.602,3.063,6.046,13.638,0.404,0.572,2.640,0.355,0.502,2.411,4.264,4.591,8.210,24.450,2.892,70,25,0,15,30,30,10,10,75,100,75,100,0,35,0,60,60,97,97,165,0,0,3.000,8.000,1.900,3.000,1.000,1.900,0.000,3.813,1.685,2.339,14.871
94,2022_7_12,19:38:24,GRAINS,147,WHEAT,  7.0.30 ,Kin22_UX1992-80_2-4-4_Ap,,,10.300,291,35.517,Mixed,L/W,56.080,10.000,33.000,59.220,10.000,35.000,100.000,0.000,0.161,0.000,0.000,0.000,0.198,0.000,0.000,0.000,0.000,0.000,59.647,40.192,290,0,1,0,0,0,1,0,0,0,0,0,190,100,99.656,0.000,0.344,0.000,0.000,0.000,0.344,0.000,0.000,0.000,0.000,0.000,65.292,34.364,6.017,3.091,13.847,1.947,3.095,6.018,13.870,1.958,3.200,6.120,14.481,3.201,6.121,14.502,0.374,0.507,2.600,0.367,0.508,2.574,4.264,4.591,8.210,24.450,2.892,70,25,0,15,30,30,10,10,75,100,75,100,0,35,0,60,60,97,97,165,0,0,3.000,8.000,1.900,3.000,1.000,1.900,0.000,3.145,1.638,2.337,15.374
95,2022_7_12,19:39:55,GRAINS,147,WHEAT,  7.0.30 ,Kin22_UX1992-232_2-5-1_Ap,,,11.700,308,38.592,Mixed,L/W,56.080,9.000,31.000,59.610,9.000,32.000,99.944,0.056,0.150,0.000,0.000,0.000,0.488,0.000,0.000,0.027,0.000,0.000,86.617,13.176,303,2,3,0,0,0,4,0,0,1,0,0,268,35,98.377,0.649,0.974,0.000,0.000,0.000,1.299,0.000,0.000,0.325,0.000,0.000,87.013,11.364,6.480,3.074,14.719,2.108,3.108,6.502,14.912,2.102,3.150,6.550,15.241,3.154,6.557,15.280,0.418,0.614,2.781,0.310,0.513,2.316,4.264,4.591,8.210,24.450,2.892,70,25,0,15,30,30,10,10,75,100,75,100,0,35,0,60,60,97,97,165,0,0,3.000,8.000,1.900,3.000,1.000,1.900,0.000,3.828,1.542,2.503,16.171
96,2022_7_12,19:41:31,GRAINS,147,WHEAT,  7.0.30 ,Kin22_UX1992-289_2-5-2_Ap,,,12.500,350,36.368,Mixed,L/W,57.650,10.000,32.000,59.220,10.000,35.000,99.794,0.206,0.682,0.000,0.146,0.146,0.190,0.000,0.000,0.000,0.075,0.000,74.384,24.728,343,2,5,0,1,1,1,0,0,0,1,0,271,72,98.000,0.571,1.429,0.000,0.286,0.286,0.286,0.000,0.000,0.000,0.286,0.000,77.429,20.571,6.228,3.068,14.079,2.030,3.092,6.247,14.214,2.043,3.181,6.370,14.885,3.189,6.374,14.988,0.451,0.579,3.055,0.420,0.549,2.913,4.264,4.591,8.210,24.450,2.892,70,25,0,15,30,30,10,10,75,100,75,100,0,35,0,60,60,97,97,165,0,0,3.000,8.000,1.900,3.000,1.000,1.900,0.001,3.339,1.778,2.889,15.670
97,2022_7_12,19:43:19,GRAINS,147,WHEAT,  7.0.30 ,Kin22_Hilliard_2-5-3_Ap,,,10.300,269,38.813,Mixed,L/W,57.250,9.000,31.000,59.220,10.000,33.000,99.481,0.519,0.105,0.000,0.110,0.110,0.000,0.000,0.000,0.000,0.000,0.000,44.434,54.942,264,4,1,0,1,1,0,0,0,0,0,0,129,135,98.141,1.487,0.372,0.000,0.372,0.372,0.000,0.000,0.000,0.000,0.000,0.000,47.955,50.186,6.109,3.225,14.326,1.894,3.242,6.152,14.478,1.905,3.323,6.221,15.086,3.333,6.225,15.103,0.364,0.617,2.707,0.334,0.532,2.479,4.264,4.591,8.210,24.450,2.892,70,25,0,15,30,30,10,10,75,100,75,100,0,35,0,60,60,97,97,165,0,0,3.000,8.000,1.900,3.000,1.000,1.900,0.000,2.835,1.408,2.239,15.522
98,2022_7_12,19:44:55,GRAINS,147,WHEAT,  7.0.30 ,Kin22_UX1992-293_2-5-4_Ap,,,12.400,300,43.306,Mixed,L/W,56.080,9.000,30.000,59.610,8.000,31.000,99.534,0.466,0.474,0.000,0.339,0.339,0.207,0.000,0.000,0.015,0.209,0.000,80.261,18.798,285,9,6,0,1,1,3,0,0,1,4,0,237,48,95.000,3.000,2.000,0.000,0.333,0.333,1.000,0.000,0.000,0.333,1.333,0.000,79.000,16.000,6.526,3.151,15.455,2.072,3.255,6.634,16.119,2.050,3.309,6.689,16.423,3.324,6.710,16.670,0.595,1.018,4.092,0.356,0.552,2.902,4.264,4.591,8.210,24.450,2.892,70,25,0,15,30,30,10,10,75,100,75,100,0,35,0,60,60,97,97,165,0,0,3.000,8.000,1.900,3.000,1.000,1.900,0.000,3.531,1.816,3.257,16.453
99,2022_7_12,19:47:28,GRAINS,147,WHEAT,  7.0.30 ,Kin22_UX1992-195_2-6-1_Ap,,,11.100,299,37.546,Mixed,L/W,58.040,9.000,31.000,59.610,8.000,32.000,99.786,0.214,0.325,0.000,0.405,0.405,0.000,0.000,0.000,0.000,0.000,0.000,73.745,25.716,295,2,2,0,1,1,0,0,0,0,0,0,229,66,98.662,0.669,0.669,0.000,0.334,0.334,0.000,0.000,0.000,0.000,0.000,0.000,76.589,22.074,6.298,3.163,14.429,1.991,3.182,6.321,14.540,1.997,3.239,6.357,14.764,3.248,6.361,14.772,0.371,0.512,2.493,0.321,0.459,2.287,4.264,4.591,8.210,24.450,2.892,70,25,0,15,30,30,10,10,75,100,75,100,0,35,0,60,60,97,97,165,0,0,3.000,8.000,1.900,3.000,1.000,1.900,0.000,2.500,1.210,2.015,15.780
100,2022_7_12,19:49:50,GRAINS,147,WHEAT,  7.0.30 ,Kin22_ARGA051160-14LE31_2-6-2_Am,,,9.500,252,37.698,Mixed,L/W,55.290,11.000,32.000,59.220,10.000,35.000,100.000,0.000,0.000,0.000,0.477,0.477,1.910,0.000,0.000,0.000,0.000,0.000,17.785,82.215,252,0,0,0,1,1,4,0,0,0,0,0,60,192,100.000,0.000,0.000,0.000,0.397,0.397,1.587,0.000,0.000,0.000,0.000,0.000,23.810,76.190,5.830,3.243,13.940,1.798,3.243,5.830,13.940,1.811,3.343,5.929,14.658,3.343,5.929,14.658,0.387,0.498,2.588,0.387,0.498,2.588,4.264,4.591,8.210,24.450,2.892,70,25,0,15,30,30,10,10,75,100,75,100,0,35,0,60,60,97,97,165,0,0,3.000,8.000,1.900,3.000,1.000,1.900,0.000,3.168,1.558,2.240,15.070
101,2022_7_12,19:51:4,GRAINS,147,WHEAT,  7.0.30 ,Kin22_UX1992-100_2-6-3_Ap,,,9.400,273,35.396,Mixed,L/W,56.860,9.000,31.000,61.180,10.000,33.000,99.410,0.590,0.054,0.000,0.000,0.000,0.476,0.000,0.000,0.016,0.104,0.000,51.414,47.942,264,8,1,0,0,0,2,0,0,1,2,0,153,111,96.703,2.930,0.366,0.000,0.000,0.000,0.733,0.000,0.000,0.366,0.733,0.000,56.044,40.659,5.940,3.081,13.483,1.928,3.138,6.039,13.844,1.938,3.216,6.094,14.295,3.233,6.109,14.359,0.510,0.732,3.182,0.368,0.480,2.508,4.264,4.591,8.210,24.450,2.892,70,25,0,15,30,30,10,10,75,100,75,100,0,35,0,60,60,97,97,165,0,0,3.000,8.000,1.900,3.000,1.000,1.900,0.000,3.389,1.748,2.681,15.114
102,2022_7_12,19:52:40,GRAINS,147,WHEAT,  7.0.30 ,Kin22_UX1992-218_2-6-4_Ap,,,11.300,248,46.113,Mixed,L/W,61.180,9.000,30.000,63.140,10.000,33.000,99.981,0.019,0.148,0.000,0.000,0.000,0.024,0.000,0.000,0.000,0.000,0.000,52.760,47.073,245,1,2,0,0,0,1,0,0,0,0,0,136,109,98.790,0.403,0.806,0.000,0.000,0.000,0.403,0.000,0.000,0.000,0.000,0.000,54.839,43.952,6.570,3.392,16.359,1.937,3.423,6.569,16.530,1.926,3.476,6.588,16.939,3.478,6.587,17.013,0.398,0.515,2.694,0.278,0.413,2.205,4.264,4.591,8.210,24.450,2.892,70,25,0,15,30,30,10,10,75,100,75,100,0,35,0,60,60,97,97,165,0,0,3.000,8.000,1.900,3.000,1.000,1.900,0.000,3.223,1.415,2.714,16.709
103,2022_7_12,19:54:18,GRAINS,147,WHEAT,  7.0.30 ,Kin22_UX1992-295_2-7-1_Ap,,,12.500,326,39.120,Mixed,L/W,55.290,9.000,31.000,59.610,9.000,33.000,99.834,0.166,0.083,0.000,0.000,0.000,0.368,0.000,0.000,0.014,0.022,0.000,73.649,26.102,319,5,2,0,0,0,3,0,0,1,1,0,240,79,97.853,1.534,0.613,0.000,0.000,0.000,0.920,0.000,0.000,0.307,0.307,0.000,73.620,24.233,6.249,3.111,14.391,2.009,3.160,6.304,14.667,2.004,3.238,6.388,15.295,3.245,6.395,15.384,0.490,0.763,3.444,0.361,0.634,2.923,4.264,4.591,8.210,24.450,2.892,70,25,0,15,30,30,10,10,75,100,75,100,0,35,0,60,60,97,97,165,0,0,3.000,8.000,1.900,3.000,1.000,1.900,0.000,3.826,1.688,2.484,15.758
104,2022_7_12,19:56:4,GRAINS,147,WHEAT,  7.0.30 ,Kin22_UX1992-24_2-7-2_Ap,,,10.700,231,46.841,Mixed,L/W,59.610,9.000,29.000,59.220,10.000,30.000,99.372,0.628,0.024,0.000,0.171,0.171,0.534,0.000,0.000,0.024,0.000,0.000,64.876,34.472,227,3,1,0,1,1,1,0,0,1,0,0,152,75,98.268,1.299,0.433,0.000,0.433,0.433,0.433,0.000,0.000,0.433,0.000,0.000,65.801,32.468,6.585,3.393,16.538,1.941,3.411,6.630,16.727,1.951,3.504,6.751,17.472,3.504,6.757,17.577,0.386,0.638,3.240,0.328,0.526,2.904,4.264,4.591,8.210,24.450,2.892,70,25,0,15,30,30,10,10,75,100,75,100,0,35,0,60,60,97,97,165,0,0,3.000,8.000,1.900,3.000,1.000,1.900,0.001,3.282,1.829,3.199,16.810
105,2022_7_12,19:57:29,GRAINS,147,WHEAT,  7.0.30 ,Kin22_UX1992-282_2-7-3_Ap,,,12.600,304,41.883,Mixed,L/W,60.000,8.000,31.000,59.610,8.000,33.000,99.723,0.277,0.015,0.000,0.000,0.000,0.077,0.000,0.000,0.000,0.000,0.000,21.261,78.447,300,3,1,0,0,0,2,0,0,0,0,0,79,221,98.684,0.987,0.329,0.000,0.000,0.000,0.658,0.000,0.000,0.000,0.000,0.000,25.987,72.697,6.139,3.337,15.146,1.840,3.363,6.166,15.299,1.843,3.454,6.229,15.880,3.458,6.241,15.916,0.417,0.520,2.853,0.343,0.464,2.532,4.264,4.591,8.210,24.450,2.892,70,25,0,15,30,30,10,10,75,100,75,100,0,35,0,60,60,97,97,165,0,0,3.000,8.000,1.900,3.000,1.000,1.900,0.000,3.091,1.294,2.354,15.835
106,2022_7_12,19:59:21,GRAINS,147,WHEAT,  7.0.30 ,Kin22_UX1992-296_2-7-4_Ap,,,12.800,364,36.559,Mixed,L/W,54.510,9.000,31.000,59.610,9.000,32.000,99.679,0.321,0.310,0.000,0.172,0.172,0.140,0.000,0.000,0.026,0.079,0.000,81.359,18.010,349,11,4,0,1,1,2,0,0,2,5,0,293,56,95.879,3.022,1.099,0.000,0.275,0.275,0.549,0.000,0.000,0.549,1.374,0.000,80.495,15.385,6.175,2.970,13.815,2.079,3.055,6.308,14.310,2.079,3.090,6.337,14.678,3.107,6.355,14.823,0.549,0.884,3.531,0.352,0.540,2.601,4.264,4.591,8.210,24.450,2.892,70,25,0,15,30,30,10,10,75,100,75,100,0,35,0,60,60,97,97,165,0,0,3.000,8.000,1.900,3.000,1.000,1.900,0.001,4.011,2.105,3.247,15.556
107,2022_7_12,20:0:53,GRAINS,147,WHEAT,  7.0.30 ,Kin22_GA05450-EL52_2-8-1_Ap,,,11.000,265,43.250,Mixed,L/W,59.610,9.000,30.000,59.610,8.000,30.000,99.081,0.919,0.000,0.215,2.266,2.481,0.000,0.026,0.000,0.023,0.227,0.000,22.537,76.544,252,13,0,3,11,14,0,1,0,1,2,0,58,194,95.094,4.906,0.000,1.132,4.151,5.283,0.000,0.377,0.000,0.377,0.755,0.000,21.887,73.208,6.104,3.320,15.117,1.838,3.410,6.281,15.742,1.847,3.480,6.329,16.302,3.492,6.364,16.396,0.504,0.954,3.714,0.304,0.528,2.520,4.264,4.591,8.210,24.450,2.892,70,25,0,15,30,30,10,10,75,100,75,100,0,35,0,60,60,97,97,165,0,0,3.000,8.000,1.900,3.000,1.000,1.900,0.060,4.029,1.908,4.669,15.756
108,2022_7_12,20:2:31,GRAINS,147,WHEAT,  7.0.30 ,Kin22_UX1992-303_2-8-2_Ap,,,12.600,294,43.404,Mixed,L/W,58.430,9.000,31.000,61.180,10.000,33.000,99.899,0.101,0.188,0.000,0.122,0.122,0.080,0.000,0.000,0.000,0.000,0.000,55.170,44.541,290,3,1,0,1,1,2,0,0,0,0,0,165,125,98.639,1.020,0.340,0.000,0.340,0.340,0.680,0.000,0.000,0.000,0.000,0.000,56.122,42.517,6.396,3.332,15.496,1.919,3.360,6.429,15.659,1.920,3.404,6.455,16.026,3.406,6.462,16.067,0.366,0.597,2.568,0.269,0.479,2.133,4.264,4.591,8.210,24.450,2.892,70,25,0,15,30,30,10,10,75,100,75,100,0,35,0,60,60,97,97,165,0,0,3.000,8.000,1.900,3.000,1.000,1.900,0.003,2.930,1.323,1.998,16.191
109,2022_7_12,20:3:37,GRAINS,147,WHEAT,  7.0.30 ,Kin22_UX1992-78_2-8-3_Ap,,,7.400,230,34.554,Medium,L/W,53.330,9.000,33.000,47.060,9.000,35.000,99.927,0.073,3.581,0.000,0.000,0.000,0.321,0.000,0.000,0.000,0.000,0.000,84.790,11.556,214,1,15,0,0,0,1,0,0,0,0,0,194,20,93.043,0.435,6.522,0.000,0.000,0.000,0.435,0.000,0.000,0.000,0.000,0.000,84.348,8.696,6.194,2.884,12.822,2.148,2.962,6.205,13.182,2.118,2.948,6.248,13.233,2.984,6.247,13.558,0.479,0.519,2.898,0.383,0.494,2.584,4.264,4.591,8.210,24.450,2.892,70,25,0,15,30,30,10,10,75,100,75,100,0,35,0,60,60,97,97,165,0,0,3.000,8.000,1.900,3.000,1.000,1.900,0.000,3.657,1.640,2.506,15.242
110,2022_7_12,20:5:23,GRAINS,147,WHEAT,  7.0.30 ,Kin22_UX1992-242_2-8-4_Ap,,,11.500,268,44.677,Mixed,L/W,58.040,10.000,32.000,59.220,10.000,33.000,99.843,0.157,1.043,0.000,0.601,0.601,0.032,0.000,0.000,0.000,0.017,0.000,63.196,35.604,257,5,6,0,2,2,2,0,0,0,1,0,172,85,95.896,1.866,2.239,0.000,0.746,0.746,0.746,0.000,0.000,0.000,0.373,0.000,64.179,31.716,6.420,3.239,15.321,1.982,3.315,6.511,15.776,1.978,3.400,6.531,16.247,3.404,6.582,16.495,0.497,0.728,3.325,0.329,0.472,2.461,4.264,4.591,8.210,24.450,2.892,70,25,0,15,30,30,10,10,75,100,75,100,0,35,0,60,60,97,97,165,0,0,3.000,8.000,1.900,3.000,1.000,1.900,0.002,3.998,1.779,2.669,16.187
111,2022_7_12,20:7:20,GRAINS,147,WHEAT,  7.0.30 ,Kin22_UX1992-70_2-9-1_Ap,,,12.500,341,37.828,Mixed,L/W,56.080,9.000,31.000,59.610,9.000,33.000,99.865,0.135,0.861,0.000,0.103,0.103,0.392,0.000,0.000,0.027,0.014,0.000,81.176,17.828,330,5,6,0,1,1,2,0,0,1,1,0,281,49,96.774,1.466,1.760,0.000,0.293,0.293,0.587,0.000,0.000,0.293,0.293,0.000,82.405,14.370,6.328,3.029,14.161,2.089,3.085,6.383,14.457,2.091,3.155,6.426,14.803,3.182,6.439,14.985,0.513,0.681,3.284,0.400,0.531,2.796,4.264,4.591,8.210,24.450,2.892,70,25,0,15,30,30,10,10,75,100,75,100,0,35,0,60,60,97,97,165,0,0,3.000,8.000,1.900,3.000,1.000,1.900,0.002,3.547,1.998,3.228,15.844
112,2022_7_12,20:8:45,GRAINS,147,WHEAT,  7.0.30 ,Kin22_TX12D4896_2-9-2_Ap,,,8.400,182,46.832,Mixed,L/W,54.900,9.000,28.000,59.220,8.000,29.000,99.239,0.761,0.000,0.000,0.932,0.932,1.972,0.000,0.000,0.000,0.025,0.000,31.063,68.176,178,4,0,0,2,2,4,0,0,0,1,0,58,120,97.802,2.198,0.000,0.000,1.099,1.099,2.198,0.000,0.000,0.000,0.549,0.000,31.868,65.934,6.159,3.371,15.224,1.827,3.385,6.228,15.432,1.848,3.412,6.238,15.539,3.412,6.249,15.592,0.324,0.607,2.329,0.260,0.396,1.833,4.264,4.591,8.210,24.450,2.892,70,25,0,15,30,30,10,10,75,100,75,100,0,35,0,60,60,97,97,165,0,0,3.000,8.000,1.900,3.000,1.000,1.900,0.001,3.691,1.508,2.606,15.937
113,2022_7_12,20:10:15,GRAINS,147,WHEAT,  7.0.30 ,Kin22_UX1992-225_2-9-3_Ap,,,10.700,263,41.924,Mixed,L/W,58.820,10.000,31.000,59.220,10.000,33.000,99.912,0.088,0.326,0.000,0.000,0.000,0.095,0.000,0.000,0.000,0.037,0.000,65.266,34.320,255,4,4,0,0,0,3,0,0,0,2,0,173,82,96.958,1.521,1.521,0.000,0.000,0.000,1.141,0.000,0.000,0.000,0.760,0.000,65.779,31.179,6.485,3.236,15.407,2.004,3.308,6.539,15.783,1.990,3.376,6.558,15.975,3.383,6.566,16.089,0.550,0.807,3.545,0.362,0.601,2.797,4.264,4.591,8.210,24.450,2.892,70,25,0,15,30,30,10,10,75,100,75,100,0,35,0,60,60,97,97,165,0,0,3.000,8.000,1.900,3.000,1.000,1.900,0.000,4.213,1.922,3.387,16.315
114,2022_7_12,20:11:40,GRAINS,147,WHEAT,  7.0.30 ,Kin22_UX1992-322_2-9-4_Ap,,,9.400,298,34.175,Medium,L/W,54.120,9.000,31.000,59.610,8.000,32.000,99.979,0.021,4.378,0.000,0.000,0.000,5.670,0.000,0.000,0.000,0.021,0.000,91.851,3.750,275,1,22,0,0,0,15,0,0,0,1,0,267,8,92.282,0.336,7.383,0.000,0.000,0.000,5.034,0.000,0.000,0.000,0.336,0.000,89.597,2.685,6.435,2.753,13.360,2.338,2.819,6.472,13.743,2.322,2.817,6.491,13.502,2.862,6.512,13.954,0.419,0.532,2.884,0.353,0.455,2.565,4.264,4.591,8.210,24.450,2.892,70,25,0,15,30,30,10,10,75,100,75,100,0,35,0,60,60,97,97,165,0,0,3.000,8.000,1.900,3.000,1.000,1.900,0.000,3.980,1.392,2.515,15.949
115,2022_7_12,20:14:7,GRAINS,147,WHEAT,  7.0.30 ,Kin22_UX1992-223_2-10-1_Ap,,,11.500,297,38.851,Medium,L/W,57.650,9.000,30.000,59.610,8.000,31.000,100.000,0.000,0.124,0.000,2.311,2.311,0.000,0.000,0.000,0.000,0.000,0.000,89.563,10.313,296,0,1,0,7,7,0,0,0,0,0,0,269,27,99.663,0.000,0.337,0.000,2.357,2.357,0.000,0.000,0.000,0.000,0.000,0.000,90.572,9.091,6.425,3.090,14.650,2.079,3.095,6.429,14.679,2.088,3.165,6.489,15.139,3.167,6.490,15.149,0.328,0.497,2.507,0.317,0.492,2.459,4.264,4.591,8.210,24.450,2.892,70,25,0,15,30,30,10,10,75,100,75,100,0,35,0,60,60,97,97,165,0,0,3.000,8.000,1.900,3.000,1.000,1.900,0.003,3.955,1.622,2.458,16.099
116,2022_7_12,20:15:43,GRAINS,147,WHEAT,  7.0.30 ,Kin22_UX1992-281_2-10-2_Ap,,,13.400,300,45.376,Mixed,L/W,56.470,8.000,30.000,59.610,8.000,31.000,99.894,0.106,0.316,0.000,0.000,0.000,0.394,0.000,0.000,0.000,0.014,0.000,78.479,21.099,295,3,2,0,0,0,2,0,0,0,1,0,237,58,98.333,1.000,0.667,0.000,0.000,0.000,0.667,0.000,0.000,0.000,0.333,0.000,79.000,19.333,6.605,3.276,16.225,2.016,3.309,6.657,16.432,2.023,3.348,6.793,17.065,3.366,6.807,17.082,0.439,0.733,3.338,0.354,0.569,2.931,4.264,4.591,8.210,24.450,2.892,70,25,0,15,30,30,10,10,75,100,75,100,0,35,0,60,60,97,97,165,0,0,3.000,8.000,1.900,3.000,1.000,1.900,0.000,3.269,1.379,2.101,16.711
117,2022_7_12,20:16:46,GRAINS,147,WHEAT,  7.0.30 ,Kin22_UX1992-72_2-10-3_Ap,,,11.300,248,46.685,Medium,L/W,54.510,9.000,30.000,59.610,8.000,31.000,99.981,0.019,1.457,0.000,0.000,0.000,0.275,0.000,0.000,0.000,0.000,0.000,93.442,5.082,242,1,5,0,0,0,2,0,0,0,0,0,230,12,97.581,0.403,2.016,0.000,0.000,0.000,0.806,0.000,0.000,0.000,0.000,0.000,92.742,4.839,6.896,3.229,16.323,2.136,3.258,6.917,16.491,2.135,3.306,6.944,16.685,3.314,6.944,16.816,0.361,0.588,2.798,0.302,0.478,2.523,4.264,4.591,8.210,24.450,2.892,70,25,0,15,30,30,10,10,75,100,75,100,0,35,0,60,60,97,97,165,0,0,3.000,8.000,1.900,3.000,1.000,1.900,0.000,3.505,1.674,2.400,17.084
118,2022_7_12,20:17:53,GRAINS,147,WHEAT,  7.0.30 ,Kin22_UX1992-308_2-10-4_Ap,,,11.800,265,45.173,Mixed,L/W,60.000,8.000,30.000,59.610,8.000,31.000,99.918,0.082,0.000,0.000,0.439,0.439,0.027,0.000,0.000,0.000,0.038,0.000,69.567,30.350,261,4,0,0,1,1,1,0,0,0,2,0,187,74,98.491,1.509,0.000,0.000,0.377,0.377,0.377,0.000,0.000,0.000,0.755,0.000,70.566,27.925,6.476,3.297,16.065,1.964,3.334,6.547,16.298,1.972,3.385,6.599,16.821,3.387,6.604,16.855,0.434,0.753,3.148,0.313,0.491,2.545,4.264,4.591,8.210,24.450,2.892,70,25,0,15,30,30,10,10,75,100,75,100,0,35,0,60,60,97,97,165,0,0,3.000,8.000,1.900,3.000,1.000,1.900,0.000,3.538,1.542,3.383,16.503
