,AGS2000,ARGA051160-14LE31,GA001138-8E36,GA00190-7A14,GA05450-EL52,GA06493-13LE6,HILLIARD,LA09264C-P2,MPV57,NC08-23383,NC8248-1,SS8641,TX12D4896
AGS2000,0,0,0,0,0,0,1,0,0,0,0,0,0
ARGA051160-14LE31,0,0,0,0,0,0,1,0,0,0,0,0,0
GA001138-8E36,0,0,0,0,0,1,1,0,0,0,0,0,0
GA00190-7A14,0,0,0,0,0,0,1,0,0,0,0,0,0
GA05450-EL52,0,0,0,0,0,0,0,0,0,1,0,0,0
GA06493-13LE6,0,0,1,0,0,0,1,0,1,0,1,1,0
HILLIARD,1,1,1,1,0,1,0,0,0,0,1,0,1
LA09264C-P2,0,0,0,0,0,0,0,0,0,1,0,0,0
MPV57,0,0,0,0,0,1,0,0,0,0,0,0,0
NC08-23383,0,0,0,0,1,0,0,1,0,0,1,0,1
NC8248-1,0,0,0,0,0,1,1,0,0,1,0,0,0
SS8641,0,0,0,0,0,1,0,0,0,0,0,0,0
TX12D4896,0,0,0,0,0,0,1,0,0,1,0,0,0