Location,Tray,Cross_ID,Awn_dif,Entry,Infert_1,SpS_1,Infert_2,SpS_2,Infert_3,SpS_3,Infert_4,SpS_4,Infert_5,SpS_5,Infert_6,SpS_6,Notes
R22,1.1.2,UX1993,,UX1993-164,3,17,4,15,0,19,2,17,4,17,,,
R22,1.1.3,UX1993,,UX1993-100,1,21,3,17,1,15,2,17,3,18,,,
R22,1.1.4,UX1993,,UX1993-174,1,21,0,20,2,18,2,20,4,18,,,
R22,1.2.1,UX1993,,UX1993-95,3,18,2,17,1,18,0,21,2,17,,,
R22,1.2.2,UX1993,,UX1993-77,4,21,3,21,2,22,2,23,3,20,,,
R22,1.2.3,Parent,,GA05450-EL52,2,15,1,19,1,17,2,18,1,16,,,
R22,1.2.4,UX1993,,UX1993-97,1,17,3,14,1,18,2,16,1,20,,,
R22,1.3.1,UX1993,,UX1993-180,2,17,3,18,2,19,3,20,1,22,,,
R22,1.3.2,UX1993,,UX1993-73,1,20,2,17,3,20,3,17,3,19,,,
R22,1.3.3,UX1993,,UX1993-96,2,18,3,14,2,17,2,18,3,15,,,
R22,1.3.4,UX1993,,UX1993-101,2,17,1,18,1,19,2,18,1,19,,,
R22,1.4.1,UX1993,,UX1993-63,2,17,2,20,2,17,0,19,0,23,,,
R22,1.4.2,UX1993,,UX1993-159,2,19,3,17,3,16,4,16,3,17,,,
R22,1.4.3,UX1993,,UX1993-69,4,17,2,18,2,18,3,17,2,18,,,
R22,1.4.4,UX1993,,UX1993-44,1,19,1,20,1,19,1,20,1,19,,,
R22,1.5.1,Parent,,AGS2000,2,19,1,18,1,20,2,18,2,15,,,
R22,1.5.2,UX1993,,UX1993-83,2,16,2,18,3,18,1,19,2,19,,,
R22,1.5.3,UX1993,,UX1993-93,4,16,3,14,1,22,3,17,2,18,,,
R22,1.5.4,Parent,,MPV57,1,21,0,24,0,22,1,22,3,19,,,
R22,1.6.1,UX1993,,UX1993-91,2,16,0,17,2,17,1,18,0,20,,,
R22,1.6.2,UX1993,,UX1993-105,2,22,1,20,1,22,4,15,3,18,,,
R22,1.6.3,UX1993,,UX1993-61,2,19,2,17,1,20,3,16,1,18,,,
R22,1.6.4,UX1993,,UX1993-122,2,18,1,19,2,20,2,19,2,18,,,
R22,1.7.1,UX1993,,UX1993-119,2,20,1,18,1,21,0,19,1,20,,,
R22,1.7.2,UX1993,,UX1993-106,1,16,0,21,1,18,1,19,2,16,,,
R22,1.7.3,UX1993,,UX1993-90,1,17,1,17,2,15,1,15,1,15,,,
R22,1.7.4,UX1993,,UX1993-74,2,19,1,20,0,20,0,20,2,23,,,
R22,1.8.1,Parent,,SS8641,0,18,1,18,0,19,0,18,2,19,,,
R22,1.8.2,UX1993,,UX1993-60,2,16,3,15,2,18,1,19,1,18,,,
R22,1.8.3,Parent,,TX12D4896,1,18,2,16,2,16,2,15,5,13,,,
R22,1.8.4,UX1993,,UX1993-118,2,19,1,19,1,20,1,17,2,19,,,
R22,1.9.1,UX1993,,UX1993-139,2,16,1,20,1,18,1,16,1,7,,,5 broken at base
R22,1.9.2,Parent,,GA00190-7A14,2,16,2,13,0,18,1,16,0,16,,,
R22,1.9.3,UX1993,,UX1993-99,1,22,3,20,2,20,2,20,3,17,,,
R22,1.9.4,UX1993,,UX1993-68,1,18,0,19,4,15,0,20,0,19,,,
R22,1.10.1,UX1993,,UX1993-72,1,25,3,21,1,24,5,20,3,21,,,
R22,1.10.2,UX1993,,UX1993-88,1,14,1,18,2,16,0,18,1,16,,,
R22,1.10.3,UX1993,,UX1993-114,2,12,1,19,2,18,0,19,0,19,,,
R22,1.10.4,UX1993,,UX1993-92,1,25,2,22,1,26,1,26,2,24,,,
R22,1.11.1,UX1993,,UX1993-103,3,18,1,21,2,18,1,19,0,22,,,
R22,1.11.2,UX1993,,UX1993-155,3,18,1,22,2,20,1,21,2,20,,,
R22,1.11.3,UX1993,,UX1993-65,1,22,1,21,2,18,1,21,0,14,,,5 broken at base
R22,1.11.4,UX1993,,UX1993-94,1,19,1,19,1,19,1,18,0,20,,,
R22,1.12.1,Parent,,Hilliard,2,19,1,20,2,19,1,20,2,18,,,
R22,1.12.2,UX1993,,UX1993-82,0,20,0,22,3,17,1,19,2,8,,,"5 very short, not broken"
R22,1.12.3,Parent,,ARGA051160-14LE31,2,21,2,22,2,21,3,20,2,19,,,
R22,1.12.4,UX1993,,UX1993-133,2,22,4,20,2,20,2,19,2,20,,,
R22,1.13.1,UX1993,,UX1993-135,0,20,0,22,1,20,3,16,2,20,,,
R22,1.13.2,UX1993,,UX1993-85,3,19,4,18,4,20,3,21,2,21,,,
R22,1.13.3,UX1993,,UX1993-87,0,21,1,19,2,16,2,18,3,17,,,
R22,1.13.4,UX1993,,UX1993-66,1,19,3,17,1,19,4,14,1,17,,,
R22,1.14.1,UX1993,,UX1993-104,2,24,2,21,4,20,2,23,2,24,,,
R22,1.14.2,Parent,,GA06493-13LE6,1,19,1,23,3,20,5,19,2,20,,,
R22,1.14.3,UX1993,,UX1993-67,2,18,2,21,2,18,3,19,4,15,,,
R22,1.14.4,UX1993,,UX1993-137,1,26,4,22,2,25,3,24,3,23,,,
R22,1.15.1,UX1993,,UX1993-140,2,18,1,20,1,19,0,22,2,16,,,
R22,1.15.2,UX1993,,UX1993-62,2,19,1,22,5,19,3,21,2,21,,,
R22,1.15.3,UX1993,,UX1993-131,1,21,1,20,1,19,3,17,2,19,,,
R22,1.15.4,UX1993,,UX1993-102,0,22,1,19,1,20,1,16,1,19,,,
R22,1.16.1,UX1993,,UX1993-78,1,18,0,20,0,20,1,18,1,18,,,
R22,1.16.2,UX1993,,UX1993-80,2,19,0,25,2,18,2,19,2,20,,,
R22,1.16.3,Parent,,GA001138-8E36,1,20,2,16,1,18,1,19,0,22,,,
R22,1.16.4,UX1993,,UX1993-127,2,22,2,24,2,22,2,22,3,22,,,
R22,1.17.1,UX1993,,UX1993-142,1,19,2,18,0,21,0,22,1,21,,,
R22,1.17.2,UX1993,,UX1993-71,2,19,3,18,3,17,1,20,2,20,,,
R22,1.17.3,Parent,,NC08-23383,0,18,2,18,2,18,2,17,2,20,,,
R22,1.17.4,UX1993,,UX1993-115,2,19,1,19,1,19,1,19,1,22,,,
R22,1.18.1,Parent,,NC8248-1,1,18,1,18,3,14,1,18,3,14,,,
R22,1.18.2,UX1993,,UX1993-112,1,19,4,15,1,20,1,19,2,17,,,
R22,1.18.3,UX1993,,UX1993-98,0,24,1,25,5,18,4,21,2,22,,,
R22,1.18.4,UX1993,,UX1993-70,1,16,1,17,0,19,1,20,1,16,,,
R22,1.19.1,UX1993,,UX1993-86,1,17,1,19,1,15,0,18,0,19,,,
R22,1.19.2,UX1993,,UX1993-75,1,23,1,21,2,26,2,23,3,22,,,
R22,1.19.3,UX1993,,UX1993-79,1,17,3,16,1,17,1,18,2,14,,,
R22,1.19.4,UX1993,,UX1993-154,2,21,2,19,0,22,4,17,2,20,,,
R22,1.20.1,UX1993,,UX1993-150,2,21,5,16,1,24,3,19,4,21,,,
R22,1.20.2,UX1993,,UX1993-76,2,16,0,20,0,19,2,17,2,16,,,
R22,1.20.3,UX1993,,UX1993-113,1,19,1,17,1,19,1,18,1,19,,,
R22,1.20.4,Parent,,LA09264C-P2,0,17,4,14,1,18,2,14,3,16,,,
R22,3.1.2,UX1991,,UX1991-99,2,21,3,19,3,19,3,20,2,20,,,
R22,3.1.3,UX1991,,UX1991-156,2,17,4,16,2,16,1,21,1,19,,,
R22,3.1.4,UX1991,,UX1991-111,0,24,1,22,3,17,0,22,1,18,,,
R22,3.2.1,UX1991,,UX1991-201,0,23,1,20,1,22,0,21,4,19,,,
R22,3.2.2,UX1991,,UX1991-175,1,25,3,20,4,16,2,22,3,18,,,
R22,3.2.3,UX1991,,UX1991-174,0,21,2,17,1,19,4,19,2,19,,,
R22,3.2.4,UX1991,,UX1991-151,0,24,1,21,3,17,2,19,2,18,,,
R22,3.3.1,UX1991,,UX1991-149,3,18,2,19,2,23,3,17,1,23,,,
R22,3.3.2,UX1991,,UX1991-110,3,17,4,17,4,17,2,19,4,17,,,
R22,3.3.3,UX1991,,UX1991-159,1,24,1,20,2,19,2,19,2,18,,,
R22,3.3.4,UX1991,,UX1991-124,3,20,2,20,2,23,3,18,2,22,,,
R22,3.4.1,UX1991,,UX1991-142,2,23,2,23,2,25,2,25,1,27,,,
R22,3.4.2,Parent,,SS8641,2,18,2,19,0,23,2,18,0,22,,,
R22,3.4.3,Parent,,LA09264C-P2,2,17,4,12,2,15,2,15,3,16,,,
R22,3.4.4,UX1991,,UX1991-101,2,22,3,16,1,22,2,23,3,22,,,
R22,3.5.1,UX1991,,UX1991-204,1,18,3,19,1,20,3,20,2,20,,,
R22,3.5.2,UX1991,,UX1991-117,3,15,2,17,3,14,2,16,3,15,,,
R22,3.5.3,UX1991,,UX1991-158,3,21,1,23,1,20,3,18,2,20,,,
R22,3.5.4,Parent,,Hilliard,4,17,2,17,3,21,2,20,2,20,,,
R22,3.6.1,Parent,,GA05450-EL52,2,18,1,20,3,19,1,19,6,13,,,
R22,3.6.2,UX1991,,UX1991-103,3,23,3,23,4,20,3,24,5,23,,,
R22,3.6.3,UX1991,,UX1991-93,4,19,1,21,1,21,2,22,2,22,,,
R22,3.6.4,UX1991,,UX1991-86,4,18,2,20,3,22,6,19,3,22,,,
R22,3.7.1,UX1991,,UX1991-141,1,24,3,23,2,24,3,23,2,25,,,
R22,3.7.2,Parent,,NC8248-1,3,14,4,16,4,14,4,14,3,16,,,
R22,3.7.3,UX1991,,UX1991-89,3,21,2,21,4,18,2,18,3,18,,,
R22,3.7.4,UX1991,,UX1991-173,2,24,1,26,2,24,1,26,2,24,,,
R22,3.8.1,UX1991,,UX1991-152,2,20,5,18,2,20,2,21,2,20,,,
R22,3.8.2,UX1991,,UX1991-114,2,20,2,19,2,18,2,20,2,19,,,
R22,3.8.3,UX1991,,UX1991-113,3,16,2,19,2,18,0,20,1,21,,,
R22,3.8.4,Parent,,GA06493-13LE6,2,21,1,21,2,22,1,21,2,22,,,
R22,3.9.1,UX1991,,UX1991-169,5,18,4,18,5,17,5,18,3,18,,,
R22,3.9.2,UX1991,,UX1991-155,2,21,4,18,2,20,1,19,2,18,,,
R22,3.9.3,UX1991,,UX1991-200,2,22,3,20,1,25,3,22,2,25,,,
R22,3.9.4,UX1991,,UX1991-171,2,21,1,22,3,21,2,21,2,22,,,
R22,3.10.1,Parent,,AGS2000,7,15,5,17,4,15,9,13,2,19,,,
R22,3.10.2,UX1991,,UX1991-137,2,20,3,20,1,21,4,18,3,20,,,
R22,3.10.3,UX1991,,UX1991-100,2,17,3,16,1,18,0,20,2,17,,,
R22,3.10.4,Parent,,MPV57,1,22,3,23,1,21,1,21,4,21,,,
R22,3.11.1,UX1991,,UX1991-165,6,19,4,22,4,17,3,20,3,21,,,
R22,3.11.2,Parent,,TX12D4896,2,16,3,18,2,17,2,17,2,17,,,
R22,3.11.3,Parent,-,ARGA051160-14LE31,6,13,3,16,5,14,4,16,4,15,,,Awned singly
R22,3.11.4,UX1991,,UX1991-132,1,19,1,20,1,19,1,20,1,20,,,
R22,3.12.1,UX1991,,UX1991-143,4,20,3,22,3,22,2,21,2,22,,,
R22,3.12.2,UX1991,,UX1991-85,1,17,3,17,2,19,1,17,4,13,,,
R22,3.12.3,UX1991,,UX1991-145,2,23,3,23,3,23,4,21,4,21,,,
R22,3.12.4,UX1991,,UX1991-153,1,19,0,19,3,21,0,22,2,20,,,
R22,3.13.1,UX1991,,UX1991-97,1,22,1,20,0,24,0,22,2,22,,,
R22,3.13.2,Parent,,GA00190-7A14,2,15,2,14,2,13,1,16,0,17,,,
R22,3.13.3,UX1991,,UX1991-146,1,21,3,20,3,18,2,23,3,17,,,
R22,3.13.4,UX1991,,UX1991-203,4,21,2,24,2,23,2,22,3,22,,,
R22,3.14.1,UX1991,,UX1991-87,2,17,3,17,1,18,1,17,1,15,,,
R22,3.14.2,UX1991,,UX1991-91,1,19,0,21,2,17,4,18,1,20,,,
R22,3.14.3,UX1991,,UX1991-109,1,22,1,22,0,24,1,22,1,22,,,
R22,3.14.4,Parent,,NC08-23383,3,15,1,21,2,18,2,17,2,19,,,
R22,3.15.1,UX1991,,UX1991-98,0,19,2,17,1,19,0,22,0,20,,,
R22,3.15.2,UX1991,,UX1991-125,1,19,3,16,1,20,1,22,1,21,,,
R22,3.15.3,UX1991,,UX1991-134,1,20,2,19,2,21,2,20,3,18,,,
R22,3.15.4,UX1991,,UX1991-84,0,21,0,21,0,22,0,22,1,23,,,
R22,3.16.1,UX1991,,UX1991-148,3,22,3,23,2,23,4,21,4,20,,,
R22,3.16.2,Parent,,GA001138-8E36,5,16,3,17,2,20,0,23,2,19,,,
R22,3.16.3,UX1991,,UX1991-178,3,21,3,23,3,23,3,21,3,20,,,
R22,3.16.4,UX1991,,UX1991-144,1,23,3,14,0,23,0,21,2,16,,,
R22,3.17.1,UX1991,,UX1991-114,2,22,1,21,1,23,4,16,4,14,,,
R22,3.17.2,UX1991,,UX1991-90,2,19,2,20,3,17,2,22,3,18,,,
R22,3.17.3,UX1991,,UX1991-95,1,20,3,18,1,22,2,20,3,18,,,
R22,3.17.4,UX1991,,UX1991-179,1,20,2,20,5,14,1,22,2,20,,,
R22,3.18.1,UX1991,,UX1991-180,0,21,1,22,2,20,2,21,1,20,,,
R22,3.18.2,UX1991,,UX1991-92,3,17,2,20,2,17,1,22,3,16,,,
R22,3.18.3,UX1991,,UX1991-122,3,18,3,16,1,21,1,21,2,20,,,
R22,3.18.4,UX1991,,UX1991-202,0,19,1,18,1,17,0,18,0,21,,,
R22,3.19.1,UX1991,,UX1991-166,2,21,3,18,2,18,3,21,1,22,,,
R22,3.19.2,UX1991,,UX1991-129,1,23,2,20,5,16,2,20,0,22,,,
R22,3.19.3,UX1991,,UX1991-160,1,22,2,18,1,21,0,22,1,22,,,
R22,3.19.4,UX1991,,UX1991-131,2,23,2,18,1,22,2,21,2,18,,,
R22,3.20.1,UX1991,,UX1991-115,2,20,2,19,1,23,0,21,2,19,,,
R22,3.20.2,UX1991,,UX1991-139,2,20,3,17,1,21,2,18,1,21,,,
R22,3.20.3,UX1991,,UX1991-147,2,22,1,21,2,20,2,20,2,21,,,
R22,3.20.4,UX1991,,UX1991-170,1,20,3,15,2,19,2,22,1,23,,,
R22,4.1.2,UX2023,,UX2023-163,5,14,5,14,3,15,1,19,2,19,,,
R22,4.1.3,UX2023,,UX2023-43,0,22,3,19,2,14,2,17,2,16,,,
R22,4.1.4,UX2023,,UX2023-146,5,19,2,21,1,23,1,23,1,20,,,
R22,4.2.1,UX2023,,UX2023-169,1,22,2,21,2,17,1,20,3,19,,,
R22,4.2.2,UX2023,,UX2023-137,2,22,3,19,2,23,2,22,1,21,,,
R22,4.2.3,UX2023,,UX2023-34,3,19,3,19,2,19,2,20,2,20,,,
R22,4.2.4,UX2023,,UX2023-160,1,20,3,17,1,20,2,20,2,21,,,
R22,4.3.1,UX2023,,UX2023-31,1,20,2,18,2,18,3,16,2,22,,,
R22,4.3.2,UX2023,,UX2023-155,1,17,2,17,3,16,2,16,2,16,,,
R22,4.3.3,Parent,,MPV57,4,17,2,19,4,20,2,23,2,21,,,
R22,4.3.4,UX2023,,UX2023-152,2,19,4,18,4,19,3,19,3,20,,,
R22,4.4.1,UX2023,,UX2023-162,3,19,2,18,4,17,3,18,5,18,,,
R22,4.4.2,UX2023,,UX2023-151,4,17,3,19,2,20,3,17,4,18,,,
R22,4.4.3,UX2029,,UX2029-52,4,18,3,19,3,18,5,17,1,20,,,
R22,4.4.4,UX2023,,UX2023-28,2,16,3,19,2,19,2,19,6,14,,,
R22,4.5.1,UX2023,,UX2023-159,3,18,3,17,3,15,1,18,1,19,,,
R22,4.5.2,Parent,,Hilliard,2,18,3,20,2,21,3,20,5,15,,,
R22,4.5.3,UX2023,,UX2023-165,2,19,2,18,2,20,0,19,2,18,,,
R22,4.5.4,Parent,,GA06493-13LE6,2,21,3,21,3,19,3,18,2,18,,,
R22,4.6.1,UX2023,,UX2023-45,4,16,2,18,2,20,4,16,4,15,,,
R22,4.6.2,UX2023,,UX2023-130,4,18,4,20,1,21,2,20,2,19,,,
R22,4.6.3,UX2023,,UX2023-166,4,19,2,19,2,20,3,17,1,20,,,
R22,4.6.4,UX2023,,UX2023-149,1,20,4,17,3,17,3,22,1,19,,,
R22,4.7.1,UX2023,,UX2023-168,3,16,4,16,1,19,4,16,3,16,,,
R22,4.7.2,UX2023,,UX2023-35,5,19,2,22,1,20,5,18,4,16,,,
R22,4.7.3,Parent,,GA05450-EL52,2,16,1,18,2,19,1,19,1,19,,,
R22,4.7.4,UX2023,,UX2023-158,3,16,2,18,2,19,2,21,3,16,,,
R22,4.8.1,UX2023,,UX2023-46,2,19,2,19,3,16,2,16,5,14,,,
R22,4.8.2,Parent,,AGS2000,4,14,2,17,3,17,1,22,2,16,,,
R22,4.8.3,UX2023,,UX2023-167,4,19,2,19,4,19,3,18,2,19,,,
R22,4.8.4,UX2023,,UX2023-25,0,21,0,21,0,20,1,21,4,18,,,
R22,4.9.1,UX2023,,UX2023-148,2,19,2,21,2,20,3,17,3,18,,,
R22,4.9.2,UX2023,,UX2023-145,3,18,4,18,4,19,5,17,3,17,,,
R22,4.9.3,UX2023,,UX2023-161,3,19,4,17,3,17,2,19,3,19,,,
R22,4.9.4,UX2023,,UX2023-156,3,19,4,16,3,18,3,19,2,20,,,
R22,4.10.1,UX2023,,UX2023-147,3,17,2,18,3,16,2,19,1,19,,,
R22,4.10.2,UX2023,,UX2023-39,2,19,2,18,3,17,3,17,4,17,,,
R22,4.10.3,UX2023,,UX2023-127,4,20,4,17,4,16,5,16,4,14,,,
R22,4.10.4,Parent,,GA00190-7A14,1,16,4,14,1,18,1,15,3,13,,,
R22,4.11.1,Parent,,NC8248-1,2,15,2,16,4,13,4,14,3,14,,,
R22,4.11.2,UX2023,,UX2023-154,2,20,3,19,3,20,2,20,3,20,,,
R22,4.11.3,UX2029,,UX2029-20,1,21,1,26,2,23,2,21,4,16,,,
R22,4.11.4,UX2023,,UX2023-36,1,21,1,21,2,18,2,19,2,18,,,
R22,4.12.1,UX2029,,UX2029-189,2,23,2,21,2,19,1,23,1,23,,,
R22,4.12.2,UX2023,,UX2023-142,2,20,3,17,2,23,2,17,1,21,,,
R22,4.12.3,Parent,,SS8641,0,21,2,16,1,18,2,19,1,18,,,
R22,4.12.4,UX2029,,UX2029-202,0,25,2,25,1,25,2,23,1,23,,,
R22,4.13.1,UX2023,,UX2023-40,1,20,1,23,2,19,4,16,1,23,,,
R22,4.13.2,UX2029,,UX2029-79,5,20,2,21,2,22,1,20,1,15,,,
R22,4.13.3,UX2029,,UX2029-109,2,19,4,19,3,20,3,17,3,19,,,
R22,4.13.4,UX2029,,UX2029-81,0,23,2,20,0,19,2,20,3,18,,,
R22,4.14.1,UX2029,,UX2029-185,1,19,5,14,4,18,6,15,3,16,,,
R22,4.14.2,Parent,,TX12D4896,1,14,2,19,2,16,2,14,1,18,,,
R22,4.14.3,UX2029,,UX2029-203,4,21,3,21,2,22,5,18,3,19,,,
R22,4.14.4,Parent,,ARGA051160-14LE31,2,21,4,19,4,18,4,17,5,17,,,
R22,4.15.1,UX2023,,UX2023-26,1,21,2,19,1,21,2,21,1,21,,,
R22,4.15.2,UX2029,,UX2029-200,1,20,2,20,2,21,1,21,2,19,,,
R22,4.15.3,UX2023,,UX2023-49,1,20,2,19,2,19,1,21,2,19,,,
R22,4.15.4,UX2029,,UX2029-57,1,20,2,21,2,20,2,16,5,16,,,
R22,4.16.1,UX2029,,UX2029-181,3,16,4,15,4,15,7,12,6,15,,,
R22,4.16.2,UX2023,,UX2023-15,3,16,3,18,5,15,5,16,5,16,,,
R22,4.16.3,UX2029,,UX2029-201,1,22,3,21,2,22,1,22,2,18,,,
R22,4.16.4,UX2023,,UX2023-37,1,19,3,19,2,20,3,17,2,20,,,
R22,4.17.1,UX2023,,UX2023-29,1,17,1,17,1,17,2,18,2,17,,,
R22,4.17.2,Parent,,GA001138-8E36,2,18,3,16,3,20,4,18,2,19,,,
R22,4.17.3,UX2029,,UX2029-115,6,14,0,22,2,22,2,21,1,23,,,
R22,4.17.4,UX2029,,UX2029-48,4,17,5,20,2,25,2,23,2,21,,,
R22,4.18.1,UX2029,,UX2029-165,1,21,1,19,1,21,1,21,3,16,,,
R22,4.18.2,UX2029,,UX2029-195,0,23,0,19,0,21,1,21,2,22,,,
R22,4.18.3,UX2023,,UX2023-27,0,21,1,20,2,17,3,18,1,19,,,
R22,4.18.4,UX2029,,UX2029-108,4,18,2,22,2,21,5,20,2,20,,,
R22,4.19.1,UX2029,,UX2029-175,2,20,4,16,2,22,4,17,1,22,,,
R22,4.19.2,UX2023,,UX2023-38,3,19,4,19,2,21,3,19,1,20,,,
R22,4.19.3,UX2029,,UX2029-105,2,20,2,23,3,17,3,18,1,22,,,
R22,4.19.4,Parent,,NC08-23383,1,19,1,17,2,15,4,16,2,19,,,
R22,4.20.1,Parent,,LA09264C-P2,1,17,2,16,2,17,3,14,3,13,,,
R22,4.20.2,UX2029,,UX2029-179,0,21,1,23,3,16,3,18,2,17,,,
R22,4.20.3,UX2029,,UX2029-172,3,18,3,18,2,18,1,14,4,17,,,
R22,4.20.4,UX2029,,UX2029-47,1,21,1,20,2,17,1,21,2,18,,,
R22,6.1.2,UX2023,,UX2023-85,3,18,2,18,2,18,4,17,2,17,,,
R22,6.1.3,UX2023,,UX2023-16,1,20,2,18,1,19,2,19,3,17,,,
R22,6.1.4,UX2023,,UX2023-114,3,18,1,20,2,19,5,17,4,18,,,
R22,6.2.1,UX2023,,UX2023-115,4,15,3,18,4,15,3,18,3,18,,,
R22,6.2.2,UX2023,,UX2023-21,4,17,2,21,1,20,2,21,0,21,,,
R22,6.2.3,Parent,,SS8641,1,20,0,21,1,17,2,17,2,17,,,
R22,6.2.4,UX2023,,UX2023-8,1,18,2,18,2,18,2,17,3,17,,,
R22,6.3.1,UX2023,,UX2023-60,0,21,2,19,2,19,1,20,1,17,,,
R22,6.3.2,UX2023,,UX2023-90,2,20,3,18,1,19,2,19,3,19,,,
R22,6.3.3,UX2023,,UX2023-6,3,19,1,19,5,16,3,17,3,18,,,
R22,6.3.4,UX2023,,UX2023-91,1,20,1,20,2,19,1,20,2,19,,,
R22,6.4.1,Parent,,Hilliard,4,18,4,16,3,18,4,17,3,18,,,
R22,6.4.2,UX2023,,UX2023-88,5,17,3,17,4,19,1,20,6,17,4,17,
R22,6.4.3,UX2023,,UX2023-104,1,20,4,17,1,19,4,17,3,19,,,
R22,6.4.4,UX2023,,UX2023-54,3,20,3,20,2,23,3,21,3,21,,,
R22,6.5.1,UX2023,,UX2023-2,2,18,4,17,4,18,4,16,4,17,,,
R22,6.5.2,UX2023,,UX2023-125,3,19,3,17,2,18,1,21,4,16,,,
R22,6.5.3,UX2023,,UX2023-57,2,17,3,18,2,18,4,19,2,17,,,
R22,6.5.4,Parent,,GA00190-7A14,1,14,1,15,0,16,1,15,1,17,,,
R22,6.6.1,UX2023,,UX2023-96,1,22,1,21,2,19,4,17,3,20,,,
R22,6.6.2,UX2023,,UX2023-10,4,20,4,19,4,18,5,17,3,16,,,
R22,6.6.3,UX2023,,UX2023-98,4,17,3,18,3,19,4,17,3,20,,,
R22,6.6.4,UX2023,,UX2023-79,1,21,2,19,0,21,4,19,1,15,,,
R22,6.7.1,UX2023,,UX2023-22,1,20,4,16,5,15,3,18,5,14,,,
R22,6.7.2,UX2023,,UX2023-101,3,18,4,16,3,16,4,16,4,16,,,
R22,6.7.3,UX2023,,UX2023-53,3,19,2,19,1,19,2,20,4,18,,,
R22,6.7.4,UX2023,,UX2023-124,2,19,3,17,4,17,4,15,3,18,,,
R22,6.8.1,UX2023,,UX2023-118,4,17,4,17,6,18,5,16,5,15,,,
R22,6.8.2,UX2023,,UX2023-55,5,15,4,17,4,14,6,14,6,11,,,
R22,6.8.3,Parent,,NC8248-1,2,16,4,13,3,14,3,13,3,16,5,14,
R22,6.8.4,UX2023,,UX2023-20,3,16,2,17,2,19,3,17,3,17,,,
R22,6.9.1,Parent,,GA05450-EL52,2,17,2,18,4,18,6,14,5,16,,,
R22,6.9.2,UX2023,,UX2023-70,3,17,4,16,2,20,3,17,,,,,
R22,6.9.3,UX2023,,UX2023-106,5,17,5,15,5,17,6,15,6,12,,,
R22,6.9.4,UX2023,,UX2023-84,1,19,1,21,2,19,2,19,2,19,,,
R22,6.10.1,UX2023,,UX2023-7,4,16,4,16,2,19,3,17,4,15,,,
R22,6.10.2,UX2023,,UX2023-81,4,21,4,20,4,20,4,18,10,12,,,5 looked strange and shrivelled
R22,6.10.3,UX2023,,UX2023-50,3,18,4,19,2,22,4,16,3,19,,,
R22,6.10.4,UX2023,,UX2023-110,3,16,3,19,5,17,3,18,2,18,,,
R22,6.11.1,UX2023,,UX2023-65,3,18,3,20,3,21,3,19,4,19,,,
R22,6.11.2,UX2023,,UX2023-119,5,19,5,17,6,17,6,16,7,15,,,
R22,6.11.3,UX2023,,UX2023-14,0,19,3,16,10,11,3,7,4,11,,,
R22,6.11.4,Parent,,GA06493-13LE6,2,20,1,21,0,21,4,18,2,20,,,
R22,6.12.1,UX2023,,UX2023-72,3,20,3,21,3,22,3,22,3,19,,,
R22,6.12.2,Parent,,AGS2000,3,16,3,17,3,16,4,17,5,15,,,
R22,6.12.3,UX2023,,UX2023-95,3,19,3,19,3,20,3,18,2,22,,,
R22,6.12.4,UX2023,,UX2023-11,2,17,4,15,2,18,3,18,2,18,,,
R22,6.13.1,UX2023,,UX2023-93,2,16,1,18,4,14,2,18,4,14,,,
R22,6.13.2,UX2023,,UX2023-52,2,19,2,18,3,16,2,20,3,17,,,
R22,6.13.3,UX2023,,UX2023-102,2,17,2,18,2,15,2,18,1,19,2,17,
R22,6.13.4,UX2023,,UX2023-87,3,19,2,21,1,20,1,23,1,23,,,
R22,6.14.1,UX2023,,UX2023-68,2,20,2,19,4,16,1,25,2,21,,,
R22,6.14.2,UX2023,,UX2023-103,2,17,2,19,2,17,1,18,1,19,,,
R22,6.14.3,Parent,,NC08-23383,5,17,2,19,4,14,2,17,1,19,,,
R22,6.14.4,UX2023,,UX2023-75,1,20,3,17,0,21,1,17,3,15,,,
R22,6.15.1,UX2023,,UX2023-63,1,16,1,19,2,18,3,15,1,20,,,
R22,6.15.2,UX2023,,UX2023-99,1,19,1,18,2,19,2,18,3,16,,,
R22,6.15.3,UX2023,,UX2023-3,2,18,3,16,2,18,3,15,4,15,,,
R22,6.15.4,UX2023,,UX2023-94,1,16,2,16,2,18,1,17,2,16,,,
R22,6.16.1,Parent,,TX12D4896,2,18,2,16,1,21,2,18,1,18,,,
R22,6.16.2,UX2023,,UX2023-117,3,17,2,19,3,17,2,18,1,21,,,
R22,6.16.3,UX2023,,UX2023-66,4,17,3,19,4,17,3,16,5,13,,,
R22,6.16.4,Parent,,ARGA051160-14LE31,0,18,5,13,2,19,3,13,2,17,,,
R22,6.17.1,UX2023,,UX2023-30,2,17,3,15,3,16,3,16,2,18,,,
R22,6.17.2,UX2023,,UX2023-82,4,16,2,20,2,20,2,20,4,17,,,
R22,6.17.3,UX2023,,UX2023-24,1,23,2,23,3,17,2,18,2,22,,,
R22,6.17.4,UX2023,,UX2023-100,2,19,2,19,1,21,2,20,2,21,,,
R22,6.18.1,UX2023,,UX2023-12,2,20,2,18,1,19,2,18,2,21,,,
R22,6.18.2,Parent,,LA09264C-P2,3,15,1,17,3,13,4,12,2,16,,,
R22,6.18.3,UX2023,,UX2023-89,3,22,3,23,3,21,3,24,3,22,,,
R22,6.18.4,UX2023,,UX2023-83,2,18,1,22,1,19,3,17,2,19,,,
R22,6.19.1,UX2023,,UX2023-92,2,18,2,17,1,20,4,16,3,18,,,
R22,6.19.2,UX2023,,UX2023-4,1,19,0,17,1,18,1,17,1,17,,,
R22,6.19.3,Parent,,GA001138-8E36,1,20,2,20,2,18,0,22,1,22,,,
R22,6.19.4,UX2023,,UX2023-18,2,19,1,21,1,20,2,18,2,17,,,
R22,6.20.1,UX2023,,UX2023-76,2,19,2,17,2,19,3,18,1,19,,,
R22,6.20.2,Parent,,MPV57,2,20,1,21,1,21,1,22,0,23,,,
R22,6.20.3,UX2023,,UX2023-17,1,18,2,18,2,16,2,18,2,16,,,
R22,6.20.4,UX2023,,UX2023-80,2,17,1,18,2,17,2,17,1,19,,,
R22,8.1.2,UX1992,,UX1992-281,,,,,,,,,,,,,
R22,8.1.3,UX1992,,UX1992-72,,,,,,,,,,,,,
R22,8.1.4,UX1992,,UX1992-242,,,,,,,,,,,,,
R22,8.2.1,UX1992,,UX1992-194,,,,,,,,,,,,,
R22,8.2.2,UX1992,,UX1992-38,,,,,,,,,,,,,
R22,8.2.3,Parent,,GA06493-13LE6,,,,,,,,,,,,,
R22,8.2.4,UX1992,,UX1992-336,,,,,,,,,,,,,
R22,8.3.1,UX1992,,UX1992-6,,,,,,,,,,,,,
R22,8.3.2,UX1992,,UX1992-223,,,,,,,,,,,,,
R22,8.3.3,UX1992,,UX1992-275,,,,,,,,,,,,,
R22,8.3.4,UX1992,,UX1992-147,,,,,,,,,,,,,
R22,8.4.1,Parent,,LA09264C-P2,,,,,,,,,,,,,
R22,8.4.2,UX1992,,UX1992-314,,,,,,,,,,,,,
R22,8.4.3,UX1992,,UX1992-201,,,,,,,,,,,,,
R22,8.4.4,UX1992,,UX1992-222,,,,,,,,,,,,,
R22,8.5.1,UX1992,,UX1992-154,,,,,,,,,,,,,
R22,8.5.2,UX1992,,UX1992-302,,,,,,,,,,,,,
R22,8.5.3,Parent,,GA001138-8E36,,,,,,,,,,,,,
R22,8.5.4,UX1992,,UX1992-293,,,,,,,,,,,,,
R22,8.6.1,UX1992,,UX1992-295,,,,,,,,,,,,,
R22,8.6.2,UX1992,,UX1992-215,,,,,,,,,,,,,
R22,8.6.3,UX1992,,UX1992-317,,,,,,,,,,,,,
R22,8.6.4,Parent,,ARGA051160-14LE31,,,,,,,,,,,,,
R22,8.7.1,UX1992,,UX1992-239,,,,,,,,,,,,,
R22,8.7.2,UX1992,,UX1992-80,,,,,,,,,,,,,
R22,8.7.3,UX1992,,UX1992-306,,,,,,,,,,,,,
R22,8.7.4,UX1992,,UX1992-228,,,,,,,,,,,,,
R22,8.8.1,UX1992,,UX1992-87,,,,,,,,,,,,,
R22,8.8.2,Parent,,AGS2000,,,,,,,,,,,,,
R22,8.8.3,UX1992,,UX1992-289,,,,,,,,,,,,,
R22,8.8.4,UX1992,,UX1992-322,,,,,,,,,,,,,
R22,8.9.1,UX1992,,UX1992-232,,,,,,,,,,,,,
R22,8.9.2,UX1992,,UX1992-45,,,,,,,,,,,,,
R22,8.9.3,Parent,,MPV57,,,,,,,,,,,,,
R22,8.9.4,UX1992,,UX1992-282,,,,,,,,,,,,,
R22,8.10.1,UX1992,,UX1992-312,,,,,,,,,,,,,
R22,8.10.2,UX1992,,UX1992-329,,,,,,,,,,,,,
R22,8.10.3,UX1992,,UX1992-292,,,,,,,,,,,,,
R22,8.10.4,UX1992,,UX1992-218,,,,,,,,,,,,,
R22,8.11.1,Parent,,GA05450-EL52,,,,,,,,,,,,,
R22,8.11.2,UX1992,,UX1992-182,,,,,,,,,,,,,
R22,8.11.3,UX1992,,UX1992-219,,,,,,,,,,,,,
R22,8.11.4,UX1992,,UX1992-196,,,,,,,,,,,,,
R22,8.12.1,UX1992,,UX1992-166,,,,,,,,,,,,,
R22,8.12.2,UX1992,,UX1992-327,,,,,,,,,,,,,
R22,8.12.3,UX1992,,UX1992-287,,,,,,,,,,,,,
R22,8.12.4,Parent,,GA00190-7A14,,,,,,,,,,,,,
R22,8.13.1,UX1992,,UX1992-308,,,,,,,,,,,,,
R22,8.13.2,UX1992,,UX1992-296,,,,,,,,,,,,,
R22,8.13.3,UX1992,,UX1992-231,,,,,,,,,,,,,
R22,8.13.4,UX1992,,UX1992-337,,,,,,,,,,,,,
R22,8.14.1,UX1992,,UX1992-157,,,,,,,,,,,,,
R22,8.14.2,Parent,,TX12D4896,,,,,,,,,,,,,
R22,8.14.3,UX1992,,UX1992-100,,,,,,,,,,,,,
R22,8.14.4,UX1992,,UX1992-224,,,,,,,,,,,,,
R22,8.15.1,UX1992,,UX1992-226,,,,,,,,,,,,,
R22,8.15.2,UX1992,,UX1992-22,,,,,,,,,,,,,
R22,8.15.3,UX1992,,UX1992-310,,,,,,,,,,,,,
R22,8.15.4,Parent,,NC8248-1,,,,,,,,,,,,,
R22,8.16.1,UX1992,,UX1992-286,,,,,,,,,,,,,
R22,8.16.2,UX1992,,UX1992-323,,,,,,,,,,,,,
R22,8.16.3,UX1992,,UX1992-217,,,,,,,,,,,,,
R22,8.16.4,UX1992,,UX1992-135,,,,,,,,,,,,,
R22,8.17.1,Parent,,Hilliard,,,,,,,,,,,,,
R22,8.17.2,UX1992,,UX1992-70,,,,,,,,,,,,,
R22,8.17.3,UX1992,,UX1992-276,,,,,,,,,,,,,
R22,8.17.4,UX1992,,UX1992-240,,,,,,,,,,,,,
R22,8.18.1,UX1992,,UX1992-59,,,,,,,,,,,,,
R22,8.18.2,UX1992,,UX1992-315,,,,,,,,,,,,,
R22,8.18.3,Parent,,NC08-23383,,,,,,,,,,,,,
R22,8.18.4,UX1992,,UX1992-195,,,,,,,,,,,,,
R22,8.19.1,UX1992,,UX1992-55,,,,,,,,,,,,,
R22,8.19.2,UX1992,,UX1992-303,,,,,,,,,,,,,
R22,8.19.3,UX1992,,UX1992-78,,,,,,,,,,,,,
R22,8.19.4,UX1992,,UX1992-331,,,,,,,,,,,,,
R22,8.20.1,UX1992,,UX1992-241,,,,,,,,,,,,,
R22,8.20.2,Parent,,SS8641,,,,,,,,,,,,,
R22,8.20.3,UX1992,,UX1992-203,,,,,,,,,,,,,
R22,8.20.4,UX1992,,UX1992-225,,,,,,,,,,,,,
R22,14.1.2,UX2029,,UX2029-26,,,,,,,,,,,,,
R22,14.1.3,UX2029,,UX2029-71,,,,,,,,,,,,,
R22,14.1.4,UX2029,,UX2029-63,,,,,,,,,,,,,
R22,14.2.1,UX2029,,UX2029-69,,,,,,,,,,,,,
R22,14.2.2,UX2029,,UX2029-95,,,,,,,,,,,,,
R22,14.2.3,Parent,,NC08-23383,,,,,,,,,,,,,
R22,14.2.4,UX2029,,UX2029-58,,,,,,,,,,,,,
R22,14.3.1,Parent,,NC8248-1,,,,,,,,,,,,,
R22,14.3.2,UX2029,,UX2029-111,,,,,,,,,,,,,
R22,14.3.3,UX2029,,UX2029-38,,,,,,,,,,,,,
R22,14.3.4,UX2029,,UX2029-129,,,,,,,,,,,,,
R22,14.4.1,UX2029,,UX2029-90,,,,,,,,,,,,,
R22,14.4.2,UX2029,,UX2029-15,,,,,,,,,,,,,
R22,14.4.3,UX2029,,UX2029-176,,,,,,,,,,,,,
R22,14.4.4,Parent,,TX12D4896,,,,,,,,,,,,,
R22,14.5.1,UX2029,,UX2029-99,,,,,,,,,,,,,
R22,14.5.2,Parent,,GA05450-EL52,,,,,,,,,,,,,
R22,14.5.3,UX2029,,UX2029-143,,,,,,,,,,,,,
R22,14.5.4,UX2029,,UX2029-153,,,,,,,,,,,,,
R22,14.6.1,UX2029,,UX2029-68,,,,,,,,,,,,,
R22,14.6.2,UX2029,,UX2029-122,,,,,,,,,,,,,
R22,14.6.3,UX2029,,UX2029-94,,,,,,,,,,,,,
R22,14.6.4,UX2029,,UX2029-39,,,,,,,,,,,,,
R22,14.7.1,UX2029,,UX2029-34,,,,,,,,,,,,,
R22,14.7.2,UX2029,,UX2029-157,,,,,,,,,,,,,
R22,14.7.3,UX2029,,UX2029-42,,,,,,,,,,,,,
R22,14.7.4,Parent,,ARGA051160-14LE31,,,,,,,,,,,,,
R22,14.8.1,Parent,,LA09264C-P2,,,,,,,,,,,,,
R22,14.8.2,UX2029,,UX2029-44,,,,,,,,,,,,,
R22,14.8.3,UX2029,,UX2029-208,,,,,,,,,,,,,
R22,14.8.4,UX2029,,UX2029-123,,,,,,,,,,,,,
R22,14.9.1,UX2029,,UX2029-65,,,,,,,,,,,,,
R22,14.9.2,UX2029,,UX2029-148,,,,,,,,,,,,,
R22,14.9.3,Parent,,Hilliard,,,,,,,,,,,,,
R22,14.9.4,UX2029,,UX2029-205,,,,,,,,,,,,,
R22,14.10.1,UX2029,,UX2029-43,,,,,,,,,,,,,
R22,14.10.2,Parent,,SS8641,,,,,,,,,,,,,
R22,14.10.3,UX2029,,UX2029-46,,,,,,,,,,,,,
R22,14.10.4,UX2029,,UX2029-124,,,,,,,,,,,,,
R22,14.11.1,UX2029,,UX2029-191,,,,,,,,,,,,,
R22,14.11.2,UX2029,,UX2029-128,,,,,,,,,,,,,
R22,14.11.3,UX2029,,UX2029-135,,,,,,,,,,,,,
R22,14.11.4,Parent,,GA06493-13LE6,,,,,,,,,,,,,
R22,14.12.1,UX2029,,UX2029-56,,,,,,,,,,,,,
R22,14.12.2,UX2029,,UX2029-14,,,,,,,,,,,,,
R22,14.12.3,UX2029,,UX2029-97,,,,,,,,,,,,,
R22,14.12.4,UX2029,,UX2029-156,,,,,,,,,,,,,
R22,14.13.1,UX2029,,UX2029-190,,,,,,,,,,,,,
R22,14.13.2,Parent,,AGS2000,,,,,,,,,,,,,
R22,14.13.3,UX2029,,UX2029-142,,,,,,,,,,,,,
R22,14.13.4,UX2029,,UX2029-198,,,,,,,,,,,,,
R22,14.14.1,UX2029,,UX2029-11,,,,,,,,,,,,,
R22,14.14.2,UX2029,,UX2029-166,,,,,,,,,,,,,
R22,14.14.3,UX2029,,UX2029-102,,,,,,,,,,,,,
R22,14.14.4,UX2029,,UX2029-3,,,,,,,,,,,,,
R22,14.15.1,UX2029,,UX2029-110,,,,,,,,,,,,,
R22,14.15.2,UX2029,,UX2029-24,,,,,,,,,,,,,
R22,14.15.3,UX2029,,UX2029-77,,,,,,,,,,,,,
R22,14.15.4,Parent,,GA00190-7A14,,,,,,,,,,,,,
R22,14.16.1,UX2029,,UX2029-54,,,,,,,,,,,,,
R22,14.16.2,UX2029,,UX2029-119,,,,,,,,,,,,,
R22,14.16.3,UX2029,,UX2029-6,,,,,,,,,,,,,
R22,14.16.4,UX2029,,UX2029-206,,,,,,,,,,,,,
R22,14.17.1,UX2029,,UX2029-37,,,,,,,,,,,,,
R22,14.17.2,Parent,,GA001138-8E36,,,,,,,,,,,,,
R22,14.17.3,UX2029,,UX2029-178,,,,,,,,,,,,,
R22,14.17.4,UX2029,,UX2029-26,,,,,,,,,,,,,
R22,14.18.1,UX2029,,UX2029-50,,,,,,,,,,,,,
R22,14.18.2,UX2029,,UX2029-87,,,,,,,,,,,,,
R22,14.18.3,UX2029,,UX2029-28,,,,,,,,,,,,,
R22,14.18.4,UX2029,,UX2029-204,,,,,,,,,,,,,
R22,14.19.1,UX2029,,UX2029-80,,,,,,,,,,,,,
R22,14.19.2,UX2029,,UX2029-21,,,,,,,,,,,,,
R22,14.19.3,UX2029,,UX2029-88,,,,,,,,,,,,,
R22,14.19.4,UX2029,,UX2029-120,,,,,,,,,,,,,
R22,14.20.1,UX2029,,UX2029-151,,,,,,,,,,,,,
R22,14.20.2,UX2029,,UX2029-174,,,,,,,,,,,,,
R22,14.20.3,UX2029,,UX2029-62,,,,,,,,,,,,,
R22,14.20.4,Parent,,MPV57,,,,,,,,,,,,,
R22,19.1.2,UX2029,,UX2029-19,,,,,,,,,,,,,
R22,19.1.3,UX2029,,UX2029-106,,,,,,,,,,,,,
R22,19.1.4,UX2029,,UX2029-130,,,,,,,,,,,,,
R22,19.2.1,UX2029,,UX2029-31,,,,,,,,,,,,,
R22,19.2.2,UX2029,,UX2029-199,,,,,,,,,,,,,
R22,19.2.3,Parent,,GA05450-EL52,,,,,,,,,,,,,
R22,19.2.4,UX2029,,UX2029-36,,,,,,,,,,,,,
R22,19.3.1,Parent,,MPV57,,,,,,,,,,,,,
R22,19.3.2,UX2029,,UX2029-9,,,,,,,,,,,,,
R22,19.3.3,UX2029,,UX2029-168,,,,,,,,,,,,,
R22,19.3.4,UX2029,,UX2029-159,,,,,,,,,,,,,
R22,19.4.1,UX2029,,UX2029-32,,,,,,,,,,,,,
R22,19.4.2,UX2029,,UX2029-73,,,,,,,,,,,,,
R22,19.4.3,UX2029,,UX2029-96,,,,,,,,,,,,,
R22,19.4.4,UX2029,,UX2029-121,,,,,,,,,,,,,
R22,19.5.1,UX2029,,UX2029-30,,,,,,,,,,,,,
R22,19.5.2,UX2029,,UX2029-113,,,,,,,,,,,,,
R22,19.5.3,Parent,,LA09264C-P2,,,,,,,,,,,,,
R22,19.5.4,UX2029,,UX2029-127,,,,,,,,,,,,,
R22,19.6.1,Parent,,NC8248-1,,,,,,,,,,,,,
R22,19.6.2,UX2029,,UX2029-114,,,,,,,,,,,,,
R22,19.6.3,UX2029,,UX2029-4,,,,,,,,,,,,,
R22,19.6.4,UX2029,,UX2029-35,,,,,,,,,,,,,
R22,19.7.1,UX2029,,UX2029-60,,,,,,,,,,,,,
R22,19.7.2,UX2029,,UX2029-116,,,,,,,,,,,,,
R22,19.7.3,UX2029,,UX2029-13,,,,,,,,,,,,,
R22,19.7.4,UX2029,,UX2029-55,,,,,,,,,,,,,
R22,19.8.1,UX2029,,UX2029-51,,,,,,,,,,,,,
R22,19.8.2,UX2029,,UX2029-163,,,,,,,,,,,,,
R22,19.8.3,UX2029,,UX2029-18,,,,,,,,,,,,,
R22,19.8.4,Parent,,NC08-23383,,,,,,,,,,,,,
R22,19.9.1,UX2029,,UX2029-131,,,,,,,,,,,,,
R22,19.9.2,UX2029,,UX2029-22,,,,,,,,,,,,,
R22,19.9.3,UX2029,,UX2029-66,,,,,,,,,,,,,
R22,19.9.4,UX2029,,UX2029-85,,,,,,,,,,,,,
R22,19.10.1,UX2029,,UX2029-1,,,,,,,,,,,,,
R22,19.10.2,Parent,,GA00190-7A14,,,,,,,,,,,,,
R22,19.10.3,UX2029,,UX2029-49,,,,,,,,,,,,,
R22,19.10.4,UX2029,,UX2029-83,,,,,,,,,,,,,
R22,19.11.1,UX2029,,UX2029-180,,,,,,,,,,,,,
R22,19.11.2,UX2029,,UX2029-89,,,,,,,,,,,,,
R22,19.11.3,UX2029,,UX2029-41,,,,,,,,,,,,,
R22,19.11.4,UX2029,,UX2029-12,,,,,,,,,,,,,
R22,19.12.1,UX2029,,UX2029-45,,,,,,,,,,,,,
R22,19.12.2,UX2029,,UX2029-29,,,,,,,,,,,,,
R22,19.12.3,UX2029,,UX2029-92,,,,,,,,,,,,,
R22,19.12.4,Parent,,Hilliard,,,,,,,,,,,,,
R22,19.13.1,UX2029,,UX2029-23,,,,,,,,,,,,,
R22,19.13.2,Parent,,TX12D4896,,,,,,,,,,,,,
R22,19.13.3,UX2029,,UX2029-184,,,,,,,,,,,,,
R22,19.13.4,UX2029,,UX2029-139,,,,,,,,,,,,,
R22,19.14.1,UX2029,,UX2029-72,,,,,,,,,,,,,
R22,19.14.2,UX2029,,UX2029-10,,,,,,,,,,,,,
R22,19.14.3,Parent,,GA001138-8E36,,,,,,,,,,,,,
R22,19.14.4,UX2029,,UX2029-117,,,,,,,,,,,,,
R22,19.15.1,UX2029,,UX2029-76,,,,,,,,,,,,,
R22,19.15.2,UX2029,,UX2029-145,,,,,,,,,,,,,
R22,19.15.3,UX2029,,UX2029-192,,,,,,,,,,,,,
R22,19.15.4,UX2029,,UX2029-186,,,,,,,,,,,,,
R22,19.16.1,UX2029,,UX2029-155,,,,,,,,,,,,,
R22,19.16.2,UX2029,,UX2029-147,,,,,,,,,,,,,
R22,19.16.3,Parent,,SS8641,,,,,,,,,,,,,
R22,19.16.4,UX2029,,UX2029-70,,,,,,,,,,,,,
R22,19.17.1,Parent,,ARGA051160-14LE31,,,,,,,,,,,,,
R22,19.17.2,UX2029,,UX2029-98,,,,,,,,,,,,,
R22,19.17.3,UX2029,,UX2029-125,,,,,,,,,,,,,
R22,19.17.4,UX2029,,UX2029-161,,,,,,,,,,,,,
R22,19.18.1,UX2029,,UX2029-75,,,,,,,,,,,,,
R22,19.18.2,UX2029,,UX2029-134,,,,,,,,,,,,,
R22,19.18.3,UX2029,,UX2029-5,,,,,,,,,,,,,
R22,19.18.4,Parent,,AGS2000,,,,,,,,,,,,,
R22,19.19.1,UX2029,,UX2029-118,,,,,,,,,,,,,
R22,19.19.2,UX2029,,UX2029-33,,,,,,,,,,,,,
R22,19.19.3,UX2029,,UX2029-91,,,,,,,,,,,,,
R22,19.19.4,UX2029,,UX2029-53,,,,,,,,,,,,,
R22,19.20.1,UX2029,,UX2029-82,,,,,,,,,,,,,
R22,19.20.2,Parent,,GA06493-13LE6,,,,,,,,,,,,,
R22,19.20.3,UX2029,,UX2029-61,,,,,,,,,,,,,
R22,19.20.4,UX2029,,UX2029-132,,,,,,,,,,,,,
R22,25.1.2,UX1992,,UX1992-140,,,,,,,,,,,,,
R22,25.1.3,UX1992,,UX1992-10,,,,,,,,,,,,,
R22,25.1.4,UX1992,,UX1992-93,,,,,,,,,,,,,
R22,25.2.1,UX1992,,UX1992-149,,,,,,,,,,,,,
R22,25.2.2,UX1992,,UX1992-36,,,,,,,,,,,,,
R22,25.2.3,UX1992,,UX1992-126,,,,,,,,,,,,,
R22,25.2.4,UX1992,,UX1992-5,,,,,,,,,,,,,
R22,25.3.1,UX1992,,UX1992-32,,,,,,,,,,,,,
R22,25.3.2,UX1992,,UX1992-54,,,,,,,,,,,,,
R22,25.3.3,Parent,,Hilliard,,,,,,,,,,,,,
R22,25.3.4,UX1992,,UX1992-74,,,,,,,,,,,,,
R22,25.4.1,Parent,,NC08-23383,,,,,,,,,,,,,
R22,25.4.2,UX1992,,UX1992-3,,,,,,,,,,,,,
R22,25.4.3,UX1992,,UX1992-29,,,,,,,,,,,,,
R22,25.4.4,UX1992,,UX1992-121,,,,,,,,,,,,,
R22,25.5.1,UX1992,,UX1992-170,,,,,,,,,,,,,
R22,25.5.2,UX1992,,UX1992-110,,,,,,,,,,,,,
R22,25.5.3,UX1992,,UX1992-161,,,,,,,,,,,,,
R22,25.5.4,Parent,,SS8641,,,,,,,,,,,,,
R22,25.6.1,UX1992,,UX1992-118,,,,,,,,,,,,,
R22,25.6.2,Parent,,AGS2000,,,,,,,,,,,,,
R22,25.6.3,UX1992,,UX1992-98,,,,,,,,,,,,,
R22,25.6.4,UX1992,,UX1992-124,,,,,,,,,,,,,
R22,25.7.1,UX1992,,UX1992-102,,,,,,,,,,,,,
R22,25.7.2,UX1992,,UX1992-41,,,,,,,,,,,,,
R22,25.7.3,UX1992,,UX1992-20,,,,,,,,,,,,,
R22,25.7.4,UX1992,,UX1992-173,,,,,,,,,,,,,
R22,25.8.1,UX1992,,UX1992-106,,,,,,,,,,,,,
R22,25.8.2,UX1992,,UX1992-134,,,,,,,,,,,,,
R22,25.8.3,Parent,,GA00190-7A14,,,,,,,,,,,,,
R22,25.8.4,UX1992,,UX1992-35,,,,,,,,,,,,,
R22,25.9.1,Parent,,MPV57,,,,,,,,,,,,,
R22,25.9.2,UX1992,,UX1992-193,,,,,,,,,,,,,
R22,25.9.3,UX1992,,UX1992-114,,,,,,,,,,,,,
R22,25.9.4,UX1992,,UX1992-125,,,,,,,,,,,,,
R22,25.10.1,UX1992,,UX1992-101,,,,,,,,,,,,,
R22,25.10.2,UX1992,,UX1992-174,,,,,,,,,,,,,
R22,25.10.3,UX1992,,UX1992-39,,,,,,,,,,,,,
R22,25.10.4,UX1992,,UX1992-175,,,,,,,,,,,,,
R22,25.11.1,UX1992,,UX1992-116,,,,,,,,,,,,,
R22,25.11.2,UX1992,,UX1992-153,,,,,,,,,,,,,
R22,25.11.3,UX1992,,UX1992-90,,,,,,,,,,,,,
R22,25.11.4,Parent,,ARGA051160-14LE31,,,,,,,,,,,,,
R22,25.12.1,UX1992,,UX1992-171,,,,,,,,,,,,,
R22,25.12.2,Parent,,TX12D4896,,,,,,,,,,,,,
R22,25.12.3,UX1992,,UX1992-160,,,,,,,,,,,,,
R22,25.12.4,UX1992,,UX1992-81,,,,,,,,,,,,,
R22,25.13.1,UX1992,,UX1992-180,,,,,,,,,,,,,
R22,25.13.2,UX1992,,UX1992-167,,,,,,,,,,,,,
R22,25.13.3,UX1992,,UX1992-163,,,,,,,,,,,,,
R22,25.13.4,UX1992,,UX1992-34,,,,,,,,,,,,,
R22,25.14.1,UX1992,,UX1992-33,,,,,,,,,,,,,
R22,25.14.2,UX1992,,UX1992-9,,,,,,,,,,,,,
R22,25.14.3,Parent,,GA05450-EL52,,,,,,,,,,,,,
R22,25.14.4,UX1992,,UX1992-181,,,,,,,,,,,,,
R22,25.15.1,Parent,,NC8248-1,,,,,,,,,,,,,
R22,25.15.2,UX1992,,UX1992-137,,,,,,,,,,,,,
R22,25.15.3,UX1992,,UX1992-146,,,,,,,,,,,,,
R22,25.15.4,UX1992,,UX1992-159,,,,,,,,,,,,,
R22,25.16.1,UX1992,,UX1992-119,,,,,,,,,,,,,
R22,25.16.2,UX1992,,UX1992-190,,,,,,,,,,,,,
R22,25.16.3,UX1992,,UX1992-144,,,,,,,,,,,,,
R22,25.16.4,UX1992,,UX1992-24,,,,,,,,,,,,,
R22,25.17.1,UX1992,,UX1992-82,,,,,,,,,,,,,
R22,25.17.2,UX1992,,UX1992-48,,,,,,,,,,,,,
R22,25.17.3,Parent,,GA001138-8E36,,,,,,,,,,,,,
R22,25.17.4,UX1992,,UX1992-165,,,,,,,,,,,,,
R22,25.18.1,UX1992,,UX1992-162,,,,,,,,,,,,,
R22,25.18.2,Parent,,LA09264C-P2,,,,,,,,,,,,,
R22,25.18.3,UX1992,,UX1992-69,,,,,,,,,,,,,
R22,25.18.4,UX1992,,UX1992-49,,,,,,,,,,,,,
R22,25.19.1,UX1992,,UX1992-73,,,,,,,,,,,,,
R22,25.19.2,UX1992,,UX1992-63,,,,,,,,,,,,,
R22,25.19.3,UX1992,,UX1992-132,,,,,,,,,,,,,
R22,25.19.4,UX1992,,UX1992-197,,,,,,,,,,,,,
R22,25.20.1,UX1992,,UX1992-207,,,,,,,,,,,,,
R22,25.20.2,UX1992,,UX1992-129,,,,,,,,,,,,,
R22,25.20.3,UX1992,,UX1992-117,,,,,,,,,,,,,
R22,25.20.4,Parent,,GA06493-13LE6,,,,,,,,,,,,,
R22,26.1.2,Parent,,AGS2000,2,19,4,16,2,19,2,19,2,19,2,20,
R22,26.1.3,UX1991,,UX1991-22,3,19,2,19,3,19,2,18,2,19,3,14,
R22,26.1.4,UX1991,,UX1991-21,1,20,2,20,2,21,1,22,4,18,,,
R22,26.2.1,UX1991,,UX1991-44,2,18,1,18,1,16,1,17,3,16,1,19,
R22,26.2.2,UX1991,,UX1991-9,2,25,1,17,3,21,2,23,2,24,2,22,
R22,26.2.3,UX1991,,UX1991-20,0,21,1,17,0,21,1,18,1,21,0,22,
R22,26.2.4,UX1991,,UX1991-59,3,16,2,18,0,21,0,22,1,20,4,17,
R22,26.3.1,UX1991,,UX1991-10,1,17,2,22,1,22,1,22,1,20,1,21,
R22,26.3.2,Parent,,TX12D4896,2,17,2,14,2,18,2,17,1,18,2,18,
R22,26.3.3,UX1991,,UX1991-25,2,14,0,19,6,15,1,14,1,14,2,14,
R22,26.3.4,UX1991,,UX1991-73,3,16,1,18,2,19,3,20,1,19,2,19,
R22,26.4.1,UX1991,,UX1991-34,2,18,3,18,2,20,2,20,0,22,1,21,
R22,26.4.2,UX1991,,UX1991-1,0,22,0,19,1,18,0,21,1,18,3,18,
R22,26.4.3,UX1991,,UX1991-74,1,16,1,18,1,21,1,18,2,12,2,16,
R22,26.4.4,Parent,,Hilliard,2,19,2,19,2,18,1,19,1,20,1,20,
R22,26.5.1,UX1991,,UX1991-42,1,25,1,21,1,23,1,20,0,25,2,19,
R22,26.5.2,Parent,,GA06493-13LE6,1,19,0,22,1,22,3,22,0,23,2,22,
R22,26.5.3,UX1991,,UX1991-64,2,19,2,18,2,18,1,20,0,21,5,14,
R22,26.5.4,UX1991,,UX1991-13,0,24,0,24,0,25,1,23,0,22,0,25,
R22,26.6.1,UX1991,,UX1991-8,0,19,0,20,2,17,1,18,2,16,1,19,
R22,26.6.2,UX1991,,UX1991-182,2,18,2,19,2,19,4,17,1,20,3,17,
R22,26.6.3,UX1991,,UX1991-23,0,26,1,21,0,24,1,10,0,23,2,20,
R22,26.6.4,Parent,,ARGA051160-14LE31,3,19,1,19,2,19,0,22,1,23,1,20,
R22,26.7.1,UX1991,,UX1991-75,1,19,1,18,1,18,2,17,1,19,2,18,
R22,26.7.2,Parent,,LA09264C-P2,2,15,1,20,2,17,1,21,3,15,1,17,
R22,26.7.3,UX1991,,UX1991-30,2,17,1,20,0,19,1,21,1,17,3,17,
R22,26.7.4,UX1991,,UX1991-9,1,23,3,19,1,23,1,22,0,23,2,21,
R22,26.8.1,Parent,,GA05450-EL52,0,22,1,20,3,17,1,19,0,14,1,22,
R22,26.8.2,UX1991,,UX1991-67,1,18,2,17,1,19,0,20,2,18,1,22,
R22,26.8.3,UX1991,,UX1991-36,2,21,1,24,2,20,2,22,1,25,3,20,
R22,26.8.4,UX1991,,UX1991-72,0,21,1,22,1,19,1,20,0,24,0,23,
R22,26.9.1,UX1991,,UX1991-12,,,,,,,,,,,,,
R22,26.9.2,UX1991,,UX1991-63,,,,,,,,,,,,,
R22,26.9.3,UX1991,,UX1991-37,,,,,,,,,,,,,
R22,26.9.4,Parent,,GA001138-8E36,,,,,,,,,,,,,
R22,26.10.1,Parent,,SS8641,,,,,,,,,,,,,
R22,26.10.2,UX1991,,UX1991-47,,,,,,,,,,,,,
R22,26.10.3,UX1991,,UX1991-51,,,,,,,,,,,,,
R22,26.10.4,UX1991,,UX1991-43,,,,,,,,,,,,,
R22,26.11.1,UX1991,,UX1991-81,,,,,,,,,,,,,
R22,26.11.2,Parent,,MPV57,,,,,,,,,,,,,
R22,26.11.3,UX1991,,UX1991-177,,,,,,,,,,,,,
R22,26.11.4,UX1991,,UX1991-17,,,,,,,,,,,,,
R22,26.12.1,Parent,,GA00190-7A14,,,,,,,,,,,,,
R22,26.12.2,UX1991,,UX1991-4,,,,,,,,,,,,,
R22,26.12.3,UX1991,,UX1991-6,,,,,,,,,,,,,
R22,26.12.4,UX1991,,UX1991-3,,,,,,,,,,,,,
R22,26.13.1,UX1991,,UX1991-199,,,,,,,,,,,,,
R22,26.13.2,UX1991,,UX1991-18,,,,,,,,,,,,,
R22,26.13.3,Parent,,NC08-23383,,,,,,,,,,,,,
R22,26.13.4,UX1991,,UX1991-62,,,,,,,,,,,,,
R22,26.14.1,UX1991,,UX1991-41,,,,,,,,,,,,,
R22,26.14.2,UX1991,,UX1991-70,,,,,,,,,,,,,
R22,26.14.3,UX1991,,UX1991-29,,,,,,,,,,,,,
R22,26.14.4,UX1991,,UX1991-14,,,,,,,,,,,,,
R22,26.15.1,UX1991,,UX1991-35,,,,,,,,,,,,,
R22,26.15.2,UX1991,,UX1991-7,,,,,,,,,,,,,
R22,26.15.3,UX1991,,UX1991-78,,,,,,,,,,,,,
R22,26.15.4,UX1991,,UX1991-19,,,,,,,,,,,,,
R22,26.16.1,UX1991,,UX1991-53,,,,,,,,,,,,,
R22,26.16.2,UX1991,,UX1991-60,,,,,,,,,,,,,
R22,26.16.3,Parent,,NC8248-1,,,,,,,,,,,,,
R22,26.16.4,UX1991,,UX1991-55,,,,,,,,,,,,,
R22,26.17.1,UX1991,,UX1991-38,,,,,,,,,,,,,
R22,26.17.2,UX1991,,UX1991-69,,,,,,,,,,,,,
R22,26.17.3,UX1991,,UX1991-82,,,,,,,,,,,,,
R22,26.17.4,UX1991,,UX1991-11,,,,,,,,,,,,,
R22,26.18.1,UX1991,,UX1991-83,,,,,,,,,,,,,
R22,26.18.2,UX1991,,UX1991-181,,,,,,,,,,,,,
R22,26.18.3,UX1991,,UX1991-48,,,,,,,,,,,,,
R22,26.18.4,UX1991,,UX1991-71,,,,,,,,,,,,,
R22,26.19.1,UX1991,,UX1991-188,,,,,,,,,,,,,
R22,26.19.2,UX1991,,UX1991-2,,,,,,,,,,,,,
R22,26.19.3,UX1991,,UX1991-79,,,,,,,,,,,,,
R22,26.19.4,UX1991,,UX1991-58,,,,,,,,,,,,,
R22,26.20.1,UX1991,,UX1991-80,,,,,,,,,,,,,
R22,26.20.2,UX1991,,UX1991-196,,,,,,,,,,,,,
R22,26.20.3,UX1991,,UX1991-52,,,,,,,,,,,,,
R22,26.20.4,UX1991,,UX1991-5,,,,,,,,,,,,,
R22,27.1.2,UX1993,,UX1993-42,,,,,,,,,,,,,
R22,27.1.3,UX1993,,UX1993-2,,,,,,,,,,,,,
R22,27.1.4,UX1993,,UX1993-35,,,,,,,,,,,,,
R22,27.2.1,UX1993,,UX1993-52,,,,,,,,,,,,,
R22,27.2.2,Parent,,NC8248-1,,,,,,,,,,,,,
R22,27.2.3,UX1993,,UX1993-10,,,,,,,,,,,,,
R22,27.2.4,UX1993,,UX1993-45,,,,,,,,,,,,,
R22,27.3.1,UX1993,,UX1993-50,,,,,,,,,,,,,
R22,27.3.2,UX1993,,UX1993-14,,,,,,,,,,,,,
R22,27.3.3,UX1993,,UX1993-29,,,,,,,,,,,,,
R22,27.3.4,Parent,,TX12D4896,,,,,,,,,,,,,
R22,27.4.1,UX1993,,UX1993-16,,,,,,,,,,,,,
R22,27.4.2,UX1993,,UX1993-43,,,,,,,,,,,,,
R22,27.4.3,Parent,,AGS2000,,,,,,,,,,,,,
R22,27.4.4,UX1993,,UX1993-57,,,,,,,,,,,,,
R22,27.5.1,UX1993,,UX1993-24,,,,,,,,,,,,,
R22,27.5.2,Parent,,ARGA051160-14LE31,,,,,,,,,,,,,
R22,27.5.3,UX1993,,UX1993-34,,,,,,,,,,,,,
R22,27.5.4,UX1993,,UX1993-47,,,,,,,,,,,,,
R22,27.6.1,UX1993,,UX1993-25,,,,,,,,,,,,,
R22,27.6.2,UX1993,,UX1993-55,,,,,,,,,,,,,
R22,27.6.3,UX1993,,UX1993-26,,,,,,,,,,,,,
R22,27.6.4,UX1993,,UX1993-32,,,,,,,,,,,,,
R22,27.7.1,Parent,,Hilliard,,,,,,,,,,,,,
R22,27.7.2,UX1993,,UX1993-28,,,,,,,,,,,,,
R22,27.7.3,UX1993,,UX1993-41,,,,,,,,,,,,,
R22,27.7.4,UX1993,,UX1993-17,,,,,,,,,,,,,
R22,27.8.1,UX1993,,UX1993-56,,,,,,,,,,,,,
R22,27.8.2,UX1993,,UX1993-38,,,,,,,,,,,,,
R22,27.8.3,Parent,,GA00190-7A14,,,,,,,,,,,,,
R22,27.8.4,UX1993,,UX1993-48,,,,,,,,,,,,,
R22,27.9.1,UX1993,,UX1993-111,,,,,,,,,,,,,
R22,27.9.2,Parent,,GA06493-13LE6,,,,,,,,,,,,,
R22,27.9.3,UX1993,,UX1993-59,,,,,,,,,,,,,
R22,27.9.4,UX1993,,UX1993-56,,,,,,,,,,,,,
R22,27.10.1,UX1993,,UX1993-197,,,,,,,,,,,,,
R22,27.10.2,UX1993,,UX1993-51,,,,,,,,,,,,,
R22,27.10.3,UX1993,,UX1993-1,,,,,,,,,,,,,
R22,27.10.4,UX1993,,UX1993-40,,,,,,,,,,,,,
R22,27.11.1,UX1993,,UX1993-173,,,,,,,,,,,,,
R22,27.11.2,UX1993,,UX1993-69,,,,,,,,,,,,,
R22,27.11.3,UX1993,,UX1993-170,,,,,,,,,,,,,
R22,27.11.4,Parent,,MPV57,,,,,,,,,,,,,
R22,27.12.1,Parent,,GA05450-EL52,,,,,,,,,,,,,
R22,27.12.2,UX1993,,UX1993-172,,,,,,,,,,,,,
R22,27.12.3,UX1993,,UX1993-18,,,,,,,,,,,,,
R22,27.12.4,UX1993,,UX1993-33,,,,,,,,,,,,,
R22,27.13.1,UX1993,,UX1993-177,,,,,,,,,,,,,
R22,27.13.2,UX1993,,UX1993-3,,,,,,,,,,,,,
R22,27.13.3,Parent,,LA09264C-P2,,,,,,,,,,,,,
R22,27.13.4,UX1993,,UX1993-192,,,,,,,,,,,,,
R22,27.14.1,UX1993,,UX1993-44,,,,,,,,,,,,,
R22,27.14.2,UX1993,,UX1993-4,,,,,,,,,,,,,
R22,27.14.3,UX1993,,UX1993-46,,,,,,,,,,,,,
R22,27.14.4,UX1993,,UX1993-19,,,,,,,,,,,,,
R22,27.15.1,UX1993,,UX1993-5,,,,,,,,,,,,,
R22,27.15.2,UX1993,,UX1993-49,,,,,,,,,,,,,
R22,27.15.3,UX1993,,UX1993-23,,,,,,,,,,,,,
R22,27.15.4,Parent,,NC08-23383,,,,,,,,,,,,,
R22,27.16.1,UX1993,,UX1993-156,,,,,,,,,,,,,
R22,27.16.2,UX1993,,UX1993-31,,,,,,,,,,,,,
R22,27.16.3,UX1993,,UX1993-193,,,,,,,,,,,,,
R22,27.16.4,UX1993,,UX1993-8,,,,,,,,,,,,,
R22,27.17.1,UX1993,,UX1993-37,,,,,,,,,,,,,
R22,27.17.2,UX1993,,UX1993-6,,,,,,,,,,,,,
R22,27.17.3,UX1993,,UX1993-191,,,,,,,,,,,,,
R22,27.17.4,Parent,,GA001138-8E36,,,,,,,,,,,,,
R22,27.18.1,UX1993,,UX1993-175,,,,,,,,,,,,,
R22,27.18.2,UX1993,,UX1993-163,,,,,,,,,,,,,
R22,27.18.3,UX1993,,UX1993-7,,,,,,,,,,,,,
R22,27.18.4,UX1993,,UX1993-189,,,,,,,,,,,,,
R22,27.19.1,UX1993,,UX1993-188,,,,,,,,,,,,,
R22,27.19.2,Parent,,SS8641,,,,,,,,,,,,,
R22,27.19.3,UX1993,,UX1993-21,,,,,,,,,,,,,
R22,27.19.4,UX1993,,UX1993-186,,,,,,,,,,,,,
R22,27.20.1,UX1993,,UX1993-30,,,,,,,,,,,,,
R22,27.20.2,UX1993,,UX1993-188,,,,,,,,,,,,,
R22,27.20.3,UX1993,,UX1993-161,,,,,,,,,,,,,
R22,27.20.4,UX1993,,UX1993-9,,,,,,,,,,,,,