"marker","chr","pos"
"S1B_6678732","1B",6678732
"S1B_6758665","1B",6758665
"S1B_6783243","1B",6783243
"S1B_7070251","1B",7070251
"S1B_7989396","1B",7989396
"S1B_8181676","1B",8181676
"S1B_8866241","1B",8866241
"S1B_9007028","1B",9007028
"S1B_9270112","1B",9270112
"S1B_9291961","1B",9291961
"S1B_10014975","1B",10014975
"S1B_11408550","1B",11408550
"S1B_11881992","1B",11881992
"S1B_12778797","1B",12778797
"S1B_13629533","1B",13629533
"S1B_17350160","1B",17350160
"S1B_17568004","1B",17568004
"S1B_17836570","1B",17836570
"S1B_21523313","1B",21523313
"S1B_45803760","1B",45803760
"S1B_46228373","1B",46228373
"S1B_48279869","1B",48279869
"S1B_56536392","1B",56536392
"S1B_57687500","1B",57687500
"S1B_176291120","1B",176291120
"S1B_181218252","1B",181218252
"S1B_324358106","1B",324358106
"S1B_329299066","1B",329299066
"S1B_563030530","1B",563030530
"S1B_576555765","1B",576555765
"S1B_585322218","1B",585322218
"S1B_591364719","1B",591364719
"S1B_669955527","1B",669955527
"S2A_431080012","2A",431080012
"S2A_514858401","2A",514858401
"S2B_2416583","2B",2416583
"S2B_24883480","2B",24883480
"S2B_24887574","2B",24887574
"S2B_236583799","2B",236583799
"S2B_391103173","2B",391103173
"S2B_399354475","2B",399354475
"S2B_409664093","2B",409664093
"S2B_412775324","2B",412775324
"S2B_452775448","2B",452775448
"S2B_475610611","2B",475610611
"S2B_528879939","2B",528879939
"S2B_565059786","2B",565059786
"S2B_601784525","2B",601784525
"S2D_29322309","2D",29322309
"S2D_29712561","2D",29712561
"S2D_62615629","2D",62615629
"S2D_63526400","2D",63526400
"S2D_69503850","2D",69503850
"S2D_69798438","2D",69798438
"S2D_70643043","2D",70643043
"S2D_78710082","2D",78710082
"S2D_80041990","2D",80041990
"S2D_80219965","2D",80219965
"S2D_82867231","2D",82867231
"S2D_87257267","2D",87257267
"S2D_556012409","2D",556012409
"S2D_572734652","2D",572734652
"S2D_572734692","2D",572734692
"S2D_575686517","2D",575686517
"S2D_576583174","2D",576583174
"S2D_579060491","2D",579060491
"S3A_20359693","3A",20359693
"S3A_21265218","3A",21265218
"S3A_21787498","3A",21787498
"S3A_21799570","3A",21799570
"S3A_22127712","3A",22127712
"S3A_23394072","3A",23394072
"S3A_23651474","3A",23651474
"S3A_24532914","3A",24532914
"S3A_24612138","3A",24612138
"S3A_24747957","3A",24747957
"S3A_57726225","3A",57726225
"S3A_58926867","3A",58926867
"S3A_61079220","3A",61079220
"S3A_65967808","3A",65967808
"S3B_17397463","3B",17397463
"S3B_20732562","3B",20732562
"S3B_493277220","3B",493277220
"S3B_684637600","3B",684637600
"S3B_685317195","3B",685317195
"S3B_692021127","3B",692021127
"S3B_700927199","3B",700927199
"S3B_711110662","3B",711110662
"S3B_711349262","3B",711349262
"S3B_714997886","3B",714997886
"S3B_716317143","3B",716317143
"S3B_719851432","3B",719851432
"S3B_723475209","3B",723475209
"S3B_818316042","3B",818316042
"S3B_818336541","3B",818336541
"S3B_818410201","3B",818410201
"S3B_821436982","3B",821436982
"S3B_821704372","3B",821704372
"S3B_822180082","3B",822180082
"S3B_824290073","3B",824290073
"S3B_825427364","3B",825427364
"S3B_825490212","3B",825490212
"S3B_825523828","3B",825523828
"S3B_825887076","3B",825887076
"S3B_825992776","3B",825992776
"S3B_826500808","3B",826500808
"S3B_826652050","3B",826652050
"S3B_826723275","3B",826723275
"S3B_826916980","3B",826916980
"S3B_827274559","3B",827274559
"S3B_827445115","3B",827445115
"S3B_827447768","3B",827447768
"S3B_829250705","3B",829250705
"S3B_829355285","3B",829355285
"S3B_829359363","3B",829359363
"S3B_829558794","3B",829558794
"S4A_58223442","4A",58223442
"S4A_137557861","4A",137557861
"S4A_167769946","4A",167769946
"S4A_182920543","4A",182920543
"S4A_227691695","4A",227691695
"S4A_350001495","4A",350001495
"S4A_352495200","4A",352495200
"S4A_440033637","4A",440033637
"S4A_538895487","4A",538895487
"S4A_544067894","4A",544067894
"S4A_544628546","4A",544628546
"S4A_552215864","4A",552215864
"S4A_559591696","4A",559591696
"S4A_566299349","4A",566299349
"S4A_669386657","4A",669386657
"S4A_669437576","4A",669437576
"S4A_702066266","4A",702066266
"S4A_703230340","4A",703230340
"S4A_703230353","4A",703230353
"S4A_708631185","4A",708631185
"S4A_712109101","4A",712109101
"S4A_712514864","4A",712514864
"S4A_712956118","4A",712956118
"S4A_713489303","4A",713489303
"S4A_713494076","4A",713494076
"S4A_715808440","4A",715808440
"S4A_716834679","4A",716834679
"S4A_717050504","4A",717050504
"S4A_717050542","4A",717050542
"S4A_717638864","4A",717638864
"S4A_719871939","4A",719871939
"S4A_722925459","4A",722925459
"S4A_723640688","4A",723640688
"S4A_725505202","4A",725505202
"S4A_725538462","4A",725538462
"S4D_469162644","4D",469162644
"S4D_476400302","4D",476400302
"S5A_38123308","5A",38123308
"S5A_51793344","5A",51793344
"S5A_75355976","5A",75355976
"S5A_164067869","5A",164067869
"S5A_169302618","5A",169302618
"S5A_172051117","5A",172051117
"S5A_174574211","5A",174574211
"S5A_304540878","5A",304540878
"S5A_305787170","5A",305787170
"S5A_494870877","5A",494870877
"S5A_566169790","5A",566169790
"S5A_575821560","5A",575821560
"S5A_577827993","5A",577827993
"S5A_577963056","5A",577963056
"S5A_578110962","5A",578110962
"S5A_578449873","5A",578449873
"S5A_578832139","5A",578832139
"S5A_580797168","5A",580797168
"S5A_584456955","5A",584456955
"S5A_585018041","5A",585018041
"S5A_585200466","5A",585200466
"S5A_585223490","5A",585223490
"S5A_597750832","5A",597750832
"S5A_608879339","5A",608879339
"S5B_63845743","5B",63845743
"S5D_543847335","5D",543847335
"S5D_544153906","5D",544153906
"S5D_548355090","5D",548355090
"S5D_548554235","5D",548554235
"S5D_549580733","5D",549580733
"S6A_812787","6A",812787
"S6A_30379878","6A",30379878
"S6A_32900471","6A",32900471
"S6A_35637975","6A",35637975
"S6A_36702322","6A",36702322
"S6A_36724475","6A",36724475
"S6A_36948651","6A",36948651
"S6A_49099565","6A",49099565
"S6A_49121133","6A",49121133
"S6A_49870909","6A",49870909
"S6A_49870910","6A",49870910
"S6A_51375466","6A",51375466
"S6A_52784339","6A",52784339
"S6A_58591286","6A",58591286
"S6A_60589355","6A",60589355
"S6A_63178124","6A",63178124
"S6A_64351211","6A",64351211
"S6A_67026538","6A",67026538
"S6A_67484956","6A",67484956
"S6A_70030161","6A",70030161
"S6A_70239703","6A",70239703
"S6A_74563468","6A",74563468
"S6A_76625816","6A",76625816
"S6A_78032830","6A",78032830
"S6A_83497692","6A",83497692
"S6A_86027142","6A",86027142
"S6A_90214473","6A",90214473
"S6A_92886996","6A",92886996
"S6A_96130216","6A",96130216
"S6A_96790897","6A",96790897
"S6A_98064510","6A",98064510
"S6A_98211529","6A",98211529
"S6A_99795250","6A",99795250
"S6A_99969813","6A",99969813
"S6A_100062732","6A",100062732
"S6A_106080668","6A",106080668
"S6A_106479262","6A",106479262
"S6A_108213749","6A",108213749
"S6A_113174486","6A",113174486
"S6A_123541747","6A",123541747
"S6A_146443230","6A",146443230
"S6A_157164059","6A",157164059
"S6A_192541070","6A",192541070
"S6A_199016558","6A",199016558
"S6A_266973567","6A",266973567
"S6A_339647726","6A",339647726
"S6A_361416406","6A",361416406
"S6A_378862010","6A",378862010
"S6A_421525668","6A",421525668
"S6A_421525674","6A",421525674
"S6A_428106357","6A",428106357
"S6A_447878636","6A",447878636
"S6A_448055504","6A",448055504
"S6A_449689420","6A",449689420
"S6A_449807950","6A",449807950
"S6A_449964357","6A",449964357
"S6A_459678701","6A",459678701
"S6A_469551147","6A",469551147
"S6A_473574940","6A",473574940
"S6A_499197587","6A",499197587
"S6A_520667476","6A",520667476
"S6A_520845639","6A",520845639
"S6A_524060173","6A",524060173
"S6A_538501148","6A",538501148
"S6A_555753441","6A",555753441
"S6A_555860128","6A",555860128
"S6A_559740187","6A",559740187
"S6A_563486116","6A",563486116
"S6A_566421913","6A",566421913
"S6A_568516292","6A",568516292
"S6A_573489517","6A",573489517
"S6B_715699101","6B",715699101
"S7A_694447368","7A",694447368
