"Entry","Raleigh","Kinson"
"AGS2000",88.3333333333333,89.6666666666667
"ARGA051160-14LE31",87.258064516129,90.3333333333333
"GA001138-8E36",92.2413793103448,97.8333333333333
"GA00190-7A14",88.1666666666667,85.8333333333333
"GA05450-EL52",78.5,83.1666666666667
"GA06493-13LE6",86,86.3333333333333
"Hilliard",84.1666666666667,83.3333333333333
"LA09264C-P2",78.5,NA
"MPV57",85.8333333333333,76.6666666666667
"NC08-23383",79.5,79.1666666666667
"NC8248-1",81,83.8333333333333
"SS8641",84.3333333333333,88.6666666666667
"TX12D4896",84,85.7333333333333
"UX1989-1",90,100
"UX1989-10",75,95
"UX1989-100",90,95
"UX1989-102",90,95
"UX1989-103",85,95
"UX1989-104",80,80
"UX1989-106",90,85
"UX1989-107",75,80
"UX1989-108",80,80
"UX1989-109",85,90
"UX1989-110",75,85
"UX1989-111",80,85
"UX1989-112",90,85
"UX1989-113",85,85
"UX1989-114",75,90
"UX1989-115",85,90
"UX1989-116",75,75
"UX1989-117",80,85
"UX1989-118",80,85
"UX1989-119",80,85
"UX1989-12",85,85
"UX1989-122",80,80
"UX1989-123",85,95
"UX1989-125",80,90
"UX1989-126",85,85
"UX1989-128",80,95
"UX1989-129",80,95
"UX1989-13",75,95
"UX1989-131",85,75
"UX1989-132",75,90
"UX1989-133",90,90
"UX1989-134",75,80
"UX1989-135",85,90
"UX1989-136",90,95
"UX1989-137",80,85
"UX1989-138",85,85
"UX1989-139",85,90
"UX1989-14",85,95
"UX1989-140",85,85
"UX1989-141",80,90
"UX1989-142",85,90
"UX1989-143",90,90
"UX1989-144",85,90
"UX1989-146",80,80
"UX1989-147",80,80
"UX1989-148",70,80
"UX1989-15",90,85
"UX1989-16",80,95
"UX1989-17",90,90
"UX1989-18",80,85
"UX1989-19",85,95
"UX1989-2",85,95
"UX1989-20",85,90
"UX1989-21",75,80
"UX1989-22",80,85
"UX1989-23",90,95
"UX1989-24",85,85
"UX1989-25",90,105
"UX1989-26",80,90
"UX1989-27",85,90
"UX1989-28",90,85
"UX1989-29",90,100
"UX1989-3",80,95
"UX1989-30",90,95
"UX1989-31",85,85
"UX1989-32",75,80
"UX1989-33",85,95
"UX1989-34",90,95
"UX1989-35",85,90
"UX1989-37",80,80
"UX1989-38",80,85
"UX1989-39",80,95
"UX1989-4",85,90
"UX1989-40",85,90
"UX1989-41",90,75
"UX1989-42",75,90
"UX1989-43",75,85
"UX1989-44",90,95
"UX1989-45",75,85
"UX1989-46",85,85
"UX1989-47",80,85
"UX1989-48",90,100
"UX1989-49",90,85
"UX1989-5",80,85
"UX1989-50",85,80
"UX1989-51",85,85
"UX1989-52",90,85
"UX1989-53",90,95
"UX1989-54",85,80
"UX1989-55",90,90
"UX1989-57",80,90
"UX1989-59",90,85
"UX1989-6",80,85
"UX1989-60",80,85
"UX1989-61",85,90
"UX1989-62",90,90
"UX1989-63",90,95
"UX1989-64",85,90
"UX1989-65",85,85
"UX1989-66",85,85
"UX1989-67",90,80
"UX1989-68",80,90
"UX1989-69",85,85
"UX1989-7",92.5,92.5
"UX1989-70",85,90
"UX1989-72",90,90
"UX1989-74",95,100
"UX1989-76",80,95
"UX1989-78",70,85
"UX1989-8",85,95
"UX1989-80",85,100
"UX1989-81",85,90
"UX1989-82",80,80
"UX1989-83",85,100
"UX1989-84",80,90
"UX1989-85",80,80
"UX1989-86",75,90
"UX1989-87",80,90
"UX1989-88",80,90
"UX1989-89",90,95
"UX1989-9",80,90
"UX1989-90",80,90
"UX1989-91",90,100
"UX1989-92",80,85
"UX1989-93",85,80
"UX1989-94",80,95
"UX1989-95",85,95
"UX1989-96",75,75
"UX1989-98",75,85
"UX1989-99",95,90
"UX1991-1",75,90
"UX1991-10",85,95
"UX1991-100",100,100
"UX1991-101",90,90
"UX1991-103",110,95
"UX1991-109",85,85
"UX1991-11",90,95
"UX1991-110",105,100
"UX1991-111",95,87.5
"UX1991-113",85,70
"UX1991-114",90,75
"UX1991-115",95,95
"UX1991-117",85,80
"UX1991-12",100,100
"UX1991-122",90,90
"UX1991-124",85,85
"UX1991-125",80,80
"UX1991-129",90,105
"UX1991-13",90,100
"UX1991-131",90,90
"UX1991-132",85,70
"UX1991-134",95,90
"UX1991-137",100,100
"UX1991-139",100,90
"UX1991-14",95,100
"UX1991-141",110,95
"UX1991-142",90,85
"UX1991-143",100,90
"UX1991-144",100,95
"UX1991-145",95,90
"UX1991-146",100,90
"UX1991-147",90,90
"UX1991-148",95,100
"UX1991-149",90,85
"UX1991-151",85,85
"UX1991-152",100,90
"UX1991-153",95,85
"UX1991-155",85,70
"UX1991-156",105,95
"UX1991-158",100,75
"UX1991-159",95,85
"UX1991-160",80,80
"UX1991-165",105,100
"UX1991-166",95,90
"UX1991-169",105,95
"UX1991-17",100,90
"UX1991-170",95,90
"UX1991-171",90,85
"UX1991-173",95,75
"UX1991-174",100,90
"UX1991-175",85,90
"UX1991-177",100,100
"UX1991-178",105,105
"UX1991-179",90,75
"UX1991-18",95,100
"UX1991-180",95,95
"UX1991-181",100,110
"UX1991-182",90,95
"UX1991-188",85,85
"UX1991-19",90,90
"UX1991-196",90,95
"UX1991-199",90,105
"UX1991-2",90,95
"UX1991-20",85,95
"UX1991-200",85,80
"UX1991-201",80,75
"UX1991-202",90,70
"UX1991-203",100,90
"UX1991-204",100,90
"UX1991-21",100,110
"UX1991-22",95,100
"UX1991-23",85,100
"UX1991-25",80,95
"UX1991-29",100,100
"UX1991-3",95,100
"UX1991-30",85,95
"UX1991-34",95,110
"UX1991-35",95,100
"UX1991-36",90,100
"UX1991-37",90,95
"UX1991-38",100,95
"UX1991-4",90,90
"UX1991-41",85,90
"UX1991-42",100,105
"UX1991-43",85,90
"UX1991-44",90,100
"UX1991-47",90,95
"UX1991-48",100,95
"UX1991-5",85,85
"UX1991-51",110,110
"UX1991-52",80,100
"UX1991-53",90,100
"UX1991-55",95,95
"UX1991-58",85,85
"UX1991-59",95,95
"UX1991-6",95,100
"UX1991-60",90,100
"UX1991-62",95,95
"UX1991-63",85,95
"UX1991-64",90,95
"UX1991-67",80,95
"UX1991-69",85,95
"UX1991-7",100,95
"UX1991-70",95,95
"UX1991-71",95,90
"UX1991-72",85,85
"UX1991-73",90,100
"UX1991-74",85,75
"UX1991-75",80,85
"UX1991-78",100,90
"UX1991-79",85,85
"UX1991-8",85,95
"UX1991-80",95,95
"UX1991-81",90,95
"UX1991-82",85,95
"UX1991-83",100,100
"UX1991-84",85,75
"UX1991-85",80,80
"UX1991-86",95,85
"UX1991-87",90,80
"UX1991-89",90,85
"UX1991-9",90,95
"UX1991-90",85,80
"UX1991-91",90,85
"UX1991-92",90,85
"UX1991-93",100,85
"UX1991-97",95,85
"UX1991-98",85,85
"UX1991-99",95,105
"UX1992-10",80,75
"UX1992-100",85,75
"UX1992-101",80,85
"UX1992-102",75,70
"UX1992-106",80,70
"UX1992-110",90,80
"UX1992-114",70,70
"UX1992-116",85,80
"UX1992-117",85,75
"UX1992-118",80,75
"UX1992-119",75,75
"UX1992-121",90,70
"UX1992-124",85,75
"UX1992-125",85,85
"UX1992-126",85,70
"UX1992-129",80,80
"UX1992-132",75,70
"UX1992-134",85,75
"UX1992-135",90,75
"UX1992-137",75,75
"UX1992-140",90,80
"UX1992-144",80,85
"UX1992-146",90,90
"UX1992-147",85,75
"UX1992-149",80,75
"UX1992-153",90,80
"UX1992-154",95,75
"UX1992-157",90,85
"UX1992-159",80,80
"UX1992-160",80,80
"UX1992-161",90,75
"UX1992-162",80,70
"UX1992-163",75,75
"UX1992-165",80,80
"UX1992-166",80,75
"UX1992-167",80,75
"UX1992-170",85,75
"UX1992-171",75,75
"UX1992-173",85,75
"UX1992-174",80,75
"UX1992-175",85,80
"UX1992-180",80,80
"UX1992-181",75,75
"UX1992-182",90,85
"UX1992-190",80,75
"UX1992-193",85,80
"UX1992-194",75,70
"UX1992-195",90,80
"UX1992-196",85,75
"UX1992-197",85,90
"UX1992-20",85,70
"UX1992-201",85,95
"UX1992-203",90,85
"UX1992-207",65,70
"UX1992-217",100,90
"UX1992-218",90,90
"UX1992-219",90,75
"UX1992-22",90,80
"UX1992-222",80,70
"UX1992-223",80,80
"UX1992-224",90,75
"UX1992-225",85,85
"UX1992-226",90,95
"UX1992-228",80,75
"UX1992-231",95,85
"UX1992-232",90,80
"UX1992-239",75,85
"UX1992-24",80,77.5
"UX1992-241",75,75
"UX1992-242",85,80
"UX1992-275",75,75
"UX1992-276",95,85
"UX1992-281",90,85
"UX1992-282",75,75
"UX1992-286",80,75
"UX1992-287",90,80
"UX1992-289",70,75
"UX1992-29",85,75
"UX1992-292",90,75
"UX1992-293",85,85
"UX1992-295",70,80
"UX1992-296",90,80
"UX1992-3",80,65
"UX1992-302",75,75
"UX1992-303",75,65
"UX1992-306",85,80
"UX1992-308",85,80
"UX1992-310",100,85
"UX1992-312",85,90
"UX1992-314",75,75
"UX1992-315",90,85
"UX1992-317",95,80
"UX1992-32",80,65
"UX1992-322",85,80
"UX1992-323",90,85
"UX1992-327",90,85
"UX1992-33",80,75
"UX1992-331",80,80
"UX1992-336",70,80
"UX1992-337",85,75
"UX1992-34",85,70
"UX1992-35",80,70
"UX1992-36",85,70
"UX1992-38",90,80
"UX1992-39",80,80
"UX1992-45",85,80
"UX1992-48",75,75
"UX1992-49",85,65
"UX1992-5",85,80
"UX1992-54",85,85
"UX1992-55",90,80
"UX1992-59",70,65
"UX1992-6",90,80
"UX1992-63",85,80
"UX1992-69",80,75
"UX1992-70",85,75
"UX1992-72",90,80
"UX1992-73",80,75
"UX1992-74",95,75
"UX1992-78",85,75
"UX1992-80",80,80
"UX1992-81",75,80
"UX1992-82",80,70
"UX1992-87",85,75
"UX1992-9",75,70
"UX1992-90",85,80
"UX1992-93",80,75
"UX1992-98",90,75
"UX1993-1",85,85
"UX1993-10",95,95
"UX1993-100",80,80
"UX1993-101",85,95
"UX1993-102",95,100
"UX1993-103",95,90
"UX1993-104",105,100
"UX1993-105",95,90
"UX1993-106",90,85
"UX1993-112",70,65
"UX1993-113",85,90
"UX1993-114",90,85
"UX1993-115",80,80
"UX1993-118",95,90
"UX1993-119",85,80
"UX1993-122",110,110
"UX1993-127",85,85
"UX1993-131",70,95
"UX1993-133",100,NA
"UX1993-135",80,90
"UX1993-137",85,95
"UX1993-139",80,80
"UX1993-14",85,90
"UX1993-140",85,75
"UX1993-142",85,90
"UX1993-150",90,95
"UX1993-154",85,95
"UX1993-155",95,NA
"UX1993-156",90,95
"UX1993-159",110,110
"UX1993-16",100,105
"UX1993-161",90,95
"UX1993-163",90,90
"UX1993-164",80,85
"UX1993-17",100,95
"UX1993-170",95,105
"UX1993-172",90,90
"UX1993-173",90,95
"UX1993-174",85,95
"UX1993-175",100,95
"UX1993-177",90,85
"UX1993-18",95,110
"UX1993-180",95,95
"UX1993-186",85,90
"UX1993-188",95,100
"UX1993-189",90,90
"UX1993-19",90,90
"UX1993-191",85,85
"UX1993-192",85,85
"UX1993-193",80,85
"UX1993-197",100,100
"UX1993-2",75,85
"UX1993-21",85,95
"UX1993-23",95,100
"UX1993-24",90,95
"UX1993-25",95,90
"UX1993-26",105,95
"UX1993-28",100,90
"UX1993-29",85,95
"UX1993-3",95,85
"UX1993-30",85,85
"UX1993-31",95,95
"UX1993-32",85,90
"UX1993-33",85,85
"UX1993-34",90,90
"UX1993-35",85,85
"UX1993-37",75,80
"UX1993-38",100,95
"UX1993-4",90,95
"UX1993-40",95,105
"UX1993-41",90,90
"UX1993-42",80,85
"UX1993-43",85,75
"UX1993-44",95,80
"UX1993-45",90,95
"UX1993-46",80,60
"UX1993-47",85,95
"UX1993-48",105,95
"UX1993-49",80,85
"UX1993-5",100,95
"UX1993-50",80,85
"UX1993-51",80,85
"UX1993-52",90,90
"UX1993-55",85,70
"UX1993-56",87.5,100
"UX1993-57",85,80
"UX1993-59",100,90
"UX1993-6",90,90
"UX1993-60",85,NA
"UX1993-61",90,NA
"UX1993-62",95,65
"UX1993-63",95,90
"UX1993-65",95,90
"UX1993-66",90,85
"UX1993-67",90,95
"UX1993-68",95,90
"UX1993-69",92.5,85
"UX1993-7",85,95
"UX1993-70",90,95
"UX1993-71",95,95
"UX1993-72",95,80
"UX1993-73",85,85
"UX1993-74",90,90
"UX1993-75",85,95
"UX1993-76",80,85
"UX1993-77",100,95
"UX1993-78",85,95
"UX1993-79",85,85
"UX1993-8",80,85
"UX1993-80",85,NA
"UX1993-82",95,100
"UX1993-83",85,80
"UX1993-85",100,100
"UX1993-86",95,NA
"UX1993-87",80,95
"UX1993-88",95,90
"UX1993-9",90,90
"UX1993-90",95,90
"UX1993-91",80,85
"UX1993-92",105,105
"UX1993-93",95,100
"UX1993-94",95,90
"UX1993-95",85,100
"UX1993-96",95,95
"UX1993-97",85,90
"UX1993-98",100,95
"UX1993-99",90,90
"UX1994-10",80,80
"UX1994-100",85,85
"UX1994-101",95,95
"UX1994-103",80,90
"UX1994-104",90,85
"UX1994-105",90,90
"UX1994-106",80,80
"UX1994-108",80,85
"UX1994-109",100,90
"UX1994-11",90,90
"UX1994-111",85,85
"UX1994-113",85,90
"UX1994-114",95,95
"UX1994-115",85,95
"UX1994-116",80,90
"UX1994-120",85,80
"UX1994-121",80,85
"UX1994-122",75,80
"UX1994-123",90,90
"UX1994-124",70,75
"UX1994-125",85,75
"UX1994-127",80,80
"UX1994-128",90,85
"UX1994-129",75,70
"UX1994-13",85,85
"UX1994-130",80,85
"UX1994-131",85,90
"UX1994-132",85,90
"UX1994-133",80,85
"UX1994-134",90,90
"UX1994-135",85,75
"UX1994-136",80,80
"UX1994-137",80,85
"UX1994-138",80,75
"UX1994-139",80,85
"UX1994-14",80,85
"UX1994-140",90,90
"UX1994-150",90,85
"UX1994-152",85,90
"UX1994-153",95,90
"UX1994-155",90,95
"UX1994-158",85,80
"UX1994-159",80,85
"UX1994-16",85,80
"UX1994-163",80,85
"UX1994-168",80,85
"UX1994-17",90,95
"UX1994-171",90,85
"UX1994-173",80,85
"UX1994-174",75,90
"UX1994-177",80,80
"UX1994-178",70,90
"UX1994-18",75,90
"UX1994-180",85,80
"UX1994-181",85,95
"UX1994-183",75,85
"UX1994-184",85,80
"UX1994-185",80,80
"UX1994-188",85,85
"UX1994-19",80,85
"UX1994-191",80,85
"UX1994-192",85,85
"UX1994-195",85,85
"UX1994-196",80,85
"UX1994-198",80,85
"UX1994-199",80,85
"UX1994-20",90,85
"UX1994-201",90,90
"UX1994-202",80,75
"UX1994-205",85,85
"UX1994-207",90,90
"UX1994-208",80,90
"UX1994-210",90,85
"UX1994-211",75,80
"UX1994-214",95,85
"UX1994-218",85,90
"UX1994-22",85,85
"UX1994-24",85,90
"UX1994-25",85,90
"UX1994-26",90,85
"UX1994-27",80,80
"UX1994-29",90,90
"UX1994-3",85,80
"UX1994-31",95,85
"UX1994-32",90,80
"UX1994-33",80,75
"UX1994-34",70,70
"UX1994-35",80,80
"UX1994-36",85,80
"UX1994-37",80,75
"UX1994-38",80,85
"UX1994-41",85,80
"UX1994-42",75,85
"UX1994-43",85,75
"UX1994-46",85,80
"UX1994-47",90,80
"UX1994-48",85,85
"UX1994-49",90,85
"UX1994-50",85,90
"UX1994-51",80,80
"UX1994-52",85,90
"UX1994-53",80,80
"UX1994-54",80,85
"UX1994-56",85,85
"UX1994-58",75,80
"UX1994-59",80,90
"UX1994-61",85,85
"UX1994-62",85,90
"UX1994-63",95,90
"UX1994-64",85,85
"UX1994-65",90,95
"UX1994-66",85,85
"UX1994-67",85,90
"UX1994-68",90,95
"UX1994-69",90,95
"UX1994-70",90,95
"UX1994-71",85,75
"UX1994-72",90,85
"UX1994-73",80,80
"UX1994-74",85,85
"UX1994-75",85,70
"UX1994-76",90,95
"UX1994-77",90,95
"UX1994-79",85,85
"UX1994-8",90,90
"UX1994-80",80,90
"UX1994-81",80,85
"UX1994-83",80,90
"UX1994-86",80,70
"UX1994-87",85,80
"UX1994-9",90,85
"UX1994-90",80,85
"UX1994-91",75,85
"UX1994-93",85,95
"UX1994-94",85,80
"UX1994-96",90,90
"UX1994-97",85,85
"UX1994-98",80,85
"UX1994-99",90,85
"UX1995-1",80,80
"UX1995-10",65,80
"UX1995-100",75,80
"UX1995-101",80,75
"UX1995-104",75,95
"UX1995-105",95,95
"UX1995-106",65,70
"UX1995-107",85,85
"UX1995-109",70,80
"UX1995-11",85,90
"UX1995-110",75,85
"UX1995-112",75,80
"UX1995-113",90,95
"UX1995-114",75,80
"UX1995-115",60,85
"UX1995-117",75,95
"UX1995-121",75,80
"UX1995-123",75,95
"UX1995-127",85,85
"UX1995-128",65,70
"UX1995-129",65,85
"UX1995-13",80,90
"UX1995-130",85,85
"UX1995-131",65,70
"UX1995-132",85,85
"UX1995-135",70,75
"UX1995-136",70,90
"UX1995-137",80,90
"UX1995-139",65,80
"UX1995-140",75,90
"UX1995-141",80,75
"UX1995-142",85,100
"UX1995-144",75,90
"UX1995-145",70,80
"UX1995-147",55,80
"UX1995-149",75,85
"UX1995-15",70,80
"UX1995-150",70,85
"UX1995-152",85,85
"UX1995-153",70,75
"UX1995-156",90,90
"UX1995-157",65,85
"UX1995-159",85,85
"UX1995-160",70,85
"UX1995-161",60,80
"UX1995-162",75,80
"UX1995-163",65,75
"UX1995-164",75,95
"UX1995-165",85,90
"UX1995-167",90,90
"UX1995-168",60,75
"UX1995-169",80,85
"UX1995-170",80,80
"UX1995-171",85,85
"UX1995-172",85,85
"UX1995-174",75,80
"UX1995-175",70,70
"UX1995-177",65,65
"UX1995-179",80,85
"UX1995-180",80,95
"UX1995-181",65,85
"UX1995-182",90,90
"UX1995-183",70,75
"UX1995-184",65,60
"UX1995-186",80,80
"UX1995-188",75,75
"UX1995-189",80,90
"UX1995-190",75,85
"UX1995-192",85,80
"UX1995-195",75,75
"UX1995-196",70,75
"UX1995-197",60,80
"UX1995-198",75,85
"UX1995-199",85,90
"UX1995-2",70,65
"UX1995-20",70,75
"UX1995-200",80,75
"UX1995-201",80,85
"UX1995-204",75,95
"UX1995-208",65,90
"UX1995-212",90,90
"UX1995-213",75,85
"UX1995-214",75,75
"UX1995-216",65,80
"UX1995-22",75,90
"UX1995-23",90,100
"UX1995-25",85,105
"UX1995-26",75,75
"UX1995-27",75,80
"UX1995-28",75,80
"UX1995-3",85,90
"UX1995-33",85,90
"UX1995-35",70,80
"UX1995-39",90,75
"UX1995-4",85,95
"UX1995-40",85,95
"UX1995-41",65,75
"UX1995-42",80,80
"UX1995-43",70,85
"UX1995-45",65,80
"UX1995-46",70,80
"UX1995-48",75,85
"UX1995-49",75,95
"UX1995-51",75,85
"UX1995-52",80,85
"UX1995-53",80,85
"UX1995-54",75,95
"UX1995-59",60,75
"UX1995-6",70,80
"UX1995-62",70,75
"UX1995-63",75,85
"UX1995-64",80,85
"UX1995-65",85,90
"UX1995-66",80,90
"UX1995-68",80,90
"UX1995-7",70,75
"UX1995-70",80,95
"UX1995-79",70,80
"UX1995-80",75,100
"UX1995-81",70,85
"UX1995-82",75,80
"UX1995-85",65,80
"UX1995-87",65,80
"UX1995-89",75,75
"UX1995-9",75,85
"UX1995-90",75,90
"UX1995-91",80,90
"UX1995-96",80,90
"UX1995-99",75,90
"UX1997-1",85,85
"UX1997-10",85,85
"UX1997-101",90,75
"UX1997-102",95,90
"UX1997-103",90,95
"UX1997-105",75,85
"UX1997-106",85,85
"UX1997-107",80,75
"UX1997-109",90,90
"UX1997-11",80,90
"UX1997-110",75,80
"UX1997-111",70,70
"UX1997-113",75,80
"UX1997-114",80,80
"UX1997-115",75,85
"UX1997-116",85,85
"UX1997-119",75,85
"UX1997-12",85,87.5
"UX1997-121",85,85
"UX1997-122",90,90
"UX1997-123",85,80
"UX1997-124",70,90
"UX1997-125",85,90
"UX1997-126",80,95
"UX1997-127",80,80
"UX1997-129",80,90
"UX1997-13",85,90
"UX1997-130",70,80
"UX1997-131",80,80
"UX1997-132",70,80
"UX1997-133",80,95
"UX1997-134",85,90
"UX1997-135",75,85
"UX1997-136",90,95
"UX1997-137",85,100
"UX1997-138",75,85
"UX1997-139",80,90
"UX1997-14",85,85
"UX1997-140",85,80
"UX1997-141",95,95
"UX1997-142",80,85
"UX1997-143",80,95
"UX1997-144",70,85
"UX1997-146",90,80
"UX1997-147",85,75
"UX1997-148",85,90
"UX1997-149",80,80
"UX1997-15",90,90
"UX1997-16",85,90
"UX1997-17",90,75
"UX1997-18",85,85
"UX1997-19",75,70
"UX1997-2",75,80
"UX1997-20",80,95
"UX1997-21",95,85
"UX1997-22",85,85
"UX1997-23",80,90
"UX1997-24",75,85
"UX1997-25",80,85
"UX1997-26",80,75
"UX1997-27",80,85
"UX1997-28",90,85
"UX1997-29",85,70
"UX1997-3",75,95
"UX1997-30",75,75
"UX1997-32",95,90
"UX1997-33",75,70
"UX1997-34",85,85
"UX1997-35",90,95
"UX1997-36",90,100
"UX1997-37",90,100
"UX1997-38",80,85
"UX1997-39",95,95
"UX1997-4",90,87.5
"UX1997-5",80,80
"UX1997-50",80,75
"UX1997-51",90,95
"UX1997-52",80,75
"UX1997-53",90,80
"UX1997-54",75,80
"UX1997-55",75,85
"UX1997-56",85,80
"UX1997-58",80,85
"UX1997-59",75,75
"UX1997-6",70,80
"UX1997-60",75,85
"UX1997-61",90,85
"UX1997-62",90,85
"UX1997-63",85,80
"UX1997-64",100,85
"UX1997-65",90,85
"UX1997-67",85,80
"UX1997-68",80,80
"UX1997-69",75,70
"UX1997-7",75,80
"UX1997-70",75,70
"UX1997-71",90,85
"UX1997-72",85,90
"UX1997-73",80,85
"UX1997-74",75,75
"UX1997-75",85,95
"UX1997-76",90,95
"UX1997-77",90,85
"UX1997-78",70,85
"UX1997-79",80,80
"UX1997-8",85,80
"UX1997-80",75,75
"UX1997-81",75,75
"UX1997-82",75,70
"UX1997-83",90,90
"UX1997-84",75,80
"UX1997-85",75,70
"UX1997-86",85,75
"UX1997-87",80,75
"UX1997-89",80,75
"UX1997-9",90,85
"UX1997-90",75,85
"UX1997-91",80,80
"UX1997-94",90,85
"UX1997-97",90,90
"UX1997-98",75,85
"UX1997-99",75,80
"UX1999-1",80,85
"UX1999-10",85,85
"UX1999-12",70,65
"UX1999-13",75,90
"UX1999-14",80,80
"UX1999-15",80,90
"UX1999-18",95,90
"UX1999-2",90,80
"UX1999-20",95,90
"UX1999-26",90,80
"UX1999-27",100,90
"UX1999-29",85,85
"UX1999-32",90,85
"UX1999-33",105,100
"UX1999-35",85,95
"UX1999-36",100,90
"UX1999-37",95,85
"UX1999-38",80,85
"UX1999-39",95,95
"UX1999-4",90,90
"UX1999-40",80,75
"UX1999-42",95,80
"UX1999-44",95,90
"UX1999-45",95,80
"UX1999-46",85,80
"UX1999-47",90,95
"UX1999-48",95,90
"UX1999-5",90,85
"UX1999-50",85,95
"UX1999-51",80,90
"UX1999-54",95,90
"UX1999-55",90,85
"UX1999-56",80,75
"UX1999-57",95,85
"UX1999-58",80,65
"UX1999-59",85,80
"UX1999-6",90,85
"UX1999-60",85,95
"UX1999-64",70,75
"UX1999-66",95,90
"UX1999-67",85,90
"UX1999-68",80,75
"UX1999-69",95,90
"UX1999-70",95,85
"UX1999-71",100,90
"UX1999-72",75,75
"UX1999-73",90,70
"UX1999-75",95,90
"UX1999-76",95,105
"UX1999-77",95,95
"UX1999-78",90,85
"UX1999-79",105,100
"UX1999-80",80,80
"UX1999-84",80,70
"UX1999-85",90,85
"UX1999-86",95,100
"UX1999-88",90,90
"UX1999-89",80,75
"UX1999-9",85,82
"UX2000-1",85,80
"UX2000-10",75,90
"UX2000-100",85,85
"UX2000-101",85,85
"UX2000-102",85,80
"UX2000-103",85,85
"UX2000-105",85,70
"UX2000-107",70,85
"UX2000-109",85,80
"UX2000-11",75,90
"UX2000-110",80,80
"UX2000-111",75,80
"UX2000-114",80,80
"UX2000-115",75,75
"UX2000-116",75,85
"UX2000-118",75,75
"UX2000-119",80,65
"UX2000-12",75,85
"UX2000-121",90,85
"UX2000-122",60,80
"UX2000-123",85,75
"UX2000-13",85,85
"UX2000-131",75,80
"UX2000-133",100,90
"UX2000-134",70,80
"UX2000-135",95,90
"UX2000-136",70,90
"UX2000-137",85,80
"UX2000-139",75,80
"UX2000-140",85,80
"UX2000-143",75,70
"UX2000-144",75,75
"UX2000-145",95,80
"UX2000-148",75,80
"UX2000-15",80,85
"UX2000-151",80,75
"UX2000-16",80,85
"UX2000-160",85,75
"UX2000-161",85,75
"UX2000-162",100,75
"UX2000-163",85,75
"UX2000-164",75,75
"UX2000-165",85,80
"UX2000-167",75,75
"UX2000-168",85,80
"UX2000-17",80,90
"UX2000-171",75,65
"UX2000-173",75,85
"UX2000-174",80,65
"UX2000-175",75,75
"UX2000-176",65,80
"UX2000-177",75,85
"UX2000-178",65,85
"UX2000-18",80,80
"UX2000-180",85,85
"UX2000-181",75,75
"UX2000-182",90,80
"UX2000-183",85,80
"UX2000-185",100,90
"UX2000-186",85,95
"UX2000-187",85,90
"UX2000-19",80,85
"UX2000-190",90,90
"UX2000-191",90,75
"UX2000-192",80,85
"UX2000-193",85,90
"UX2000-194",80,80
"UX2000-195",85,85
"UX2000-196",85,75
"UX2000-198",80,95
"UX2000-20",95,80
"UX2000-201",85,90
"UX2000-202",100,85
"UX2000-204",85,90
"UX2000-205",95,95
"UX2000-207",100,85
"UX2000-208",95,80
"UX2000-21",85,90
"UX2000-22",90,90
"UX2000-24",75,75
"UX2000-25",90,100
"UX2000-28",70,70
"UX2000-3",90,95
"UX2000-30",85,95
"UX2000-31",70,85
"UX2000-32",65,70
"UX2000-34",60,75
"UX2000-35",80,95
"UX2000-37",75,95
"UX2000-38",95,100
"UX2000-39",85,85
"UX2000-40",85,95
"UX2000-41",75,85
"UX2000-42",80,90
"UX2000-43",100,85
"UX2000-44",80,75
"UX2000-47",85,65
"UX2000-48",85,80
"UX2000-49",80,80
"UX2000-5",70,85
"UX2000-50",75,90
"UX2000-52",70,95
"UX2000-53",90,95
"UX2000-54",80,95
"UX2000-55",80,90
"UX2000-58",100,75
"UX2000-59",90,75
"UX2000-6",70,75
"UX2000-60",70,70
"UX2000-62",70,90
"UX2000-63",90,80
"UX2000-65",75,75
"UX2000-67",90,75
"UX2000-69",75,70
"UX2000-71",80,85
"UX2000-72",60,80
"UX2000-73",75,70
"UX2000-75",90,100
"UX2000-76",80,80
"UX2000-77",65,80
"UX2000-78",65,65
"UX2000-79",85,90
"UX2000-8",100,80
"UX2000-80",75,60
"UX2000-81",75,70
"UX2000-82",75,85
"UX2000-83",70,80
"UX2000-84",90,75
"UX2000-89",75,90
"UX2000-93",75,80
"UX2000-94",90,60
"UX2000-97",90,90
"UX2010-1",90,90
"UX2010-10",80,85
"UX2010-100",100,90
"UX2010-101",100,95
"UX2010-103",95,90
"UX2010-104",90,90
"UX2010-105",95,85
"UX2010-106",80,90
"UX2010-107",80,85
"UX2010-109",85,80
"UX2010-11",85,95
"UX2010-111",95,85
"UX2010-112",85,80
"UX2010-113",75,75
"UX2010-114",95,85
"UX2010-115",80,85
"UX2010-116",80,75
"UX2010-117",90,80
"UX2010-119",90,70
"UX2010-12",95,95
"UX2010-120",95,95
"UX2010-121",65,70
"UX2010-122",90,95
"UX2010-123",80,80
"UX2010-124",90,75
"UX2010-125",75,90
"UX2010-126",90,80
"UX2010-127",85,75
"UX2010-129",90,80
"UX2010-13",75,80
"UX2010-130",115,90
"UX2010-131",100,85
"UX2010-132",95,70
"UX2010-133",85,70
"UX2010-134",80,70
"UX2010-135",80,75
"UX2010-136",85,95
"UX2010-139",95,70
"UX2010-14",85,85
"UX2010-141",90,90
"UX2010-142",90,80
"UX2010-144",90,85
"UX2010-146",90,75
"UX2010-147",90,85
"UX2010-148",80,70
"UX2010-149",80,80
"UX2010-15",85,90
"UX2010-150",80,70
"UX2010-151",100,90
"UX2010-152",80,80
"UX2010-153",80,85
"UX2010-154",95,90
"UX2010-155",90,85
"UX2010-156",90,85
"UX2010-157",85,65
"UX2010-158",85,70
"UX2010-159",85,90
"UX2010-16",90,85
"UX2010-162",95,80
"UX2010-164",80,75
"UX2010-165",95,90
"UX2010-168",80,70
"UX2010-17",85,80
"UX2010-18",90,95
"UX2010-2",85,90
"UX2010-20",85,85
"UX2010-21",100,95
"UX2010-22",85,85
"UX2010-24",80,80
"UX2010-27",95,80
"UX2010-28",80,90
"UX2010-29",80,80
"UX2010-3",105,95
"UX2010-31",75,80
"UX2010-32",90,95
"UX2010-33",95,85
"UX2010-34",85,85
"UX2010-35",70,70
"UX2010-37",80,85
"UX2010-38",95,85
"UX2010-39",80,85
"UX2010-4",80,80
"UX2010-40",95,100
"UX2010-41",90,95
"UX2010-43",80,80
"UX2010-44",80,80
"UX2010-46",85,85
"UX2010-48",90,90
"UX2010-5",90,90
"UX2010-50",85,80
"UX2010-51",90,85
"UX2010-52",90,80
"UX2010-53",80,80
"UX2010-54",80,80
"UX2010-55",85,85
"UX2010-56",90,90
"UX2010-57",90,95
"UX2010-58",80,80
"UX2010-59",85,80
"UX2010-60",80,85
"UX2010-62",90,95
"UX2010-63",100,90
"UX2010-64",85,90
"UX2010-65",100,90
"UX2010-67",95,90
"UX2010-7",90,90
"UX2010-70",100,95
"UX2010-71",90,85
"UX2010-72",85,95
"UX2010-73",95,75
"UX2010-75",100,90
"UX2010-76",105,115
"UX2010-78",95,90
"UX2010-79",80,80
"UX2010-80",90,85
"UX2010-81",95,90
"UX2010-82",85,95
"UX2010-84",100,100
"UX2010-86",75,80
"UX2010-87",90,80
"UX2010-88",90,80
"UX2010-89",85,90
"UX2010-9",95,90
"UX2010-90",85,90
"UX2010-91",90,80
"UX2010-92",85,70
"UX2010-93",70,70
"UX2010-94",90,95
"UX2010-95",95,80
"UX2010-97",110,85
"UX2010-98",80,65
"UX2010-99",90,85
"UX2012-1",100,95
"UX2012-10",90,90
"UX2012-100",85,90
"UX2012-102",95,90
"UX2012-109",90,95
"UX2012-11",80,85
"UX2012-110",85,90
"UX2012-114",90,100
"UX2012-116",90,95
"UX2012-117",90,90
"UX2012-119",90,90
"UX2012-120",95,95
"UX2012-121",80,80
"UX2012-123",85,90
"UX2012-124",80,90
"UX2012-126",95,100
"UX2012-129",85,90
"UX2012-13",80,90
"UX2012-130",80,90
"UX2012-134",70,85
"UX2012-135",85,85
"UX2012-136",85,100
"UX2012-138",80,85
"UX2012-14",85,90
"UX2012-149",85,85
"UX2012-15",80,90
"UX2012-150",85,95
"UX2012-151",80,100
"UX2012-152",95,95
"UX2012-156",90,90
"UX2012-159",80,90
"UX2012-16",100,95
"UX2012-160",105,100
"UX2012-161",90,90
"UX2012-165",95,100
"UX2012-166",80,80
"UX2012-167",80,85
"UX2012-17",95,90
"UX2012-18",95,95
"UX2012-187",80,85
"UX2012-19",85,95
"UX2012-190",95,90
"UX2012-191",95,95
"UX2012-194",80,90
"UX2012-197",95,80
"UX2012-199",90,100
"UX2012-2",90,85
"UX2012-20",80,80
"UX2012-201",85,90
"UX2012-207",85,90
"UX2012-21",90,100
"UX2012-214",85,95
"UX2012-215",75,85
"UX2012-217",85,90
"UX2012-218",90,90
"UX2012-219",95,95
"UX2012-22",85,90
"UX2012-220",75,90
"UX2012-222",90,90
"UX2012-223",85,100
"UX2012-23",85,100
"UX2012-233",100,105
"UX2012-238",85,95
"UX2012-239",75,95
"UX2012-241",85,85
"UX2012-242",80,95
"UX2012-245",80,95
"UX2012-25",80,85
"UX2012-256",75,110
"UX2012-29",85,100
"UX2012-3",80,85
"UX2012-30",105,108
"UX2012-31",95,95
"UX2012-32",105,105
"UX2012-33",85,100
"UX2012-34",100,100
"UX2012-35",90,90
"UX2012-36",90,95
"UX2012-37",75,80
"UX2012-38",85,90
"UX2012-4",95,95
"UX2012-40",90,85
"UX2012-41",85,85
"UX2012-45",100,100
"UX2012-47",90,90
"UX2012-48",80,90
"UX2012-49",80,85
"UX2012-5",80,85
"UX2012-50",90,90
"UX2012-51",90,95
"UX2012-52",85,85
"UX2012-54",85,95
"UX2012-55",95,95
"UX2012-56",85,80
"UX2012-57",85,100
"UX2012-59",90,100
"UX2012-6",82.5,92.5
"UX2012-60",85,85
"UX2012-61",95,100
"UX2012-62",85,90
"UX2012-63",85,85
"UX2012-64",90,105
"UX2012-65",72,85
"UX2012-66",85,90
"UX2012-67",80,100
"UX2012-68",85,85
"UX2012-7",105,90
"UX2012-70",80,100
"UX2012-72",75,85
"UX2012-73",80,85
"UX2012-74",80,90
"UX2012-76",80,85
"UX2012-77",85,95
"UX2012-78",85,90
"UX2012-79",80,90
"UX2012-80",80,80
"UX2012-81",75,70
"UX2012-82",70,85
"UX2012-83",80,85
"UX2012-84",80,90
"UX2012-86",80,90
"UX2012-88",95,90
"UX2012-89",90,95
"UX2012-9",70,85
"UX2012-91",70,80
"UX2012-94",85,85
"UX2012-95",90,100
"UX2012-96",95,90
"UX2012-97",80,85
"UX2012-99",85,90
"UX2013-1",90,105
"UX2013-10",85,100
"UX2013-101",90,90
"UX2013-109",90,110
"UX2013-11",85,85
"UX2013-112",90,95
"UX2013-113",95,85
"UX2013-117",90,90
"UX2013-118",80,85
"UX2013-119",95,100
"UX2013-12",90,105
"UX2013-122",85,95
"UX2013-125",85,90
"UX2013-127",85,100
"UX2013-128",80,95
"UX2013-131",85,95
"UX2013-132",90,95
"UX2013-133",90,100
"UX2013-137",100,100
"UX2013-138",85,90
"UX2013-141",85,75
"UX2013-142",80,95
"UX2013-143",90,80
"UX2013-144",80,85
"UX2013-145",85,90
"UX2013-146",95,88
"UX2013-148",90,90
"UX2013-149",95,85
"UX2013-150",100,85
"UX2013-151",90,80
"UX2013-153",80,75
"UX2013-154",85,75
"UX2013-155",85,90
"UX2013-156",75,85
"UX2013-157",90,95
"UX2013-158",85,90
"UX2013-160",95,90
"UX2013-161",90,90
"UX2013-165",80,100
"UX2013-166",80,90
"UX2013-169",95,95
"UX2013-171",105,105
"UX2013-172",100,95
"UX2013-173",85,90
"UX2013-174",85,90
"UX2013-175",85,100
"UX2013-177",95,90
"UX2013-180",100,105
"UX2013-181",85,90
"UX2013-182",95,90
"UX2013-183",80,90
"UX2013-185",85,90
"UX2013-186",85,95
"UX2013-187",90,90
"UX2013-19",90,95
"UX2013-190",75,85
"UX2013-192",90,95
"UX2013-193",90,90
"UX2013-194",95,85
"UX2013-195",85,90
"UX2013-199",80,85
"UX2013-20",95,75
"UX2013-201",95,90
"UX2013-202",90,85
"UX2013-204",95,100
"UX2013-206",75,80
"UX2013-212",95,80
"UX2013-214",90,85
"UX2013-215",85,80
"UX2013-218",85,95
"UX2013-219",75,80
"UX2013-221",80,90
"UX2013-222",85,95
"UX2013-225",85,80
"UX2013-228",85,85
"UX2013-229",85,95
"UX2013-23",95,100
"UX2013-232",85,90
"UX2013-233",90,90
"UX2013-234",90,85
"UX2013-236",75,85
"UX2013-238",80,85
"UX2013-239",85,85
"UX2013-24",80,95
"UX2013-240",85,85
"UX2013-243",80,80
"UX2013-244",90,75
"UX2013-248",85,95
"UX2013-25",85,85
"UX2013-254",85,85
"UX2013-260",75,75
"UX2013-264",90,85
"UX2013-266",85,90
"UX2013-28",85,100
"UX2013-31",90,85
"UX2013-32",95,100
"UX2013-33",80,95
"UX2013-34",75,85
"UX2013-35",80,95
"UX2013-36",80,85
"UX2013-39",85,90
"UX2013-40",85,90
"UX2013-41",80,105
"UX2013-42",85,105
"UX2013-43",80,95
"UX2013-44",85,100
"UX2013-47",80,90
"UX2013-48",95,100
"UX2013-50",90,95
"UX2013-51",95,85
"UX2013-52",85,90
"UX2013-54",85,90
"UX2013-56",90,85
"UX2013-57",85,90
"UX2013-6",95,100
"UX2013-60",85,95
"UX2013-63",90,95
"UX2013-64",95,105
"UX2013-65",75,95
"UX2013-66",85,90
"UX2013-67",85,95
"UX2013-69",85,90
"UX2013-70",75,85
"UX2013-72",75,85
"UX2013-76",85,100
"UX2013-77",80,100
"UX2013-78",80,90
"UX2013-8",85,95
"UX2013-80",80,95
"UX2013-87",95,100
"UX2013-9",85,95
"UX2023-10",90,85
"UX2023-100",95,95
"UX2023-101",95,95
"UX2023-102",80,85
"UX2023-103",95,75
"UX2023-104",90,100
"UX2023-106",95,85
"UX2023-11",85,80
"UX2023-110",85,85
"UX2023-114",90,80
"UX2023-115",90,85
"UX2023-117",95,95
"UX2023-118",100,100
"UX2023-119",85,85
"UX2023-12",95,90
"UX2023-124",95,95
"UX2023-125",80,80
"UX2023-127",80,75
"UX2023-130",90,95
"UX2023-137",95,90
"UX2023-14",75,85
"UX2023-142",95,85
"UX2023-145",85,90
"UX2023-146",95,90
"UX2023-147",90,90
"UX2023-148",85,90
"UX2023-149",95,85
"UX2023-15",75,80
"UX2023-151",90,90
"UX2023-152",90,80
"UX2023-154",85,95
"UX2023-155",80,75
"UX2023-156",85,100
"UX2023-158",100,95
"UX2023-16",85,80
"UX2023-160",85,85
"UX2023-161",95,85
"UX2023-162",85,100
"UX2023-163",85,90
"UX2023-165",85,80
"UX2023-166",95,100
"UX2023-167",90,90
"UX2023-168",100,95
"UX2023-169",95,90
"UX2023-17",85,95
"UX2023-18",100,100
"UX2023-2",85,85
"UX2023-20",95,77.5
"UX2023-21",95,95
"UX2023-22",100,105
"UX2023-24",100,90
"UX2023-25",70,75
"UX2023-26",75,80
"UX2023-27",85,95
"UX2023-28",95,90
"UX2023-29",80,85
"UX2023-3",85,85
"UX2023-30",85,80
"UX2023-34",90,100
"UX2023-35",95,95
"UX2023-36",90,85
"UX2023-37",70,80
"UX2023-38",85,85
"UX2023-39",95,85
"UX2023-4",90,95
"UX2023-40",85,95
"UX2023-43",95,85
"UX2023-45",95,100
"UX2023-46",95,105
"UX2023-49",80,75
"UX2023-50",100,90
"UX2023-52",85,85
"UX2023-53",100,85
"UX2023-54",80,85
"UX2023-55",100,95
"UX2023-57",85,80
"UX2023-6",90,95
"UX2023-60",80,85
"UX2023-63",80,85
"UX2023-65",85,90
"UX2023-66",95,90
"UX2023-68",90,75
"UX2023-7",90,90
"UX2023-70",90,100
"UX2023-72",80,85
"UX2023-75",85,85
"UX2023-76",90,85
"UX2023-79",85,90
"UX2023-8",80,80
"UX2023-80",90,90
"UX2023-81",85,90
"UX2023-82",90,100
"UX2023-83",95,80
"UX2023-84",85,85
"UX2023-85",90,80
"UX2023-87",90,80
"UX2023-88",80,90
"UX2023-89",90,80
"UX2023-90",90,90
"UX2023-91",80,75
"UX2023-92",100,75
"UX2023-93",90,75
"UX2023-94",90,90
"UX2023-95",105,100
"UX2023-96",90,85
"UX2023-98",80,80
"UX2023-99",90,95
"UX2026-154",90,85
"UX2026-155",85,85
"UX2026-156",85,80
"UX2026-157",80,75
"UX2026-158",80,75
"UX2026-159",80,90
"UX2026-160",85,80
"UX2026-161",90,75
"UX2026-163",85,75
"UX2026-164",85,80
"UX2026-165",85,85
"UX2026-167",95,85
"UX2026-168",80,75
"UX2026-169",80,80
"UX2026-170",90,80
"UX2026-171",90,85
"UX2026-172",75,80
"UX2026-173",80,75
"UX2026-175",85,75
"UX2026-176",90,70
"UX2026-178",75,75
"UX2026-179",85,85
"UX2026-181",90,85
"UX2026-182",85,85
"UX2026-184",100,95
"UX2026-187",70,75
"UX2026-189",95,95
"UX2026-190",85,80
"UX2026-192",90,85
"UX2026-193",95,75
"UX2026-194",80,65
"UX2026-196",85,85
"UX2026-197",80,70
"UX2026-201",80,85
"UX2026-202",75,80
"UX2026-203",80,80
"UX2026-205",75,65
"UX2026-206",90,85
"UX2026-207",85,80
"UX2026-208",85,75
"UX2026-212",85,75
"UX2026-213",75,80
"UX2026-224",90,85
"UX2026-226",85,85
"UX2026-228",85,80
"UX2026-236",85,90
"UX2026-237",85,75
"UX2026-239",85,85
"UX2026-240",90,85
"UX2026-241",80,80
"UX2026-242",95,85
"UX2026-243",80,90
"UX2026-246",85,90
"UX2026-247",85,80
"UX2026-248",90,90
"UX2026-250",85,85
"UX2026-251",85,85
"UX2026-252",90,85
"UX2026-253",70,80
"UX2026-254",90,95
"UX2026-258",87.5,95
"UX2026-262",85,90
"UX2026-265",80,90
"UX2026-270",85,90
"UX2026-271",80,75
"UX2026-277",90,85
"UX2026-278",85,85
"UX2026-281",90,85
"UX2026-284",85,85
"UX2026-285",90,90
"UX2026-286",90,85
"UX2026-290",75,85
"UX2026-291",90,85
"UX2026-292",80,80
"UX2026-293",85,90
"UX2026-299",80,75
"UX2026-300",80,85
"UX2026-309",80,85
"UX2026-311",105,110
"UX2026-314",85,80
"UX2026-315",80,80
"UX2026-316",100,85
"UX2026-317",85,90
"UX2026-318",85,90
"UX2026-319",90,85
"UX2026-320",85,85
"UX2026-321",80,90
"UX2026-323",90,95
"UX2026-324",90,80
"UX2026-325",90,85
"UX2026-326",85,90
"UX2026-327",85,80
"UX2026-328",80,80
"UX2026-329",90,85
"UX2026-331",85,85
"UX2026-332",80,85
"UX2026-333",80,90
"UX2026-334",75,70
"UX2026-335",82.5,80
"UX2026-336",80,80
"UX2026-337",80,85
"UX2026-338",90,85
"UX2026-339",75,75
"UX2026-340",90,85
"UX2026-342",85,85
"UX2026-343",90,85
"UX2026-344",75,70
"UX2026-346",75,80
"UX2026-348",80,85
"UX2026-351",85,95
"UX2026-352",65,65
"UX2026-353",75,80
"UX2026-357",75,75
"UX2026-358",85,75
"UX2026-359",80,80
"UX2026-360",75,85
"UX2026-361",80,70
"UX2026-362",80,80
"UX2026-365",80,85
"UX2026-366",70,80
"UX2026-373",75,85
"UX2026-375",80,70
"UX2026-377",85,85
"UX2026-379",90,80
"UX2026-380",95,90
"UX2026-381",75,80
"UX2026-384",75,75
"UX2026-385",75,80
"UX2026-390",80,75
"UX2029-1",95,90
"UX2029-10",95,75
"UX2029-102",85,70
"UX2029-105",90,80
"UX2029-106",100,70
"UX2029-108",105,85
"UX2029-109",95,100
"UX2029-11",80,70
"UX2029-110",85,80
"UX2029-111",85,70
"UX2029-113",90,75
"UX2029-114",100,95
"UX2029-115",90,85
"UX2029-116",85,65
"UX2029-117",95,75
"UX2029-118",75,60
"UX2029-119",85,80
"UX2029-12",85,65
"UX2029-120",80,65
"UX2029-121",70,60
"UX2029-122",95,95
"UX2029-123",85,60
"UX2029-124",95,80
"UX2029-125",95,75
"UX2029-127",70,60
"UX2029-128",95,85
"UX2029-129",95,80
"UX2029-13",90,70
"UX2029-130",90,75
"UX2029-131",90,80
"UX2029-132",100,90
"UX2029-134",90,70
"UX2029-135",90,85
"UX2029-139",95,80
"UX2029-14",90,80
"UX2029-142",80,85
"UX2029-143",95,80
"UX2029-145",90,85
"UX2029-147",95,80
"UX2029-148",105,90
"UX2029-15",100,85
"UX2029-151",70,65
"UX2029-153",105,85
"UX2029-155",110,85
"UX2029-156",85,80
"UX2029-157",85,80
"UX2029-159",95,75
"UX2029-161",100,90
"UX2029-163",105,90
"UX2029-165",85,90
"UX2029-166",95,85
"UX2029-168",100,95
"UX2029-172",85,80
"UX2029-175",95,100
"UX2029-176",100,80
"UX2029-178",95,90
"UX2029-179",95,70
"UX2029-18",100,85
"UX2029-180",100,75
"UX2029-181",95,95
"UX2029-184",75,70
"UX2029-185",85,85
"UX2029-186",95,75
"UX2029-19",80,60
"UX2029-190",75,75
"UX2029-191",70,65
"UX2029-192",95,85
"UX2029-195",90,90
"UX2029-198",90,75
"UX2029-199",80,75
"UX2029-201",65,70
"UX2029-202",75,75
"UX2029-203",90,85
"UX2029-204",95,90
"UX2029-205",105,95
"UX2029-206",75,70
"UX2029-208",100,85
"UX2029-21",85,88
"UX2029-22",80,70
"UX2029-23",95,80
"UX2029-24",75,75
"UX2029-26",92.5,87.5
"UX2029-28",75,75
"UX2029-29",95,80
"UX2029-3",65,60
"UX2029-30",75,60
"UX2029-31",80,75
"UX2029-32",95,70
"UX2029-33",100,75
"UX2029-34",95,90
"UX2029-35",95,70
"UX2029-36",95,75
"UX2029-37",95,80
"UX2029-38",95,80
"UX2029-39",65,65
"UX2029-4",100,95
"UX2029-41",90,65
"UX2029-42",80,75
"UX2029-43",75,75
"UX2029-44",75,75
"UX2029-45",90,75
"UX2029-46",75,65
"UX2029-47",85,90
"UX2029-48",65,65
"UX2029-49",100,75
"UX2029-5",80,70
"UX2029-50",95,80
"UX2029-51",75,75
"UX2029-53",95,70
"UX2029-54",70,70
"UX2029-55",80,70
"UX2029-56",80,65
"UX2029-57",85,90
"UX2029-58",90,80
"UX2029-6",90,70
"UX2029-60",70,65
"UX2029-61",110,90
"UX2029-62",65,55
"UX2029-63",80,80
"UX2029-65",85,85
"UX2029-66",80,60
"UX2029-68",100,95
"UX2029-69",75,70
"UX2029-70",90,90
"UX2029-71",70,60
"UX2029-72",80,70
"UX2029-73",85,75
"UX2029-75",80,70
"UX2029-76",90,85
"UX2029-77",75,65
"UX2029-79",85,85
"UX2029-80",65,70
"UX2029-81",75,60
"UX2029-82",75,70
"UX2029-83",65,55
"UX2029-85",95,75
"UX2029-87",75,65
"UX2029-88",90,90
"UX2029-89",100,77.5
"UX2029-9",90,75
"UX2029-90",100,85
"UX2029-91",95,80
"UX2029-92",100,85
"UX2029-94",95,80
"UX2029-95",65,60
"UX2029-96",90,80
"UX2029-97",70,60
"UX2029-98",100,80
"UX2029-99",100,90
"UX2031-102",85,90
"UX2031-104",95,95
"UX2031-105",90,80
"UX2031-108",80,75
"UX2031-109",65,75
"UX2031-110",90,95
"UX2031-112",80,70
"UX2031-114",65,75
"UX2031-116",75,70
"UX2031-119",85,85
"UX2031-12",80,85
"UX2031-120",65,75
"UX2031-121",80,80
"UX2031-122",75,70
"UX2031-124",85,85
"UX2031-125",105,95
"UX2031-126",70,65
"UX2031-127",80,85
"UX2031-129",80,90
"UX2031-130",95,85
"UX2031-131",90,85
"UX2031-137",85,95
"UX2031-140",85,85
"UX2031-141",90,85
"UX2031-142",85,85
"UX2031-143",80,85
"UX2031-144",85,85
"UX2031-15",85,90
"UX2031-16",90,85
"UX2031-19",95,85
"UX2031-2",95,85
"UX2031-20",85,90
"UX2031-22",80,90
"UX2031-23",85,90
"UX2031-26",80,90
"UX2031-30",90,80
"UX2031-34",80,65
"UX2031-35",80,80
"UX2031-4",65,70
"UX2031-40",85,85
"UX2031-41",85,85
"UX2031-43",80,80
"UX2031-44",100,100
"UX2031-47",75,85
"UX2031-48",80,75
"UX2031-5",85,95
"UX2031-52",95,90
"UX2031-61",90,95
"UX2031-62",85,95
"UX2031-63",80,85
"UX2031-64",85,85
"UX2031-66",80,80
"UX2031-67",95,80
"UX2031-68",75,80
"UX2031-69",85,85
"UX2031-7",70,80
"UX2031-72",85,85
"UX2031-74",75,75
"UX2031-75",80,75
"UX2031-76",80,95
"UX2031-77",80,90
"UX2031-79",65,70
"UX2031-80",80,80
"UX2031-81",85,80
"UX2031-82",65,70
"UX2031-83",65,70
"UX2031-86",85,80
"UX2031-87",75,75
"UX2031-88",75,75
"UX2031-92",70,75
"UX2031-94",70,80
"UX2031-97",85,85
