"Entry","Cross_ID"
"AGS2000","Parent"
"ARGA051160-14LE31","Parent"
"GA001138-8E36","Parent"
"GA00190-7A14","Parent"
"GA05450-EL52","Parent"
"GA06493-13LE6","Parent"
"Hilliard","Parent"
"LA09264C-P2","Parent"
"MPV57","Parent"
"NC08-23383","Parent"
"NC8248-1","Parent"
"SS8641","Parent"
"TX12D4896","Parent"
"UX1989-1","UX1989"
"UX1989-10","UX1989"
"UX1989-100","UX1989"
"UX1989-102","UX1989"
"UX1989-103","UX1989"
"UX1989-104","UX1989"
"UX1989-106","UX1989"
"UX1989-107","UX1989"
"UX1989-108","UX1989"
"UX1989-109","UX1989"
"UX1989-110","UX1989"
"UX1989-111","UX1989"
"UX1989-112","UX1989"
"UX1989-113","UX1989"
"UX1989-114","UX1989"
"UX1989-115","UX1989"
"UX1989-116","UX1989"
"UX1989-117","UX1989"
"UX1989-118","UX1989"
"UX1989-119","UX1989"
"UX1989-12","UX1989"
"UX1989-122","UX1989"
"UX1989-123","UX1989"
"UX1989-125","UX1989"
"UX1989-126","UX1989"
"UX1989-128","UX1989"
"UX1989-129","UX1989"
"UX1989-13","UX1989"
"UX1989-131","UX1989"
"UX1989-132","UX1989"
"UX1989-133","UX1989"
"UX1989-134","UX1989"
"UX1989-135","UX1989"
"UX1989-136","UX1989"
"UX1989-137","UX1989"
"UX1989-138","UX1989"
"UX1989-139","UX1989"
"UX1989-14","UX1989"
"UX1989-140","UX1989"
"UX1989-141","UX1989"
"UX1989-142","UX1989"
"UX1989-143","UX1989"
"UX1989-144","UX1989"
"UX1989-146","UX1989"
"UX1989-147","UX1989"
"UX1989-148","UX1989"
"UX1989-15","UX1989"
"UX1989-16","UX1989"
"UX1989-17","UX1989"
"UX1989-18","UX1989"
"UX1989-19","UX1989"
"UX1989-2","UX1989"
"UX1989-20","UX1989"
"UX1989-21","UX1989"
"UX1989-22","UX1989"
"UX1989-23","UX1989"
"UX1989-24","UX1989"
"UX1989-25","UX1989"
"UX1989-26","UX1989"
"UX1989-27","UX1989"
"UX1989-28","UX1989"
"UX1989-29","UX1989"
"UX1989-3","UX1989"
"UX1989-30","UX1989"
"UX1989-31","UX1989"
"UX1989-32","UX1989"
"UX1989-33","UX1989"
"UX1989-34","UX1989"
"UX1989-35","UX1989"
"UX1989-37","UX1989"
"UX1989-38","UX1989"
"UX1989-39","UX1989"
"UX1989-4","UX1989"
"UX1989-40","UX1989"
"UX1989-41","UX1989"
"UX1989-42","UX1989"
"UX1989-43","UX1989"
"UX1989-44","UX1989"
"UX1989-45","UX1989"
"UX1989-46","UX1989"
"UX1989-47","UX1989"
"UX1989-48","UX1989"
"UX1989-49","UX1989"
"UX1989-5","UX1989"
"UX1989-50","UX1989"
"UX1989-51","UX1989"
"UX1989-52","UX1989"
"UX1989-53","UX1989"
"UX1989-54","UX1989"
"UX1989-55","UX1989"
"UX1989-57","UX1989"
"UX1989-59","UX1989"
"UX1989-6","UX1989"
"UX1989-60","UX1989"
"UX1989-61","UX1989"
"UX1989-62","UX1989"
"UX1989-63","UX1989"
"UX1989-64","UX1989"
"UX1989-65","UX1989"
"UX1989-66","UX1989"
"UX1989-67","UX1989"
"UX1989-68","UX1989"
"UX1989-69","UX1989"
"UX1989-7","UX1989"
"UX1989-70","UX1989"
"UX1989-72","UX1989"
"UX1989-74","UX1989"
"UX1989-76","UX1989"
"UX1989-78","UX1989"
"UX1989-8","UX1989"
"UX1989-80","UX1989"
"UX1989-81","UX1989"
"UX1989-82","UX1989"
"UX1989-83","UX1989"
"UX1989-84","UX1989"
"UX1989-85","UX1989"
"UX1989-86","UX1989"
"UX1989-87","UX1989"
"UX1989-88","UX1989"
"UX1989-89","UX1989"
"UX1989-9","UX1989"
"UX1989-90","UX1989"
"UX1989-91","UX1989"
"UX1989-92","UX1989"
"UX1989-93","UX1989"
"UX1989-94","UX1989"
"UX1989-95","UX1989"
"UX1989-96","UX1989"
"UX1989-98","UX1989"
"UX1989-99","UX1989"
"UX1991-1","UX1991"
"UX1991-10","UX1991"
"UX1991-100","UX1991"
"UX1991-101","UX1991"
"UX1991-103","UX1991"
"UX1991-109","UX1991"
"UX1991-11","UX1991"
"UX1991-110","UX1991"
"UX1991-111","UX1991"
"UX1991-113","UX1991"
"UX1991-114","UX1991"
"UX1991-115","UX1991"
"UX1991-117","UX1991"
"UX1991-12","UX1991"
"UX1991-122","UX1991"
"UX1991-124","UX1991"
"UX1991-125","UX1991"
"UX1991-129","UX1991"
"UX1991-13","UX1991"
"UX1991-131","UX1991"
"UX1991-132","UX1991"
"UX1991-134","UX1991"
"UX1991-137","UX1991"
"UX1991-139","UX1991"
"UX1991-14","UX1991"
"UX1991-141","UX1991"
"UX1991-142","UX1991"
"UX1991-143","UX1991"
"UX1991-144","UX1991"
"UX1991-145","UX1991"
"UX1991-146","UX1991"
"UX1991-147","UX1991"
"UX1991-148","UX1991"
"UX1991-149","UX1991"
"UX1991-151","UX1991"
"UX1991-152","UX1991"
"UX1991-153","UX1991"
"UX1991-155","UX1991"
"UX1991-156","UX1991"
"UX1991-158","UX1991"
"UX1991-159","UX1991"
"UX1991-160","UX1991"
"UX1991-165","UX1991"
"UX1991-166","UX1991"
"UX1991-169","UX1991"
"UX1991-17","UX1991"
"UX1991-170","UX1991"
"UX1991-171","UX1991"
"UX1991-173","UX1991"
"UX1991-174","UX1991"
"UX1991-175","UX1991"
"UX1991-177","UX1991"
"UX1991-178","UX1991"
"UX1991-179","UX1991"
"UX1991-18","UX1991"
"UX1991-180","UX1991"
"UX1991-181","UX1991"
"UX1991-182","UX1991"
"UX1991-188","UX1991"
"UX1991-19","UX1991"
"UX1991-196","UX1991"
"UX1991-199","UX1991"
"UX1991-2","UX1991"
"UX1991-20","UX1991"
"UX1991-200","UX1991"
"UX1991-201","UX1991"
"UX1991-202","UX1991"
"UX1991-203","UX1991"
"UX1991-204","UX1991"
"UX1991-21","UX1991"
"UX1991-22","UX1991"
"UX1991-23","UX1991"
"UX1991-25","UX1991"
"UX1991-29","UX1991"
"UX1991-3","UX1991"
"UX1991-30","UX1991"
"UX1991-34","UX1991"
"UX1991-35","UX1991"
"UX1991-36","UX1991"
"UX1991-37","UX1991"
"UX1991-38","UX1991"
"UX1991-4","UX1991"
"UX1991-41","UX1991"
"UX1991-42","UX1991"
"UX1991-43","UX1991"
"UX1991-44","UX1991"
"UX1991-47","UX1991"
"UX1991-48","UX1991"
"UX1991-5","UX1991"
"UX1991-51","UX1991"
"UX1991-52","UX1991"
"UX1991-53","UX1991"
"UX1991-55","UX1991"
"UX1991-58","UX1991"
"UX1991-59","UX1991"
"UX1991-6","UX1991"
"UX1991-60","UX1991"
"UX1991-62","UX1991"
"UX1991-63","UX1991"
"UX1991-64","UX1991"
"UX1991-67","UX1991"
"UX1991-69","UX1991"
"UX1991-7","UX1991"
"UX1991-70","UX1991"
"UX1991-71","UX1991"
"UX1991-72","UX1991"
"UX1991-73","UX1991"
"UX1991-74","UX1991"
"UX1991-75","UX1991"
"UX1991-78","UX1991"
"UX1991-79","UX1991"
"UX1991-8","UX1991"
"UX1991-80","UX1991"
"UX1991-81","UX1991"
"UX1991-82","UX1991"
"UX1991-83","UX1991"
"UX1991-84","UX1991"
"UX1991-85","UX1991"
"UX1991-86","UX1991"
"UX1991-87","UX1991"
"UX1991-89","UX1991"
"UX1991-9","UX1991"
"UX1991-90","UX1991"
"UX1991-91","UX1991"
"UX1991-92","UX1991"
"UX1991-93","UX1991"
"UX1991-97","UX1991"
"UX1991-98","UX1991"
"UX1991-99","UX1991"
"UX1992-10","UX1992"
"UX1992-100","UX1992"
"UX1992-101","UX1992"
"UX1992-102","UX1992"
"UX1992-106","UX1992"
"UX1992-110","UX1992"
"UX1992-114","UX1992"
"UX1992-116","UX1992"
"UX1992-117","UX1992"
"UX1992-118","UX1992"
"UX1992-119","UX1992"
"UX1992-121","UX1992"
"UX1992-124","UX1992"
"UX1992-125","UX1992"
"UX1992-126","UX1992"
"UX1992-129","UX1992"
"UX1992-132","UX1992"
"UX1992-134","UX1992"
"UX1992-135","UX1992"
"UX1992-137","UX1992"
"UX1992-140","UX1992"
"UX1992-144","UX1992"
"UX1992-146","UX1992"
"UX1992-147","UX1992"
"UX1992-149","UX1992"
"UX1992-153","UX1992"
"UX1992-154","UX1992"
"UX1992-157","UX1992"
"UX1992-159","UX1992"
"UX1992-160","UX1992"
"UX1992-161","UX1992"
"UX1992-162","UX1992"
"UX1992-163","UX1992"
"UX1992-165","UX1992"
"UX1992-166","UX1992"
"UX1992-167","UX1992"
"UX1992-170","UX1992"
"UX1992-171","UX1992"
"UX1992-173","UX1992"
"UX1992-174","UX1992"
"UX1992-175","UX1992"
"UX1992-180","UX1992"
"UX1992-181","UX1992"
"UX1992-182","UX1992"
"UX1992-190","UX1992"
"UX1992-193","UX1992"
"UX1992-194","UX1992"
"UX1992-195","UX1992"
"UX1992-196","UX1992"
"UX1992-197","UX1992"
"UX1992-20","UX1992"
"UX1992-201","UX1992"
"UX1992-203","UX1992"
"UX1992-207","UX1992"
"UX1992-217","UX1992"
"UX1992-218","UX1992"
"UX1992-219","UX1992"
"UX1992-22","UX1992"
"UX1992-222","UX1992"
"UX1992-223","UX1992"
"UX1992-224","UX1992"
"UX1992-225","UX1992"
"UX1992-226","UX1992"
"UX1992-228","UX1992"
"UX1992-231","UX1992"
"UX1992-232","UX1992"
"UX1992-239","UX1992"
"UX1992-24","UX1992"
"UX1992-241","UX1992"
"UX1992-242","UX1992"
"UX1992-275","UX1992"
"UX1992-276","UX1992"
"UX1992-281","UX1992"
"UX1992-282","UX1992"
"UX1992-286","UX1992"
"UX1992-287","UX1992"
"UX1992-289","UX1992"
"UX1992-29","UX1992"
"UX1992-292","UX1992"
"UX1992-293","UX1992"
"UX1992-295","UX1992"
"UX1992-296","UX1992"
"UX1992-3","UX1992"
"UX1992-302","UX1992"
"UX1992-303","UX1992"
"UX1992-306","UX1992"
"UX1992-308","UX1992"
"UX1992-310","UX1992"
"UX1992-312","UX1992"
"UX1992-314","UX1992"
"UX1992-315","UX1992"
"UX1992-317","UX1992"
"UX1992-32","UX1992"
"UX1992-322","UX1992"
"UX1992-323","UX1992"
"UX1992-327","UX1992"
"UX1992-33","UX1992"
"UX1992-331","UX1992"
"UX1992-336","UX1992"
"UX1992-337","UX1992"
"UX1992-34","UX1992"
"UX1992-35","UX1992"
"UX1992-36","UX1992"
"UX1992-38","UX1992"
"UX1992-39","UX1992"
"UX1992-45","UX1992"
"UX1992-48","UX1992"
"UX1992-49","UX1992"
"UX1992-5","UX1992"
"UX1992-54","UX1992"
"UX1992-55","UX1992"
"UX1992-59","UX1992"
"UX1992-6","UX1992"
"UX1992-63","UX1992"
"UX1992-69","UX1992"
"UX1992-70","UX1992"
"UX1992-72","UX1992"
"UX1992-73","UX1992"
"UX1992-74","UX1992"
"UX1992-78","UX1992"
"UX1992-80","UX1992"
"UX1992-81","UX1992"
"UX1992-82","UX1992"
"UX1992-87","UX1992"
"UX1992-9","UX1992"
"UX1992-90","UX1992"
"UX1992-93","UX1992"
"UX1992-98","UX1992"
"UX1993-1","UX1993"
"UX1993-10","UX1993"
"UX1993-100","UX1993"
"UX1993-101","UX1993"
"UX1993-102","UX1993"
"UX1993-103","UX1993"
"UX1993-104","UX1993"
"UX1993-105","UX1993"
"UX1993-106","UX1993"
"UX1993-112","UX1993"
"UX1993-113","UX1993"
"UX1993-114","UX1993"
"UX1993-115","UX1993"
"UX1993-118","UX1993"
"UX1993-119","UX1993"
"UX1993-122","UX1993"
"UX1993-127","UX1993"
"UX1993-131","UX1993"
"UX1993-133","UX1993"
"UX1993-135","UX1993"
"UX1993-137","UX1993"
"UX1993-139","UX1993"
"UX1993-14","UX1993"
"UX1993-140","UX1993"
"UX1993-142","UX1993"
"UX1993-150","UX1993"
"UX1993-154","UX1993"
"UX1993-155","UX1993"
"UX1993-156","UX1993"
"UX1993-159","UX1993"
"UX1993-16","UX1993"
"UX1993-161","UX1993"
"UX1993-163","UX1993"
"UX1993-164","UX1993"
"UX1993-17","UX1993"
"UX1993-170","UX1993"
"UX1993-172","UX1993"
"UX1993-173","UX1993"
"UX1993-174","UX1993"
"UX1993-175","UX1993"
"UX1993-177","UX1993"
"UX1993-18","UX1993"
"UX1993-180","UX1993"
"UX1993-186","UX1993"
"UX1993-188","UX1993"
"UX1993-189","UX1993"
"UX1993-19","UX1993"
"UX1993-191","UX1993"
"UX1993-192","UX1993"
"UX1993-193","UX1993"
"UX1993-197","UX1993"
"UX1993-2","UX1993"
"UX1993-21","UX1993"
"UX1993-23","UX1993"
"UX1993-24","UX1993"
"UX1993-25","UX1993"
"UX1993-26","UX1993"
"UX1993-28","UX1993"
"UX1993-29","UX1993"
"UX1993-3","UX1993"
"UX1993-30","UX1993"
"UX1993-31","UX1993"
"UX1993-32","UX1993"
"UX1993-33","UX1993"
"UX1993-34","UX1993"
"UX1993-35","UX1993"
"UX1993-37","UX1993"
"UX1993-38","UX1993"
"UX1993-4","UX1993"
"UX1993-40","UX1993"
"UX1993-41","UX1993"
"UX1993-42","UX1993"
"UX1993-43","UX1993"
"UX1993-44","UX1993"
"UX1993-45","UX1993"
"UX1993-46","UX1993"
"UX1993-47","UX1993"
"UX1993-48","UX1993"
"UX1993-49","UX1993"
"UX1993-5","UX1993"
"UX1993-50","UX1993"
"UX1993-51","UX1993"
"UX1993-52","UX1993"
"UX1993-55","UX1993"
"UX1993-56","UX1993"
"UX1993-57","UX1993"
"UX1993-59","UX1993"
"UX1993-6","UX1993"
"UX1993-60","UX1993"
"UX1993-61","UX1993"
"UX1993-62","UX1993"
"UX1993-63","UX1993"
"UX1993-65","UX1993"
"UX1993-66","UX1993"
"UX1993-67","UX1993"
"UX1993-68","UX1993"
"UX1993-69","UX1993"
"UX1993-7","UX1993"
"UX1993-70","UX1993"
"UX1993-71","UX1993"
"UX1993-72","UX1993"
"UX1993-73","UX1993"
"UX1993-74","UX1993"
"UX1993-75","UX1993"
"UX1993-76","UX1993"
"UX1993-77","UX1993"
"UX1993-78","UX1993"
"UX1993-79","UX1993"
"UX1993-8","UX1993"
"UX1993-80","UX1993"
"UX1993-82","UX1993"
"UX1993-83","UX1993"
"UX1993-85","UX1993"
"UX1993-86","UX1993"
"UX1993-87","UX1993"
"UX1993-88","UX1993"
"UX1993-9","UX1993"
"UX1993-90","UX1993"
"UX1993-91","UX1993"
"UX1993-92","UX1993"
"UX1993-93","UX1993"
"UX1993-94","UX1993"
"UX1993-95","UX1993"
"UX1993-96","UX1993"
"UX1993-97","UX1993"
"UX1993-98","UX1993"
"UX1993-99","UX1993"
"UX1994-10","UX1994"
"UX1994-100","UX1994"
"UX1994-101","UX1994"
"UX1994-103","UX1994"
"UX1994-104","UX1994"
"UX1994-105","UX1994"
"UX1994-106","UX1994"
"UX1994-108","UX1994"
"UX1994-109","UX1994"
"UX1994-11","UX1994"
"UX1994-111","UX1994"
"UX1994-113","UX1994"
"UX1994-114","UX1994"
"UX1994-115","UX1994"
"UX1994-116","UX1994"
"UX1994-120","UX1994"
"UX1994-121","UX1994"
"UX1994-122","UX1994"
"UX1994-123","UX1994"
"UX1994-124","UX1994"
"UX1994-125","UX1994"
"UX1994-127","UX1994"
"UX1994-128","UX1994"
"UX1994-129","UX1994"
"UX1994-13","UX1994"
"UX1994-130","UX1994"
"UX1994-131","UX1994"
"UX1994-132","UX1994"
"UX1994-133","UX1994"
"UX1994-134","UX1994"
"UX1994-135","UX1994"
"UX1994-136","UX1994"
"UX1994-137","UX1994"
"UX1994-138","UX1994"
"UX1994-139","UX1994"
"UX1994-14","UX1994"
"UX1994-140","UX1994"
"UX1994-150","UX1994"
"UX1994-152","UX1994"
"UX1994-153","UX1994"
"UX1994-155","UX1994"
"UX1994-158","UX1994"
"UX1994-159","UX1994"
"UX1994-16","UX1994"
"UX1994-163","UX1994"
"UX1994-168","UX1994"
"UX1994-17","UX1994"
"UX1994-171","UX1994"
"UX1994-173","UX1994"
"UX1994-174","UX1994"
"UX1994-177","UX1994"
"UX1994-178","UX1994"
"UX1994-18","UX1994"
"UX1994-180","UX1994"
"UX1994-181","UX1994"
"UX1994-183","UX1994"
"UX1994-184","UX1994"
"UX1994-185","UX1994"
"UX1994-188","UX1994"
"UX1994-19","UX1994"
"UX1994-191","UX1994"
"UX1994-192","UX1994"
"UX1994-195","UX1994"
"UX1994-196","UX1994"
"UX1994-198","UX1994"
"UX1994-199","UX1994"
"UX1994-20","UX1994"
"UX1994-201","UX1994"
"UX1994-202","UX1994"
"UX1994-205","UX1994"
"UX1994-207","UX1994"
"UX1994-208","UX1994"
"UX1994-210","UX1994"
"UX1994-211","UX1994"
"UX1994-214","UX1994"
"UX1994-218","UX1994"
"UX1994-22","UX1994"
"UX1994-24","UX1994"
"UX1994-25","UX1994"
"UX1994-26","UX1994"
"UX1994-27","UX1994"
"UX1994-29","UX1994"
"UX1994-3","UX1994"
"UX1994-31","UX1994"
"UX1994-32","UX1994"
"UX1994-33","UX1994"
"UX1994-34","UX1994"
"UX1994-35","UX1994"
"UX1994-36","UX1994"
"UX1994-37","UX1994"
"UX1994-38","UX1994"
"UX1994-41","UX1994"
"UX1994-42","UX1994"
"UX1994-43","UX1994"
"UX1994-46","UX1994"
"UX1994-47","UX1994"
"UX1994-48","UX1994"
"UX1994-49","UX1994"
"UX1994-50","UX1994"
"UX1994-51","UX1994"
"UX1994-52","UX1994"
"UX1994-53","UX1994"
"UX1994-54","UX1994"
"UX1994-56","UX1994"
"UX1994-58","UX1994"
"UX1994-59","UX1994"
"UX1994-61","UX1994"
"UX1994-62","UX1994"
"UX1994-63","UX1994"
"UX1994-64","UX1994"
"UX1994-65","UX1994"
"UX1994-66","UX1994"
"UX1994-67","UX1994"
"UX1994-68","UX1994"
"UX1994-69","UX1994"
"UX1994-70","UX1994"
"UX1994-71","UX1994"
"UX1994-72","UX1994"
"UX1994-73","UX1994"
"UX1994-74","UX1994"
"UX1994-75","UX1994"
"UX1994-76","UX1994"
"UX1994-77","UX1994"
"UX1994-79","UX1994"
"UX1994-8","UX1994"
"UX1994-80","UX1994"
"UX1994-81","UX1994"
"UX1994-83","UX1994"
"UX1994-86","UX1994"
"UX1994-87","UX1994"
"UX1994-9","UX1994"
"UX1994-90","UX1994"
"UX1994-91","UX1994"
"UX1994-93","UX1994"
"UX1994-94","UX1994"
"UX1994-96","UX1994"
"UX1994-97","UX1994"
"UX1994-98","UX1994"
"UX1994-99","UX1994"
"UX1995-1","UX1995"
"UX1995-10","UX1995"
"UX1995-100","UX1995"
"UX1995-101","UX1995"
"UX1995-104","UX1995"
"UX1995-105","UX1995"
"UX1995-106","UX1995"
"UX1995-107","UX1995"
"UX1995-109","UX1995"
"UX1995-11","UX1995"
"UX1995-110","UX1995"
"UX1995-112","UX1995"
"UX1995-113","UX1995"
"UX1995-114","UX1995"
"UX1995-115","UX1995"
"UX1995-117","UX1995"
"UX1995-121","UX1995"
"UX1995-123","UX1995"
"UX1995-127","UX1995"
"UX1995-128","UX1995"
"UX1995-129","UX1995"
"UX1995-13","UX1995"
"UX1995-130","UX1995"
"UX1995-131","UX1995"
"UX1995-132","UX1995"
"UX1995-135","UX1995"
"UX1995-136","UX1995"
"UX1995-137","UX1995"
"UX1995-139","UX1995"
"UX1995-140","UX1995"
"UX1995-141","UX1995"
"UX1995-142","UX1995"
"UX1995-144","UX1995"
"UX1995-145","UX1995"
"UX1995-147","UX1995"
"UX1995-149","UX1995"
"UX1995-15","UX1995"
"UX1995-150","UX1995"
"UX1995-152","UX1995"
"UX1995-153","UX1995"
"UX1995-156","UX1995"
"UX1995-157","UX1995"
"UX1995-159","UX1995"
"UX1995-160","UX1995"
"UX1995-161","UX1995"
"UX1995-162","UX1995"
"UX1995-163","UX1995"
"UX1995-164","UX1995"
"UX1995-165","UX1995"
"UX1995-167","UX1995"
"UX1995-168","UX1995"
"UX1995-169","UX1995"
"UX1995-170","UX1995"
"UX1995-171","UX1995"
"UX1995-172","UX1995"
"UX1995-174","UX1995"
"UX1995-175","UX1995"
"UX1995-177","UX1995"
"UX1995-179","UX1995"
"UX1995-180","UX1995"
"UX1995-181","UX1995"
"UX1995-182","UX1995"
"UX1995-183","UX1995"
"UX1995-184","UX1995"
"UX1995-186","UX1995"
"UX1995-188","UX1995"
"UX1995-189","UX1995"
"UX1995-190","UX1995"
"UX1995-192","UX1995"
"UX1995-195","UX1995"
"UX1995-196","UX1995"
"UX1995-197","UX1995"
"UX1995-198","UX1995"
"UX1995-199","UX1995"
"UX1995-2","UX1995"
"UX1995-20","UX1995"
"UX1995-200","UX1995"
"UX1995-201","UX1995"
"UX1995-204","UX1995"
"UX1995-208","UX1995"
"UX1995-212","UX1995"
"UX1995-213","UX1995"
"UX1995-214","UX1995"
"UX1995-216","UX1995"
"UX1995-22","UX1995"
"UX1995-23","UX1995"
"UX1995-25","UX1995"
"UX1995-26","UX1995"
"UX1995-27","UX1995"
"UX1995-28","UX1995"
"UX1995-3","UX1995"
"UX1995-33","UX1995"
"UX1995-35","UX1995"
"UX1995-39","UX1995"
"UX1995-4","UX1995"
"UX1995-40","UX1995"
"UX1995-41","UX1995"
"UX1995-42","UX1995"
"UX1995-43","UX1995"
"UX1995-45","UX1995"
"UX1995-46","UX1995"
"UX1995-48","UX1995"
"UX1995-49","UX1995"
"UX1995-51","UX1995"
"UX1995-52","UX1995"
"UX1995-53","UX1995"
"UX1995-54","UX1995"
"UX1995-59","UX1995"
"UX1995-6","UX1995"
"UX1995-62","UX1995"
"UX1995-63","UX1995"
"UX1995-64","UX1995"
"UX1995-65","UX1995"
"UX1995-66","UX1995"
"UX1995-68","UX1995"
"UX1995-7","UX1995"
"UX1995-70","UX1995"
"UX1995-79","UX1995"
"UX1995-80","UX1995"
"UX1995-81","UX1995"
"UX1995-82","UX1995"
"UX1995-85","UX1995"
"UX1995-87","UX1995"
"UX1995-89","UX1995"
"UX1995-9","UX1995"
"UX1995-90","UX1995"
"UX1995-91","UX1995"
"UX1995-96","UX1995"
"UX1995-99","UX1995"
"UX1997-1","UX1997"
"UX1997-10","UX1997"
"UX1997-101","UX1997"
"UX1997-102","UX1997"
"UX1997-103","UX1997"
"UX1997-105","UX1997"
"UX1997-106","UX1997"
"UX1997-107","UX1997"
"UX1997-109","UX1997"
"UX1997-11","UX1997"
"UX1997-110","UX1997"
"UX1997-111","UX1997"
"UX1997-113","UX1997"
"UX1997-114","UX1997"
"UX1997-115","UX1997"
"UX1997-116","UX1997"
"UX1997-119","UX1997"
"UX1997-12","UX1997"
"UX1997-121","UX1997"
"UX1997-122","UX1997"
"UX1997-123","UX1997"
"UX1997-124","UX1997"
"UX1997-125","UX1997"
"UX1997-126","UX1997"
"UX1997-127","UX1997"
"UX1997-129","UX1997"
"UX1997-13","UX1997"
"UX1997-130","UX1997"
"UX1997-131","UX1997"
"UX1997-132","UX1997"
"UX1997-133","UX1997"
"UX1997-134","UX1997"
"UX1997-135","UX1997"
"UX1997-136","UX1997"
"UX1997-137","UX1997"
"UX1997-138","UX1997"
"UX1997-139","UX1997"
"UX1997-14","UX1997"
"UX1997-140","UX1997"
"UX1997-141","UX1997"
"UX1997-142","UX1997"
"UX1997-143","UX1997"
"UX1997-144","UX1997"
"UX1997-146","UX1997"
"UX1997-147","UX1997"
"UX1997-148","UX1997"
"UX1997-149","UX1997"
"UX1997-15","UX1997"
"UX1997-16","UX1997"
"UX1997-17","UX1997"
"UX1997-18","UX1997"
"UX1997-19","UX1997"
"UX1997-2","UX1997"
"UX1997-20","UX1997"
"UX1997-21","UX1997"
"UX1997-22","UX1997"
"UX1997-23","UX1997"
"UX1997-24","UX1997"
"UX1997-25","UX1997"
"UX1997-26","UX1997"
"UX1997-27","UX1997"
"UX1997-28","UX1997"
"UX1997-29","UX1997"
"UX1997-3","UX1997"
"UX1997-30","UX1997"
"UX1997-32","UX1997"
"UX1997-33","UX1997"
"UX1997-34","UX1997"
"UX1997-35","UX1997"
"UX1997-36","UX1997"
"UX1997-37","UX1997"
"UX1997-38","UX1997"
"UX1997-39","UX1997"
"UX1997-4","UX1997"
"UX1997-5","UX1997"
"UX1997-50","UX1997"
"UX1997-51","UX1997"
"UX1997-52","UX1997"
"UX1997-53","UX1997"
"UX1997-54","UX1997"
"UX1997-55","UX1997"
"UX1997-56","UX1997"
"UX1997-58","UX1997"
"UX1997-59","UX1997"
"UX1997-6","UX1997"
"UX1997-60","UX1997"
"UX1997-61","UX1997"
"UX1997-62","UX1997"
"UX1997-63","UX1997"
"UX1997-64","UX1997"
"UX1997-65","UX1997"
"UX1997-67","UX1997"
"UX1997-68","UX1997"
"UX1997-69","UX1997"
"UX1997-7","UX1997"
"UX1997-70","UX1997"
"UX1997-71","UX1997"
"UX1997-72","UX1997"
"UX1997-73","UX1997"
"UX1997-74","UX1997"
"UX1997-75","UX1997"
"UX1997-76","UX1997"
"UX1997-77","UX1997"
"UX1997-78","UX1997"
"UX1997-79","UX1997"
"UX1997-8","UX1997"
"UX1997-80","UX1997"
"UX1997-81","UX1997"
"UX1997-82","UX1997"
"UX1997-83","UX1997"
"UX1997-84","UX1997"
"UX1997-85","UX1997"
"UX1997-86","UX1997"
"UX1997-87","UX1997"
"UX1997-89","UX1997"
"UX1997-9","UX1997"
"UX1997-90","UX1997"
"UX1997-91","UX1997"
"UX1997-94","UX1997"
"UX1997-97","UX1997"
"UX1997-98","UX1997"
"UX1997-99","UX1997"
"UX1999-1","UX1999"
"UX1999-10","UX1999"
"UX1999-12","UX1999"
"UX1999-13","UX1999"
"UX1999-14","UX1999"
"UX1999-15","UX1999"
"UX1999-18","UX1999"
"UX1999-2","UX1999"
"UX1999-20","UX1999"
"UX1999-26","UX1999"
"UX1999-27","UX1999"
"UX1999-29","UX1999"
"UX1999-32","UX1999"
"UX1999-33","UX1999"
"UX1999-35","UX1999"
"UX1999-36","UX1999"
"UX1999-37","UX1999"
"UX1999-38","UX1999"
"UX1999-39","UX1999"
"UX1999-4","UX1999"
"UX1999-40","UX1999"
"UX1999-42","UX1999"
"UX1999-44","UX1999"
"UX1999-45","UX1999"
"UX1999-46","UX1999"
"UX1999-47","UX1999"
"UX1999-48","UX1999"
"UX1999-5","UX1999"
"UX1999-50","UX1999"
"UX1999-51","UX1999"
"UX1999-54","UX1999"
"UX1999-55","UX1999"
"UX1999-56","UX1999"
"UX1999-57","UX1999"
"UX1999-58","UX1999"
"UX1999-59","UX1999"
"UX1999-6","UX1999"
"UX1999-60","UX1999"
"UX1999-64","UX1999"
"UX1999-66","UX1999"
"UX1999-67","UX1999"
"UX1999-68","UX1999"
"UX1999-69","UX1999"
"UX1999-70","UX1999"
"UX1999-71","UX1999"
"UX1999-72","UX1999"
"UX1999-73","UX1999"
"UX1999-75","UX1999"
"UX1999-76","UX1999"
"UX1999-77","UX1999"
"UX1999-78","UX1999"
"UX1999-79","UX1999"
"UX1999-80","UX1999"
"UX1999-84","UX1999"
"UX1999-85","UX1999"
"UX1999-86","UX1999"
"UX1999-88","UX1999"
"UX1999-89","UX1999"
"UX1999-9","UX1999"
"UX2000-1","UX2000"
"UX2000-10","UX2000"
"UX2000-100","UX2000"
"UX2000-101","UX2000"
"UX2000-102","UX2000"
"UX2000-103","UX2000"
"UX2000-105","UX2000"
"UX2000-107","UX2000"
"UX2000-109","UX2000"
"UX2000-11","UX2000"
"UX2000-110","UX2000"
"UX2000-111","UX2000"
"UX2000-114","UX2000"
"UX2000-115","UX2000"
"UX2000-116","UX2000"
"UX2000-118","UX2000"
"UX2000-119","UX2000"
"UX2000-12","UX2000"
"UX2000-121","UX2000"
"UX2000-122","UX2000"
"UX2000-123","UX2000"
"UX2000-13","UX2000"
"UX2000-131","UX2000"
"UX2000-133","UX2000"
"UX2000-134","UX2000"
"UX2000-135","UX2000"
"UX2000-136","UX2000"
"UX2000-137","UX2000"
"UX2000-139","UX2000"
"UX2000-140","UX2000"
"UX2000-143","UX2000"
"UX2000-144","UX2000"
"UX2000-145","UX2000"
"UX2000-148","UX2000"
"UX2000-15","UX2000"
"UX2000-151","UX2000"
"UX2000-16","UX2000"
"UX2000-160","UX2000"
"UX2000-161","UX2000"
"UX2000-162","UX2000"
"UX2000-163","UX2000"
"UX2000-164","UX2000"
"UX2000-165","UX2000"
"UX2000-167","UX2000"
"UX2000-168","UX2000"
"UX2000-17","UX2000"
"UX2000-171","UX2000"
"UX2000-173","UX2000"
"UX2000-174","UX2000"
"UX2000-175","UX2000"
"UX2000-176","UX2000"
"UX2000-177","UX2000"
"UX2000-178","UX2000"
"UX2000-18","UX2000"
"UX2000-180","UX2000"
"UX2000-181","UX2000"
"UX2000-182","UX2000"
"UX2000-183","UX2000"
"UX2000-185","UX2000"
"UX2000-186","UX2000"
"UX2000-187","UX2000"
"UX2000-19","UX2000"
"UX2000-190","UX2000"
"UX2000-191","UX2000"
"UX2000-192","UX2000"
"UX2000-193","UX2000"
"UX2000-194","UX2000"
"UX2000-195","UX2000"
"UX2000-196","UX2000"
"UX2000-198","UX2000"
"UX2000-20","UX2000"
"UX2000-201","UX2000"
"UX2000-202","UX2000"
"UX2000-204","UX2000"
"UX2000-205","UX2000"
"UX2000-207","UX2000"
"UX2000-208","UX2000"
"UX2000-21","UX2000"
"UX2000-22","UX2000"
"UX2000-24","UX2000"
"UX2000-25","UX2000"
"UX2000-28","UX2000"
"UX2000-3","UX2000"
"UX2000-30","UX2000"
"UX2000-31","UX2000"
"UX2000-32","UX2000"
"UX2000-34","UX2000"
"UX2000-35","UX2000"
"UX2000-37","UX2000"
"UX2000-38","UX2000"
"UX2000-39","UX2000"
"UX2000-40","UX2000"
"UX2000-41","UX2000"
"UX2000-42","UX2000"
"UX2000-43","UX2000"
"UX2000-44","UX2000"
"UX2000-47","UX2000"
"UX2000-48","UX2000"
"UX2000-49","UX2000"
"UX2000-5","UX2000"
"UX2000-50","UX2000"
"UX2000-52","UX2000"
"UX2000-53","UX2000"
"UX2000-54","UX2000"
"UX2000-55","UX2000"
"UX2000-58","UX2000"
"UX2000-59","UX2000"
"UX2000-6","UX2000"
"UX2000-60","UX2000"
"UX2000-62","UX2000"
"UX2000-63","UX2000"
"UX2000-65","UX2000"
"UX2000-67","UX2000"
"UX2000-69","UX2000"
"UX2000-71","UX2000"
"UX2000-72","UX2000"
"UX2000-73","UX2000"
"UX2000-75","UX2000"
"UX2000-76","UX2000"
"UX2000-77","UX2000"
"UX2000-78","UX2000"
"UX2000-79","UX2000"
"UX2000-8","UX2000"
"UX2000-80","UX2000"
"UX2000-81","UX2000"
"UX2000-82","UX2000"
"UX2000-83","UX2000"
"UX2000-84","UX2000"
"UX2000-89","UX2000"
"UX2000-93","UX2000"
"UX2000-94","UX2000"
"UX2000-97","UX2000"
"UX2010-1","UX2010"
"UX2010-10","UX2010"
"UX2010-100","UX2010"
"UX2010-101","UX2010"
"UX2010-103","UX2010"
"UX2010-104","UX2010"
"UX2010-105","UX2010"
"UX2010-106","UX2010"
"UX2010-107","UX2010"
"UX2010-109","UX2010"
"UX2010-11","UX2010"
"UX2010-111","UX2010"
"UX2010-112","UX2010"
"UX2010-113","UX2010"
"UX2010-114","UX2010"
"UX2010-115","UX2010"
"UX2010-116","UX2010"
"UX2010-117","UX2010"
"UX2010-119","UX2010"
"UX2010-12","UX2010"
"UX2010-120","UX2010"
"UX2010-121","UX2010"
"UX2010-122","UX2010"
"UX2010-123","UX2010"
"UX2010-124","UX2010"
"UX2010-125","UX2010"
"UX2010-126","UX2010"
"UX2010-127","UX2010"
"UX2010-129","UX2010"
"UX2010-13","UX2010"
"UX2010-130","UX2010"
"UX2010-131","UX2010"
"UX2010-132","UX2010"
"UX2010-133","UX2010"
"UX2010-134","UX2010"
"UX2010-135","UX2010"
"UX2010-136","UX2010"
"UX2010-139","UX2010"
"UX2010-14","UX2010"
"UX2010-141","UX2010"
"UX2010-142","UX2010"
"UX2010-144","UX2010"
"UX2010-146","UX2010"
"UX2010-147","UX2010"
"UX2010-148","UX2010"
"UX2010-149","UX2010"
"UX2010-15","UX2010"
"UX2010-150","UX2010"
"UX2010-151","UX2010"
"UX2010-152","UX2010"
"UX2010-153","UX2010"
"UX2010-154","UX2010"
"UX2010-155","UX2010"
"UX2010-156","UX2010"
"UX2010-157","UX2010"
"UX2010-158","UX2010"
"UX2010-159","UX2010"
"UX2010-16","UX2010"
"UX2010-162","UX2010"
"UX2010-164","UX2010"
"UX2010-165","UX2010"
"UX2010-168","UX2010"
"UX2010-17","UX2010"
"UX2010-18","UX2010"
"UX2010-2","UX2010"
"UX2010-20","UX2010"
"UX2010-21","UX2010"
"UX2010-22","UX2010"
"UX2010-24","UX2010"
"UX2010-27","UX2010"
"UX2010-28","UX2010"
"UX2010-29","UX2010"
"UX2010-3","UX2010"
"UX2010-31","UX2010"
"UX2010-32","UX2010"
"UX2010-33","UX2010"
"UX2010-34","UX2010"
"UX2010-35","UX2010"
"UX2010-37","UX2010"
"UX2010-38","UX2010"
"UX2010-39","UX2010"
"UX2010-4","UX2010"
"UX2010-40","UX2010"
"UX2010-41","UX2010"
"UX2010-43","UX2010"
"UX2010-44","UX2010"
"UX2010-46","UX2010"
"UX2010-48","UX2010"
"UX2010-5","UX2010"
"UX2010-50","UX2010"
"UX2010-51","UX2010"
"UX2010-52","UX2010"
"UX2010-53","UX2010"
"UX2010-54","UX2010"
"UX2010-55","UX2010"
"UX2010-56","UX2010"
"UX2010-57","UX2010"
"UX2010-58","UX2010"
"UX2010-59","UX2010"
"UX2010-60","UX2010"
"UX2010-62","UX2010"
"UX2010-63","UX2010"
"UX2010-64","UX2010"
"UX2010-65","UX2010"
"UX2010-67","UX2010"
"UX2010-7","UX2010"
"UX2010-70","UX2010"
"UX2010-71","UX2010"
"UX2010-72","UX2010"
"UX2010-73","UX2010"
"UX2010-75","UX2010"
"UX2010-76","UX2010"
"UX2010-78","UX2010"
"UX2010-79","UX2010"
"UX2010-80","UX2010"
"UX2010-81","UX2010"
"UX2010-82","UX2010"
"UX2010-84","UX2010"
"UX2010-86","UX2010"
"UX2010-87","UX2010"
"UX2010-88","UX2010"
"UX2010-89","UX2010"
"UX2010-9","UX2010"
"UX2010-90","UX2010"
"UX2010-91","UX2010"
"UX2010-92","UX2010"
"UX2010-93","UX2010"
"UX2010-94","UX2010"
"UX2010-95","UX2010"
"UX2010-97","UX2010"
"UX2010-98","UX2010"
"UX2010-99","UX2010"
"UX2012-1","UX2012"
"UX2012-10","UX2012"
"UX2012-100","UX2012"
"UX2012-102","UX2012"
"UX2012-109","UX2012"
"UX2012-11","UX2012"
"UX2012-110","UX2012"
"UX2012-114","UX2012"
"UX2012-116","UX2012"
"UX2012-117","UX2012"
"UX2012-119","UX2012"
"UX2012-120","UX2012"
"UX2012-121","UX2012"
"UX2012-123","UX2012"
"UX2012-124","UX2012"
"UX2012-126","UX2012"
"UX2012-129","UX2012"
"UX2012-13","UX2012"
"UX2012-130","UX2012"
"UX2012-134","UX2012"
"UX2012-135","UX2012"
"UX2012-136","UX2012"
"UX2012-138","UX2012"
"UX2012-14","UX2012"
"UX2012-149","UX2012"
"UX2012-15","UX2012"
"UX2012-150","UX2012"
"UX2012-151","UX2012"
"UX2012-152","UX2012"
"UX2012-156","UX2012"
"UX2012-159","UX2012"
"UX2012-16","UX2012"
"UX2012-160","UX2012"
"UX2012-161","UX2012"
"UX2012-165","UX2012"
"UX2012-166","UX2012"
"UX2012-167","UX2012"
"UX2012-17","UX2012"
"UX2012-18","UX2012"
"UX2012-187","UX2012"
"UX2012-19","UX2012"
"UX2012-190","UX2012"
"UX2012-191","UX2012"
"UX2012-194","UX2012"
"UX2012-197","UX2012"
"UX2012-199","UX2012"
"UX2012-2","UX2012"
"UX2012-20","UX2012"
"UX2012-201","UX2012"
"UX2012-207","UX2012"
"UX2012-21","UX2012"
"UX2012-214","UX2012"
"UX2012-215","UX2012"
"UX2012-217","UX2012"
"UX2012-218","UX2012"
"UX2012-219","UX2012"
"UX2012-22","UX2012"
"UX2012-220","UX2012"
"UX2012-222","UX2012"
"UX2012-223","UX2012"
"UX2012-23","UX2012"
"UX2012-233","UX2012"
"UX2012-238","UX2012"
"UX2012-239","UX2012"
"UX2012-241","UX2012"
"UX2012-242","UX2012"
"UX2012-245","UX2012"
"UX2012-25","UX2012"
"UX2012-256","UX2012"
"UX2012-29","UX2012"
"UX2012-3","UX2012"
"UX2012-30","UX2012"
"UX2012-31","UX2012"
"UX2012-32","UX2012"
"UX2012-33","UX2012"
"UX2012-34","UX2012"
"UX2012-35","UX2012"
"UX2012-36","UX2012"
"UX2012-37","UX2012"
"UX2012-38","UX2012"
"UX2012-4","UX2012"
"UX2012-40","UX2012"
"UX2012-41","UX2012"
"UX2012-45","UX2012"
"UX2012-47","UX2012"
"UX2012-48","UX2012"
"UX2012-49","UX2012"
"UX2012-5","UX2012"
"UX2012-50","UX2012"
"UX2012-51","UX2012"
"UX2012-52","UX2012"
"UX2012-54","UX2012"
"UX2012-55","UX2012"
"UX2012-56","UX2012"
"UX2012-57","UX2012"
"UX2012-59","UX2012"
"UX2012-6","UX2012"
"UX2012-60","UX2012"
"UX2012-61","UX2012"
"UX2012-62","UX2012"
"UX2012-63","UX2012"
"UX2012-64","UX2012"
"UX2012-65","UX2012"
"UX2012-66","UX2012"
"UX2012-67","UX2012"
"UX2012-68","UX2012"
"UX2012-7","UX2012"
"UX2012-70","UX2012"
"UX2012-72","UX2012"
"UX2012-73","UX2012"
"UX2012-74","UX2012"
"UX2012-76","UX2012"
"UX2012-77","UX2012"
"UX2012-78","UX2012"
"UX2012-79","UX2012"
"UX2012-80","UX2012"
"UX2012-81","UX2012"
"UX2012-82","UX2012"
"UX2012-83","UX2012"
"UX2012-84","UX2012"
"UX2012-86","UX2012"
"UX2012-88","UX2012"
"UX2012-89","UX2012"
"UX2012-9","UX2012"
"UX2012-91","UX2012"
"UX2012-94","UX2012"
"UX2012-95","UX2012"
"UX2012-96","UX2012"
"UX2012-97","UX2012"
"UX2012-99","UX2012"
"UX2013-1","UX2013"
"UX2013-10","UX2013"
"UX2013-101","UX2013"
"UX2013-109","UX2013"
"UX2013-11","UX2013"
"UX2013-112","UX2013"
"UX2013-113","UX2013"
"UX2013-117","UX2013"
"UX2013-118","UX2013"
"UX2013-119","UX2013"
"UX2013-12","UX2013"
"UX2013-122","UX2013"
"UX2013-125","UX2013"
"UX2013-127","UX2013"
"UX2013-128","UX2013"
"UX2013-131","UX2013"
"UX2013-132","UX2013"
"UX2013-133","UX2013"
"UX2013-137","UX2013"
"UX2013-138","UX2013"
"UX2013-141","UX2013"
"UX2013-142","UX2013"
"UX2013-143","UX2013"
"UX2013-144","UX2013"
"UX2013-145","UX2013"
"UX2013-146","UX2013"
"UX2013-148","UX2013"
"UX2013-149","UX2013"
"UX2013-150","UX2013"
"UX2013-151","UX2013"
"UX2013-153","UX2013"
"UX2013-154","UX2013"
"UX2013-155","UX2013"
"UX2013-156","UX2013"
"UX2013-157","UX2013"
"UX2013-158","UX2013"
"UX2013-160","UX2013"
"UX2013-161","UX2013"
"UX2013-165","UX2013"
"UX2013-166","UX2013"
"UX2013-169","UX2013"
"UX2013-171","UX2013"
"UX2013-172","UX2013"
"UX2013-173","UX2013"
"UX2013-174","UX2013"
"UX2013-175","UX2013"
"UX2013-177","UX2013"
"UX2013-180","UX2013"
"UX2013-181","UX2013"
"UX2013-182","UX2013"
"UX2013-183","UX2013"
"UX2013-185","UX2013"
"UX2013-186","UX2013"
"UX2013-187","UX2013"
"UX2013-19","UX2013"
"UX2013-190","UX2013"
"UX2013-192","UX2013"
"UX2013-193","UX2013"
"UX2013-194","UX2013"
"UX2013-195","UX2013"
"UX2013-199","UX2013"
"UX2013-20","UX2013"
"UX2013-201","UX2013"
"UX2013-202","UX2013"
"UX2013-204","UX2013"
"UX2013-206","UX2013"
"UX2013-212","UX2013"
"UX2013-214","UX2013"
"UX2013-215","UX2013"
"UX2013-218","UX2013"
"UX2013-219","UX2013"
"UX2013-221","UX2013"
"UX2013-222","UX2013"
"UX2013-225","UX2013"
"UX2013-228","UX2013"
"UX2013-229","UX2013"
"UX2013-23","UX2013"
"UX2013-232","UX2013"
"UX2013-233","UX2013"
"UX2013-234","UX2013"
"UX2013-236","UX2013"
"UX2013-238","UX2013"
"UX2013-239","UX2013"
"UX2013-24","UX2013"
"UX2013-240","UX2013"
"UX2013-243","UX2013"
"UX2013-244","UX2013"
"UX2013-248","UX2013"
"UX2013-25","UX2013"
"UX2013-254","UX2013"
"UX2013-260","UX2013"
"UX2013-264","UX2013"
"UX2013-266","UX2013"
"UX2013-28","UX2013"
"UX2013-31","UX2013"
"UX2013-32","UX2013"
"UX2013-33","UX2013"
"UX2013-34","UX2013"
"UX2013-35","UX2013"
"UX2013-36","UX2013"
"UX2013-39","UX2013"
"UX2013-40","UX2013"
"UX2013-41","UX2013"
"UX2013-42","UX2013"
"UX2013-43","UX2013"
"UX2013-44","UX2013"
"UX2013-47","UX2013"
"UX2013-48","UX2013"
"UX2013-50","UX2013"
"UX2013-51","UX2013"
"UX2013-52","UX2013"
"UX2013-54","UX2013"
"UX2013-56","UX2013"
"UX2013-57","UX2013"
"UX2013-6","UX2013"
"UX2013-60","UX2013"
"UX2013-63","UX2013"
"UX2013-64","UX2013"
"UX2013-65","UX2013"
"UX2013-66","UX2013"
"UX2013-67","UX2013"
"UX2013-69","UX2013"
"UX2013-70","UX2013"
"UX2013-72","UX2013"
"UX2013-76","UX2013"
"UX2013-77","UX2013"
"UX2013-78","UX2013"
"UX2013-8","UX2013"
"UX2013-80","UX2013"
"UX2013-87","UX2013"
"UX2013-9","UX2013"
"UX2023-10","UX2023"
"UX2023-100","UX2023"
"UX2023-101","UX2023"
"UX2023-102","UX2023"
"UX2023-103","UX2023"
"UX2023-104","UX2023"
"UX2023-106","UX2023"
"UX2023-11","UX2023"
"UX2023-110","UX2023"
"UX2023-114","UX2023"
"UX2023-115","UX2023"
"UX2023-117","UX2023"
"UX2023-118","UX2023"
"UX2023-119","UX2023"
"UX2023-12","UX2023"
"UX2023-124","UX2023"
"UX2023-125","UX2023"
"UX2023-127","UX2023"
"UX2023-130","UX2023"
"UX2023-137","UX2023"
"UX2023-14","UX2023"
"UX2023-142","UX2023"
"UX2023-145","UX2023"
"UX2023-146","UX2023"
"UX2023-147","UX2023"
"UX2023-148","UX2023"
"UX2023-149","UX2023"
"UX2023-15","UX2023"
"UX2023-151","UX2023"
"UX2023-152","UX2023"
"UX2023-154","UX2023"
"UX2023-155","UX2023"
"UX2023-156","UX2023"
"UX2023-158","UX2023"
"UX2023-16","UX2023"
"UX2023-160","UX2023"
"UX2023-161","UX2023"
"UX2023-162","UX2023"
"UX2023-163","UX2023"
"UX2023-165","UX2023"
"UX2023-166","UX2023"
"UX2023-167","UX2023"
"UX2023-168","UX2023"
"UX2023-169","UX2023"
"UX2023-17","UX2023"
"UX2023-18","UX2023"
"UX2023-2","UX2023"
"UX2023-20","UX2023"
"UX2023-21","UX2023"
"UX2023-22","UX2023"
"UX2023-24","UX2023"
"UX2023-25","UX2023"
"UX2023-26","UX2023"
"UX2023-27","UX2023"
"UX2023-28","UX2023"
"UX2023-29","UX2023"
"UX2023-3","UX2023"
"UX2023-30","UX2023"
"UX2023-34","UX2023"
"UX2023-35","UX2023"
"UX2023-36","UX2023"
"UX2023-37","UX2023"
"UX2023-38","UX2023"
"UX2023-39","UX2023"
"UX2023-4","UX2023"
"UX2023-40","UX2023"
"UX2023-43","UX2023"
"UX2023-45","UX2023"
"UX2023-46","UX2023"
"UX2023-49","UX2023"
"UX2023-50","UX2023"
"UX2023-52","UX2023"
"UX2023-53","UX2023"
"UX2023-54","UX2023"
"UX2023-55","UX2023"
"UX2023-57","UX2023"
"UX2023-6","UX2023"
"UX2023-60","UX2023"
"UX2023-63","UX2023"
"UX2023-65","UX2023"
"UX2023-66","UX2023"
"UX2023-68","UX2023"
"UX2023-7","UX2023"
"UX2023-70","UX2023"
"UX2023-72","UX2023"
"UX2023-75","UX2023"
"UX2023-76","UX2023"
"UX2023-79","UX2023"
"UX2023-8","UX2023"
"UX2023-80","UX2023"
"UX2023-81","UX2023"
"UX2023-82","UX2023"
"UX2023-83","UX2023"
"UX2023-84","UX2023"
"UX2023-85","UX2023"
"UX2023-87","UX2023"
"UX2023-88","UX2023"
"UX2023-89","UX2023"
"UX2023-90","UX2023"
"UX2023-91","UX2023"
"UX2023-92","UX2023"
"UX2023-93","UX2023"
"UX2023-94","UX2023"
"UX2023-95","UX2023"
"UX2023-96","UX2023"
"UX2023-98","UX2023"
"UX2023-99","UX2023"
"UX2026-154","UX2026"
"UX2026-155","UX2026"
"UX2026-156","UX2026"
"UX2026-157","UX2026"
"UX2026-158","UX2026"
"UX2026-159","UX2026"
"UX2026-160","UX2026"
"UX2026-161","UX2026"
"UX2026-163","UX2026"
"UX2026-164","UX2026"
"UX2026-165","UX2026"
"UX2026-167","UX2026"
"UX2026-168","UX2026"
"UX2026-169","UX2026"
"UX2026-170","UX2026"
"UX2026-171","UX2026"
"UX2026-172","UX2026"
"UX2026-173","UX2026"
"UX2026-175","UX2026"
"UX2026-176","UX2026"
"UX2026-178","UX2026"
"UX2026-179","UX2026"
"UX2026-181","UX2026"
"UX2026-182","UX2026"
"UX2026-184","UX2026"
"UX2026-187","UX2026"
"UX2026-189","UX2026"
"UX2026-190","UX2026"
"UX2026-192","UX2026"
"UX2026-193","UX2026"
"UX2026-194","UX2026"
"UX2026-196","UX2026"
"UX2026-197","UX2026"
"UX2026-201","UX2026"
"UX2026-202","UX2026"
"UX2026-203","UX2026"
"UX2026-205","UX2026"
"UX2026-206","UX2026"
"UX2026-207","UX2026"
"UX2026-208","UX2026"
"UX2026-212","UX2026"
"UX2026-213","UX2026"
"UX2026-224","UX2026"
"UX2026-226","UX2026"
"UX2026-228","UX2026"
"UX2026-236","UX2026"
"UX2026-237","UX2026"
"UX2026-239","UX2026"
"UX2026-240","UX2026"
"UX2026-241","UX2026"
"UX2026-242","UX2026"
"UX2026-243","UX2026"
"UX2026-246","UX2026"
"UX2026-247","UX2026"
"UX2026-248","UX2026"
"UX2026-250","UX2026"
"UX2026-251","UX2026"
"UX2026-252","UX2026"
"UX2026-253","UX2026"
"UX2026-254","UX2026"
"UX2026-258","UX2026"
"UX2026-262","UX2026"
"UX2026-265","UX2026"
"UX2026-270","UX2026"
"UX2026-271","UX2026"
"UX2026-277","UX2026"
"UX2026-278","UX2026"
"UX2026-281","UX2026"
"UX2026-284","UX2026"
"UX2026-285","UX2026"
"UX2026-286","UX2026"
"UX2026-290","UX2026"
"UX2026-291","UX2026"
"UX2026-292","UX2026"
"UX2026-293","UX2026"
"UX2026-299","UX2026"
"UX2026-300","UX2026"
"UX2026-309","UX2026"
"UX2026-311","UX2026"
"UX2026-314","UX2026"
"UX2026-315","UX2026"
"UX2026-316","UX2026"
"UX2026-317","UX2026"
"UX2026-318","UX2026"
"UX2026-319","UX2026"
"UX2026-320","UX2026"
"UX2026-321","UX2026"
"UX2026-323","UX2026"
"UX2026-324","UX2026"
"UX2026-325","UX2026"
"UX2026-326","UX2026"
"UX2026-327","UX2026"
"UX2026-328","UX2026"
"UX2026-329","UX2026"
"UX2026-331","UX2026"
"UX2026-332","UX2026"
"UX2026-333","UX2026"
"UX2026-334","UX2026"
"UX2026-335","UX2026"
"UX2026-336","UX2026"
"UX2026-337","UX2026"
"UX2026-338","UX2026"
"UX2026-339","UX2026"
"UX2026-340","UX2026"
"UX2026-342","UX2026"
"UX2026-343","UX2026"
"UX2026-344","UX2026"
"UX2026-346","UX2026"
"UX2026-348","UX2026"
"UX2026-351","UX2026"
"UX2026-352","UX2026"
"UX2026-353","UX2026"
"UX2026-357","UX2026"
"UX2026-358","UX2026"
"UX2026-359","UX2026"
"UX2026-360","UX2026"
"UX2026-361","UX2026"
"UX2026-362","UX2026"
"UX2026-365","UX2026"
"UX2026-366","UX2026"
"UX2026-373","UX2026"
"UX2026-375","UX2026"
"UX2026-377","UX2026"
"UX2026-379","UX2026"
"UX2026-380","UX2026"
"UX2026-381","UX2026"
"UX2026-384","UX2026"
"UX2026-385","UX2026"
"UX2026-390","UX2026"
"UX2029-1","UX2029"
"UX2029-10","UX2029"
"UX2029-102","UX2029"
"UX2029-105","UX2029"
"UX2029-106","UX2029"
"UX2029-108","UX2029"
"UX2029-109","UX2029"
"UX2029-11","UX2029"
"UX2029-110","UX2029"
"UX2029-111","UX2029"
"UX2029-113","UX2029"
"UX2029-114","UX2029"
"UX2029-115","UX2029"
"UX2029-116","UX2029"
"UX2029-117","UX2029"
"UX2029-118","UX2029"
"UX2029-119","UX2029"
"UX2029-12","UX2029"
"UX2029-120","UX2029"
"UX2029-121","UX2029"
"UX2029-122","UX2029"
"UX2029-123","UX2029"
"UX2029-124","UX2029"
"UX2029-125","UX2029"
"UX2029-127","UX2029"
"UX2029-128","UX2029"
"UX2029-129","UX2029"
"UX2029-13","UX2029"
"UX2029-130","UX2029"
"UX2029-131","UX2029"
"UX2029-132","UX2029"
"UX2029-134","UX2029"
"UX2029-135","UX2029"
"UX2029-139","UX2029"
"UX2029-14","UX2029"
"UX2029-142","UX2029"
"UX2029-143","UX2029"
"UX2029-145","UX2029"
"UX2029-147","UX2029"
"UX2029-148","UX2029"
"UX2029-15","UX2029"
"UX2029-151","UX2029"
"UX2029-153","UX2029"
"UX2029-155","UX2029"
"UX2029-156","UX2029"
"UX2029-157","UX2029"
"UX2029-159","UX2029"
"UX2029-161","UX2029"
"UX2029-163","UX2029"
"UX2029-165","UX2029"
"UX2029-166","UX2029"
"UX2029-168","UX2029"
"UX2029-172","UX2029"
"UX2029-175","UX2029"
"UX2029-176","UX2029"
"UX2029-178","UX2029"
"UX2029-179","UX2029"
"UX2029-18","UX2029"
"UX2029-180","UX2029"
"UX2029-181","UX2029"
"UX2029-184","UX2029"
"UX2029-185","UX2029"
"UX2029-186","UX2029"
"UX2029-19","UX2029"
"UX2029-190","UX2029"
"UX2029-191","UX2029"
"UX2029-192","UX2029"
"UX2029-195","UX2029"
"UX2029-198","UX2029"
"UX2029-199","UX2029"
"UX2029-201","UX2029"
"UX2029-202","UX2029"
"UX2029-203","UX2029"
"UX2029-204","UX2029"
"UX2029-205","UX2029"
"UX2029-206","UX2029"
"UX2029-208","UX2029"
"UX2029-21","UX2029"
"UX2029-22","UX2029"
"UX2029-23","UX2029"
"UX2029-24","UX2029"
"UX2029-26","UX2029"
"UX2029-28","UX2029"
"UX2029-29","UX2029"
"UX2029-3","UX2029"
"UX2029-30","UX2029"
"UX2029-31","UX2029"
"UX2029-32","UX2029"
"UX2029-33","UX2029"
"UX2029-34","UX2029"
"UX2029-35","UX2029"
"UX2029-36","UX2029"
"UX2029-37","UX2029"
"UX2029-38","UX2029"
"UX2029-39","UX2029"
"UX2029-4","UX2029"
"UX2029-41","UX2029"
"UX2029-42","UX2029"
"UX2029-43","UX2029"
"UX2029-44","UX2029"
"UX2029-45","UX2029"
"UX2029-46","UX2029"
"UX2029-47","UX2029"
"UX2029-48","UX2029"
"UX2029-49","UX2029"
"UX2029-5","UX2029"
"UX2029-50","UX2029"
"UX2029-51","UX2029"
"UX2029-53","UX2029"
"UX2029-54","UX2029"
"UX2029-55","UX2029"
"UX2029-56","UX2029"
"UX2029-57","UX2029"
"UX2029-58","UX2029"
"UX2029-6","UX2029"
"UX2029-60","UX2029"
"UX2029-61","UX2029"
"UX2029-62","UX2029"
"UX2029-63","UX2029"
"UX2029-65","UX2029"
"UX2029-66","UX2029"
"UX2029-68","UX2029"
"UX2029-69","UX2029"
"UX2029-70","UX2029"
"UX2029-71","UX2029"
"UX2029-72","UX2029"
"UX2029-73","UX2029"
"UX2029-75","UX2029"
"UX2029-76","UX2029"
"UX2029-77","UX2029"
"UX2029-79","UX2029"
"UX2029-80","UX2029"
"UX2029-81","UX2029"
"UX2029-82","UX2029"
"UX2029-83","UX2029"
"UX2029-85","UX2029"
"UX2029-87","UX2029"
"UX2029-88","UX2029"
"UX2029-89","UX2029"
"UX2029-9","UX2029"
"UX2029-90","UX2029"
"UX2029-91","UX2029"
"UX2029-92","UX2029"
"UX2029-94","UX2029"
"UX2029-95","UX2029"
"UX2029-96","UX2029"
"UX2029-97","UX2029"
"UX2029-98","UX2029"
"UX2029-99","UX2029"
"UX2031-102","UX2031"
"UX2031-104","UX2031"
"UX2031-105","UX2031"
"UX2031-108","UX2031"
"UX2031-109","UX2031"
"UX2031-110","UX2031"
"UX2031-112","UX2031"
"UX2031-114","UX2031"
"UX2031-116","UX2031"
"UX2031-119","UX2031"
"UX2031-12","UX2031"
"UX2031-120","UX2031"
"UX2031-121","UX2031"
"UX2031-122","UX2031"
"UX2031-124","UX2031"
"UX2031-125","UX2031"
"UX2031-126","UX2031"
"UX2031-127","UX2031"
"UX2031-129","UX2031"
"UX2031-130","UX2031"
"UX2031-131","UX2031"
"UX2031-137","UX2031"
"UX2031-140","UX2031"
"UX2031-141","UX2031"
"UX2031-142","UX2031"
"UX2031-143","UX2031"
"UX2031-144","UX2031"
"UX2031-15","UX2031"
"UX2031-16","UX2031"
"UX2031-19","UX2031"
"UX2031-2","UX2031"
"UX2031-20","UX2031"
"UX2031-22","UX2031"
"UX2031-23","UX2031"
"UX2031-26","UX2031"
"UX2031-30","UX2031"
"UX2031-34","UX2031"
"UX2031-35","UX2031"
"UX2031-4","UX2031"
"UX2031-40","UX2031"
"UX2031-41","UX2031"
"UX2031-43","UX2031"
"UX2031-44","UX2031"
"UX2031-47","UX2031"
"UX2031-48","UX2031"
"UX2031-5","UX2031"
"UX2031-52","UX2031"
"UX2031-61","UX2031"
"UX2031-62","UX2031"
"UX2031-63","UX2031"
"UX2031-64","UX2031"
"UX2031-66","UX2031"
"UX2031-67","UX2031"
"UX2031-68","UX2031"
"UX2031-69","UX2031"
"UX2031-7","UX2031"
"UX2031-72","UX2031"
"UX2031-74","UX2031"
"UX2031-75","UX2031"
"UX2031-76","UX2031"
"UX2031-77","UX2031"
"UX2031-79","UX2031"
"UX2031-80","UX2031"
"UX2031-81","UX2031"
"UX2031-82","UX2031"
"UX2031-83","UX2031"
"UX2031-86","UX2031"
"UX2031-87","UX2031"
"UX2031-88","UX2031"
"UX2031-92","UX2031"
"UX2031-94","UX2031"
"UX2031-97","UX2031"
