id,p,LOG,chr,pos,FDR,bon,trait
S2B_102926150,2.2914353846820523e-6,5.639892384752026,2B,102926150,3.087602436974686e-4,0.04971039923529244,Winter Dormancy Release
S2D_29712561,1.3784100240623303e-6,5.860621577275693,2D,29712561,1.91687352961591e-4,0.029903227062008195,Winter Dormancy Release
S2D_40036763,4.836875792308228e-7,6.315435064856272,2D,40036763,8.055478072928518e-5,0.01049311834383347,Winter Dormancy Release
S5A_505589280,7.1776459360852e-8,7.1440179686549055,5A,505589280,1.7495713588475545e-5,0.0015571185093743232,Winter Dormancy Release
S5A_505597998,5.025222807768791e-7,6.298844677780246,5A,505597998,8.135610715801206e-5,0.010901718359173616,Winter Dormancy Release
S5A_506400326,2.1248144391490795e-7,6.672678991059506,5A,506400326,4.5639331131584285e-5,0.004609572444290013,Winter Dormancy Release
S5A_508138511,4.582378772782054e-7,6.338909015511018,5A,508138511,7.706211247808827e-5,0.009941012509673388,Winter Dormancy Release
S5A_509471467,7.235833642960843e-7,6.140511426441113,5A,509471467,1.1054519369745953e-4,0.015697417505039255,Winter Dormancy Release
S5A_509473951,3.281484803821016e-7,6.4839296025702335,5A,509473951,6.190307072529837e-5,0.007118853133409313,Winter Dormancy Release
S5A_509772743,5.911667067235065e-7,6.228290032484359,5A,509772743,9.226453622776798e-5,0.01282477053565975,Winter Dormancy Release
S5A_511028515,4.938594006174485e-7,6.306396675017929,5A,511028515,8.055478072928518e-5,0.010713785836994928,Winter Dormancy Release
S5A_511351482,4.938594006174485e-7,6.306396675017929,5A,511351482,8.055478072928518e-5,0.010713785836994928,Winter Dormancy Release
S5A_511959063,3.02607775571327e-7,6.51911991688013,5A,511959063,5.809533701986166e-5,0.006564773083244368,Winter Dormancy Release
S5A_529021346,5.421949746404278e-7,6.265844512015669,5A,529021346,8.648807191065765e-5,0.011762377779849441,Winter Dormancy Release
S5A_534063696,5.510413645666693e-7,6.258815799099622,5A,534063696,8.725760118911914e-5,0.011954291362909323,Winter Dormancy Release
S5A_534063736,7.357879751961372e-8,7.13324731401595,5A,534063736,1.7735760371005555e-5,0.0015962184333904999,Winter Dormancy Release
S5A_534570102,3.7645026619086625e-7,6.424292391430254,5A,534570102,6.493803513360716e-5,0.008166712074744653,Winter Dormancy Release
S5A_535028572,3.7645026619086625e-7,6.424292391430254,5A,535028572,6.493803513360716e-5,0.008166712074744653,Winter Dormancy Release
S5A_535519822,3.7645026619086625e-7,6.424292391430254,5A,535519822,6.493803513360716e-5,0.008166712074744653,Winter Dormancy Release
S5A_536134122,3.7645026619086625e-7,6.424292391430254,5A,536134122,6.493803513360716e-5,0.008166712074744653,Winter Dormancy Release
S5A_536660424,3.7645026619086625e-7,6.424292391430254,5A,536660424,6.493803513360716e-5,0.008166712074744653,Winter Dormancy Release
S5A_536970891,3.7645026619086625e-7,6.424292391430254,5A,536970891,6.493803513360716e-5,0.008166712074744653,Winter Dormancy Release
S5A_537617304,3.447636827988712e-7,6.462478488760158,5A,537617304,6.338392656473485e-5,0.007479303334638712,Winter Dormancy Release
S5A_538581615,3.447636827988712e-7,6.462478488760158,5A,538581615,6.338392656473485e-5,0.007479303334638712,Winter Dormancy Release
S5A_538978585,3.447636827988712e-7,6.462478488760158,5A,538978585,6.338392656473485e-5,0.007479303334638712,Winter Dormancy Release
S5A_539944837,1.233410337253921e-7,6.90889241605766,5A,539944837,2.8165898796196376e-5,0.002675760385638656,Winter Dormancy Release
S5A_547778661,1.1812541639081266e-6,5.92765664759664,5A,547778661,1.7084085221215264e-4,0.025626127831822897,Winter Dormancy Release
S5A_547793471,2.3654118739038414e-7,6.6260932274464075,5A,547793471,4.88716620880666e-5,0.005131524519246994,Winter Dormancy Release
S5A_548234618,2.3654118739038414e-7,6.6260932274464075,5A,548234618,4.88716620880666e-5,0.005131524519246994,Winter Dormancy Release
S5A_548507713,2.5766178544960314e-7,6.588949988119767,5A,548507713,5.2733158240978214e-5,0.005589714773543691,Winter Dormancy Release
S5A_548673956,5.292266208371215e-9,8.276358318316952,5A,548673956,1.4174126311654954e-6,1.1481042312440514e-4,Winter Dormancy Release
S5A_548675587,3.5687259001422594e-7,6.447486807221446,5A,548675587,6.493803513360716e-5,0.007741993967768618,Winter Dormancy Release
S5A_548759498,3.9389159819637926e-7,6.404623282699022,5A,548759498,6.675847133806447e-5,0.008545084331272252,Winter Dormancy Release
S5A_549145243,1.366638282782046e-7,6.864346417823689,5A,549145243,3.088317802778511e-5,0.002964785090667371,Winter Dormancy Release
S5A_549343753,1.376555607946146e-6,5.861206239965266,5A,549343753,1.91687352961591e-4,0.029862997358783692,Winter Dormancy Release
S5A_549353131,2.052561752127735e-6,5.687703768091644,5A,549353131,2.7830171656661925e-4,0.04452827465065908,Winter Dormancy Release
S5A_552067394,1.1950155449520685e-6,5.922626445307479,5A,552067394,1.7168653796152434e-4,0.025924667232190172,Winter Dormancy Release
S5A_561660493,4.984471505709142e-10,9.302380882351667,5A,561660493,1.5671467368819435e-7,1.0813312484485412e-5,Winter Dormancy Release
S5A_564557123,5.087913506254989e-13,12.29346028023611,5A,564557123,2.566911525690598e-10,1.1037719560469572e-8,Winter Dormancy Release
S5A_564645435,9.740155732925596e-7,6.0114340992395014,5A,564645435,1.4181405266448853e-4,0.021130293847008787,Winter Dormancy Release
S5A_564704040,5.337101171604946e-7,6.272694564508892,5A,564704040,8.576523912355385e-5,0.01157830728167977,Winter Dormancy Release
S5A_565398445,2.2077415399233495e-11,10.65605177077764,5A,565398445,7.6023404709678e-9,4.789474496709715e-7,Winter Dormancy Release
S5A_567114210,2.646339962310398e-15,14.577354364883393,5A,567114210,1.472043567752866e-12,5.7409699142361777e-11,Winter Dormancy Release
S5A_567502456,2.393157200970015e-15,14.621028772647959,5A,567502456,1.366240850469566e-12,5.191715231784351e-11,Winter Dormancy Release
S5A_567736477,1.253980890162079e-15,14.901709081815028,5A,567736477,7.352394981398958e-13,2.720386143117614e-11,Winter Dormancy Release
S5A_568234305,2.401864762989993e-11,10.619451449198158,5A,568234305,8.141570963797641e-9,5.21060541683049e-7,Winter Dormancy Release
S5A_568284128,8.26357479930801e-11,10.08283203745468,5A,568284128,2.7162119953967876e-8,1.7926999169618797e-6,Winter Dormancy Release
S5A_568550509,2.075133480631998e-7,6.6829539625482965,5A,568550509,4.501794572883057e-5,0.004501794572883057,Winter Dormancy Release
S5A_570192258,3.5307913215659917e-12,11.452127949548343,5A,570192258,1.4117246765240695e-9,7.659698693005263e-8,Winter Dormancy Release
S5A_570527437,4.014509059693646e-12,11.396367557658653,5A,570527437,1.5551921346606063e-9,8.709075954099396e-8,Winter Dormancy Release
S5A_570788577,7.148883005844533e-7,6.14576181026804,5A,570788577,1.0999139569417823e-4,0.01550878679287913,Winter Dormancy Release
S5A_571683237,4.171642232823054e-12,11.379692944486454,5A,571683237,1.5603380448079885e-9,9.049960659886333e-8,Winter Dormancy Release
S5A_572010355,4.171642232823054e-12,11.379692944486454,5A,572010355,1.5603380448079885e-9,9.049960659886333e-8,Winter Dormancy Release
S5A_572407329,3.457476045668054e-12,11.46124082011821,5A,572407329,1.4117246765240695e-9,7.500648533472277e-8,Winter Dormancy Release
S5A_572715461,1.2454596329266623e-11,10.904670343985607,5A,572715461,4.429344471591969e-9,2.701900127671101e-7,Winter Dormancy Release
S5A_572832639,9.982689300390265e-13,12.000752445587878,5A,572832639,4.6077545038865193e-10,2.165644616826664e-8,Winter Dormancy Release
S5A_573040321,1.4184353114998231e-11,10.848190465648374,5A,573040321,4.963150910915671e-9,3.077153564767716e-7,Winter Dormancy Release
S5A_573040342,1.3600260647130057e-6,5.866452768355842,5A,573040342,1.9158704836288274e-4,0.029504405447883946,Winter Dormancy Release
S5A_573046918,3.882223429773966e-7,6.410919473706643,5A,573046918,6.631571266576096e-5,0.008422095508551643,Winter Dormancy Release
S5A_575821560,4.954654117244481e-46,45.3049866580738,5A,575821560,7.677590458535841e-43,1.0748626641950177e-41,Winter Dormancy Release
S5A_577787562,1.227470373219438e-21,20.9109889814067,5A,577787562,8.069315841400754e-19,2.6628742276622488e-17,Winter Dormancy Release
S5A_577795483,7.017360047256714e-49,48.15382624008436,5A,577795483,1.3839509896835197e-45,1.5223460886518716e-44,Winter Dormancy Release
S5A_577827993,1.351655553942565e-21,20.869133966738158,5A,577827993,8.624357525655884e-19,2.9322815587230005e-17,Winter Dormancy Release
S5A_577951255,6.177954820352467e-23,22.209155272037055,5A,577951255,4.323372641055691e-20,1.3402455187272643e-18,Winter Dormancy Release
S5A_577963056,4.783734982197171e-11,10.32023288816627,5A,577963056,1.5965899492890067e-8,1.0377834670378542e-6,Winter Dormancy Release
S5A_578074731,1.9137853226773503e-46,45.7181067804597,5A,578074731,3.1936660607817257e-43,4.151765879016244e-42,Winter Dormancy Release
S5A_578832139,7.5252117843934e-30,29.12348127307643,5A,578832139,7.09791062828828e-27,1.6325194445063042e-25,Winter Dormancy Release
S5A_580048103,1.4457418447692604e-22,21.83990924881285,5A,580048103,9.801226118882605e-20,3.1363923580424335e-18,Winter Dormancy Release
S5A_580276757,3.9104385714136926e-26,25.407774531999646,5A,580276757,3.3933221747299456e-23,8.483305436824865e-22,Winter Dormancy Release
S5A_580467995,2.5465795824474116e-35,34.594042747260154,5A,580467995,2.6307379743625784e-32,5.524549746161414e-31,Winter Dormancy Release
S5A_580553868,1.6464526177338414e-46,45.78345076307101,5A,580553868,2.9765119240931627e-43,3.571814308911795e-42,Winter Dormancy Release
S5A_580797168,1.1045289558802245e-28,27.956822894356456,5A,580797168,9.984021320360662e-26,2.396165116886559e-24,Winter Dormancy Release
S5A_581137922,5.082013463074521e-38,37.293964188767895,5A,581137922,6.124955559329925e-35,1.1024920006793866e-33,Winter Dormancy Release
S5A_581488651,2.11443931428723e-36,35.67480477485777,5A,581488651,2.2935323242073584e-33,4.587064648414717e-32,Winter Dormancy Release
S5A_581738827,9.211915159078988e-39,38.03565007050302,5A,581738827,1.1755487497709385e-35,1.998432874610596e-34,Winter Dormancy Release
S5A_582636447,6.752954195228261e-49,48.170506196056074,5A,582636447,1.3839509896835197e-45,1.464985883112819e-44,Winter Dormancy Release
S5A_582958930,5.609740105004289e-49,48.25105725881105,5A,582958930,1.3839509896835197e-45,1.2169770183796306e-44,Winter Dormancy Release
S5A_583629348,5.609740105004289e-49,48.25105725881105,5A,583629348,1.3839509896835197e-45,1.2169770183796306e-44,Winter Dormancy Release
S5A_584035850,1.7945752438871401e-50,49.74603832762336,5A,584035850,6.488585890147937e-47,3.893151534088762e-46,Winter Dormancy Release
S5A_584456955,1.122265068883476e-40,39.94990455452599,5A,584456955,1.521651150272383e-37,2.4346418404358127e-36,Winter Dormancy Release
S5A_584712144,1.074569152973856e-11,10.968765630625246,5A,584712144,3.885283867435806e-9,2.3311703204614833e-7,Winter Dormancy Release
S5A_584821782,2.4574227845119778e-52,51.60952011939093,5A,584821782,1.3327832471800711e-48,5.3311329887202846e-48,Winter Dormancy Release
S5A_585018041,8.451126516485043e-51,50.07308539669712,5A,585018041,3.6667747729725305e-47,1.8333873864862653e-46,Winter Dormancy Release
S5A_585200466,6.965717552989907e-37,36.15703413936168,5A,585200466,7.953382978661214e-34,1.5111427659456302e-32,Winter Dormancy Release
S5A_585223490,3.8699199447643955e-61,60.412298018936305,5A,585223490,4.1977021640859395e-57,8.395404328171879e-57,Winter Dormancy Release
S5A_595373332,2.2195319981573666e-12,11.65373858953341,5A,595373332,9.441279836867825e-10,4.815052716802591e-8,Winter Dormancy Release
S5A_596009159,5.12165350189559e-34,33.29058980644255,5A,596009159,5.050415957732861e-31,1.1110915107012293e-29,Winter Dormancy Release
S5A_596599151,1.5462782172646633e-24,23.8107123620658,5A,596599151,1.2424059127903557e-21,3.3544959645339607e-20,Winter Dormancy Release
S5A_597279906,1.5458805265040369e-9,8.810824073603342,5A,597279906,4.531936775943051e-7,3.353633214197858e-5,Winter Dormancy Release
S5A_597486655,1.0623332727998473e-24,23.973739215992737,5A,597486655,8.863945392353803e-22,2.3046258020119886e-20,Winter Dormancy Release
S5A_597660738,5.816717965528889e-49,48.23532199327297,5A,597660738,1.3839509896835197e-45,1.2618787954418372e-44,Winter Dormancy Release
S5A_597735144,1.6143099038798095e-6,5.792013088805202,5A,597735144,2.230626691386534e-4,0.03502083905476859,Winter Dormancy Release
S5A_597750832,1.1808770767887055e-66,65.92779530784864,5A,597750832,2.5617947303854175e-62,2.5617947303854175e-62,Winter Dormancy Release
S5A_598072175,3.579093629981738e-12,11.446226940209456,5A,598072175,1.4117246765240695e-9,7.764485720882383e-8,Winter Dormancy Release
S5A_598072246,7.554947906579715e-59,58.12176852589319,5A,598072246,5.4632346628446774e-55,1.6389703988534034e-54,Winter Dormancy Release
S5A_598520962,2.610669703848987e-12,11.583248070677866,5A,598520962,1.0891513183711523e-9,5.663586855529992e-8,Winter Dormancy Release
S5A_598810451,2.0148931699487864e-12,11.695747975295417,5A,598810451,8.742218485773794e-10,4.371109242886897e-8,Winter Dormancy Release
S5A_599216135,8.790411264633166e-13,12.055990805724575,5A,599216135,4.145634390759824e-10,1.906991819749519e-8,Winter Dormancy Release
S5A_599466547,8.353181759063129e-13,12.07814806856429,5A,599466547,4.026976112913678e-10,1.812139250811155e-8,Winter Dormancy Release
S5A_602433104,7.000344387122384e-42,41.15488059402177,5A,602433104,1.01243647422822e-38,1.51865471134233e-37,Winter Dormancy Release
S5A_604123689,1.6369343141345303e-6,5.785968747332873,5A,604123689,2.2475729753692721e-4,0.035511653010834504,Winter Dormancy Release
S5A_608879339,1.5733122581685102e-19,18.803185073599828,5A,608879339,9.751838893916474e-17,3.413143612870766e-15,Winter Dormancy Release
S5A_616523867,1.3458502150604746e-6,5.871003271755765,5A,616523867,1.9082924552628715e-4,0.029196874565521936,Winter Dormancy Release
S5B_548255732,4.8665243920082e-7,6.312781095511038,5B,548255732,8.055478072928518e-5,0.010557438016022588,Winter Dormancy Release
S5B_551333533,1.3252813683249048e-8,7.877691907585077,5B,551333533,3.463934217402468e-6,2.8750654004440485e-4,Winter Dormancy Release
S5B_563463598,7.878575567289253e-7,6.103552295097469,5B,563463598,1.1706699887450211e-4,0.017091781835677305,Winter Dormancy Release
S5B_563781013,3.166109317809499e-7,6.499474094116173,5B,563781013,6.025050486013971e-5,0.006868557554055927,Winter Dormancy Release
S5B_564112036,1.2677902150760687e-12,11.896952604476702,5B,564112036,5.612947127726578e-10,2.7503440925860235e-8,Winter Dormancy Release
S5B_564205223,7.878575567289253e-7,6.103552295097469,5B,564205223,1.1706699887450211e-4,0.017091781835677305,Winter Dormancy Release
S5B_565154441,1.2677902150760687e-12,11.896952604476702,5B,565154441,5.612947127726578e-10,2.7503440925860235e-8,Winter Dormancy Release
S5B_565423875,7.878575567289253e-7,6.103552295097469,5B,565423875,1.1706699887450211e-4,0.017091781835677305,Winter Dormancy Release
S5B_565423920,1.0612727637952029e-11,10.974172981238342,5B,565423920,3.885283867435806e-9,2.3023251337773133e-7,Winter Dormancy Release
S5B_567365747,7.878575567289253e-7,6.103552295097469,5B,567365747,1.1706699887450211e-4,0.017091781835677305,Winter Dormancy Release
S5B_568819183,4.0461851925616794e-13,12.392954243595117,5B,568819183,2.0899509897007875e-10,8.777794156743308e-9,Winter Dormancy Release
S5B_569082652,1.3816269060346175e-7,6.8596092178345005,5B,569082652,3.090001453558247e-5,0.002997301409951499,Winter Dormancy Release
S5B_570076325,2.2470630863254991e-13,12.64838473458646,5B,570076325,1.1889704047498874e-10,4.874778659474538e-9,Winter Dormancy Release
S5B_571811059,8.509264714874742e-7,6.070107965657925,5B,571811059,1.2557822362210385e-4,0.018459998872449264,Winter Dormancy Release
S5B_572145706,3.601406191446946e-8,7.44352789313706,5B,572145706,9.19163599026471e-6,7.812890591725005e-4,Winter Dormancy Release
S5B_574914238,3.2665432806437976e-23,22.48591158317438,5B,574914238,2.4435996527685015e-20,7.0864389930286545e-19,Winter Dormancy Release
S5B_575964839,9.335385577697352e-15,14.0298677397601,5B,575964839,5.063046368064159e-12,2.0252185472256634e-10,Winter Dormancy Release
S5B_575992091,3.2665432806437976e-23,22.48591158317438,5B,575992091,2.4435996527685015e-20,7.0864389930286545e-19,Winter Dormancy Release
S5B_575992205,2.8548753790369857e-18,17.54441284481842,5B,575992205,1.7203796242452323e-15,6.193366647282836e-14,Winter Dormancy Release
S5B_576867302,5.759099052145473e-23,22.239645451869425,5B,576867302,4.1645964945747966e-20,1.2493789483724389e-18,Winter Dormancy Release
S5B_576906975,5.048671025820945e-9,8.296822927249721,5B,576906975,1.3690733654269948e-6,1.0952586923415959e-4,Winter Dormancy Release
S5B_585398898,6.052444682916135e-13,12.21806917115745,5B,585398898,2.9841303397996055e-10,1.3130173495118263e-8,Winter Dormancy Release
S5B_585984583,1.170829839964969e-9,8.931506217595452,5B,585984583,3.479449664136992e-7,2.5399982548200037e-5,Winter Dormancy Release
S5B_587120662,2.5583670108992407e-9,8.592037153612221,5B,587120662,7.302791307164228e-7,5.550121393444813e-5,Winter Dormancy Release
S5B_589677115,3.7716384377406205e-7,6.4234699469051035,5B,589677115,6.493803513360716e-5,0.008182192426834501,Winter Dormancy Release
S5B_589896374,2.310833350964783e-7,6.636231373156136,5B,589896374,4.867108613187379e-5,0.005013121871583,Winter Dormancy Release
S5B_590389934,2.6465569056794154e-7,6.577318763468723,5B,590389934,5.351477870692073e-5,0.005741440551180924,Winter Dormancy Release
S5B_590463161,9.436722265179902e-8,7.025178826606092,5B,590463161,2.2012930410840086e-5,0.002047202528208128,Winter Dormancy Release
S5B_590678151,3.397705709338881e-9,8.468814240047635,5B,590678151,9.572704890700997e-7,7.370982765839768e-5,Winter Dormancy Release
S5B_593064335,2.7381489980954186e-7,6.562542923152346,5B,593064335,5.351477870692073e-5,0.005940140436468201,Winter Dormancy Release
S5B_593210742,2.7381489980954186e-7,6.562542923152346,5B,593210742,5.351477870692073e-5,0.005940140436468201,Winter Dormancy Release
S5B_593520696,2.7381489980954186e-7,6.562542923152346,5B,593520696,5.351477870692073e-5,0.005940140436468201,Winter Dormancy Release
S5B_594147080,2.7381489980954186e-7,6.562542923152346,5B,594147080,5.351477870692073e-5,0.005940140436468201,Winter Dormancy Release
S5B_594611731,9.466860105408168e-9,8.023794040533218,5B,594611731,2.5045617454478633e-6,2.053740631267248e-4,Winter Dormancy Release
S5B_594906031,4.021727272406549e-8,7.395587383790213,5B,594906031,1.0028431200872148e-5,8.724735144758767e-4,Winter Dormancy Release
S5B_594913947,2.0511548157938572e-10,9.688001558984372,5B,594913947,6.641455608034618e-8,4.449775257383194e-6,Winter Dormancy Release
S5B_596199314,2.307998745474275e-7,6.636764431579455,5B,596199314,4.867108613187379e-5,0.005006972478431892,Winter Dormancy Release
S5B_596680994,1.2980099652589428e-6,5.886721973298087,5B,596680994,1.852567643837336e-4,0.028159028186327505,Winter Dormancy Release
S5B_596709707,2.0374874117166727e-9,8.69090506579725,5B,596709707,5.893500254637533e-7,4.42012519097815e-5,Winter Dormancy Release
S5B_597092472,2.87490805959812e-7,6.541376039617018,5B,597092472,5.568594236153716e-5,0.006236825544492161,Winter Dormancy Release
S5B_598089424,1.7253063587048846e-8,7.763133777065123,5B,598089424,4.455809064969496e-6,3.7428796145743765e-4,Winter Dormancy Release
S5B_599042236,5.79320856637028e-7,6.237080835803861,5B,599042236,9.10709178542296e-5,0.012567786663883687,Winter Dormancy Release
S5B_599511229,6.444650888415664e-7,6.1908006037320185,5B,599511229,9.986446883806388e-5,0.013981025637328942,Winter Dormancy Release
S5B_600127885,7.913529217877684e-8,7.101629789824283,5B,600127885,1.8660445962243314e-5,0.0017167610285263848,Winter Dormancy Release
S5B_600131111,7.913529217877684e-8,7.101629789824283,5B,600131111,1.8660445962243314e-5,0.0017167610285263848,Winter Dormancy Release
S7D_5046031,4.14678163951587e-9,8.382288833034854,7D,5046031,1.1387377327551554e-6,8.996028088765729e-5,Winter Dormancy Release
S7D_5068391,8.768518836993697e-10,9.057073760709972,7D,5068391,2.717489252139161e-7,1.9022424764974125e-5,Winter Dormancy Release
S7D_5129941,2.5936793570650035e-10,9.586083714475748,7D,5129941,8.274599995907086e-8,5.626727997216819e-6,Winter Dormancy Release
S7D_5276221,7.05655244074397e-8,7.1514074266609615,7D,5276221,1.739600552835224e-5,0.0015308484864949969,Winter Dormancy Release
S7D_5394335,1.0933107780341722e-9,8.961256370529025,7D,5394335,3.294206113704629e-7,2.3718284018673332e-5,Winter Dormancy Release
S7D_5926276,3.896911358274631e-9,8.40927947284473,7D,5926276,1.083840961620639e-6,8.453959500640984e-5,Winter Dormancy Release
S7D_6136243,1.1658685250506587e-7,6.933350422187986,7D,6136243,2.6906757215371266e-5,0.0025292351782448988,Winter Dormancy Release
S7D_6477428,9.165298672711605e-7,6.0378533779688635,7D,6477428,1.3434593878770647e-4,0.019883198940580556,Winter Dormancy Release
S7D_6478038,3.808561813053994e-8,7.419238991403034,7D,6478038,9.607318601441087e-6,8.262293997239335e-4,Winter Dormancy Release
S7D_6485422,1.8580979188365116e-6,5.730931403103499,7D,6485422,2.53519347492071e-4,0.040309576251239286,Winter Dormancy Release
S7D_6772594,2.0734777349630433e-7,6.683300623735992,7D,6772594,4.501794572883057e-5,0.0044982025982288265,Winter Dormancy Release
S7D_7421266,2.0734777349630433e-7,6.683300623735992,7D,7421266,4.501794572883057e-5,0.0044982025982288265,Winter Dormancy Release
S7D_8088631,9.61248196467037e-10,9.017164462030719,7D,8088631,2.937087094951535e-7,2.08533183741559e-5,Winter Dormancy Release
S1B_592547120,2.582586752125536e-7,6.5879450811010365,1B,592547120,3.0980067535305105e-5,0.0056026637000611374,Heading Date
S2A_705427,3.430521381028593e-7,6.46463986955028,2A,705427,3.816499017437656e-5,0.00744217308400343,Heading Date
S2A_3600808,1.211697621745853e-6,5.916605744519086,2A,3600808,1.189437475391608e-4,0.026286568206154538,Heading Date
S2A_7329106,3.103409213612737e-8,7.508160954839153,2A,7329106,5.024280558217516e-6,6.732535948011471e-4,Heading Date
S2A_7803691,3.532883450571753e-7,6.451870689655013,2A,7803691,3.910325182484878e-5,0.007664237357670361,Heading Date
S2A_8018904,1.1108075314553596e-7,6.9543611843247195,2A,8018904,1.496761402943638e-5,0.002409785858739257,Heading Date
S2A_11333536,1.073681898352193e-8,7.969124368779153,2A,11333536,1.941037925237706e-6,2.3292455102852472e-4,Heading Date
S2A_15283954,1.6861950222529319e-6,5.773092197095528,2A,15283954,1.6114676128967006e-4,0.0365803148127551,Heading Date
S2A_15358823,7.246636132077957e-7,6.139863544918511,2A,15358823,7.631481759674718e-5,0.015720852424929918,Heading Date
S2A_15906110,1.7847872612451103e-6,5.748413542450069,2A,15906110,1.698209423046115e-4,0.03871917484545142,Heading Date
S2A_18363685,4.862539990758607e-8,7.313136813903897,2A,18363685,7.589060615792605e-6,0.001054879425595172,Heading Date
S2A_19049803,7.495778940647559e-7,6.1251832297873765,2A,19049803,7.815560968806924e-5,0.016261342833840814,Heading Date
S2A_19331903,1.0382640346274594e-7,6.983692189647349,2A,19331903,1.4166100608306984e-5,0.0022524099967208104,Heading Date
S2A_20855435,1.850527985755748e-6,5.7327043426318856,2A,20855435,1.7530722324447684e-4,0.0401453541229852,Heading Date
S2A_22248135,7.529511581454075e-7,6.123233194364896,2A,22248135,7.815560968806924e-5,0.016334522424806472,Heading Date
S2A_24111043,1.915147736978123e-6,5.717797718363994,2A,24111043,1.8064006524349307e-4,0.041547215006003405,Heading Date
S2A_25055002,1.1148952005423807e-9,8.95276595410929,2A,25055002,2.3256285077467699e-7,2.4186536480566407e-5,Heading Date
S2A_27095096,2.1572887240313053e-6,5.666091726542216,2A,27095096,2.0172509301351354e-4,0.04680022157913514,Heading Date
S2A_28784613,2.499976138789175e-7,6.602064136464621,2A,28784613,3.0468810311737286e-5,0.005423448235489237,Heading Date
S2A_32024940,8.21439114106621e-12,11.08542462137982,2A,32024940,2.408148667760681e-9,1.7820300141429035e-7,Heading Date
S2A_32504100,1.3623319868294689e-16,15.865717046256531,2A,32504100,8.209563922855138e-14,2.95544301222785e-12,Heading Date
S2A_32527821,1.7515005514532106e-11,10.75658972161032,2A,32527821,4.87141704656743e-9,3.7997052963225953e-7,Heading Date
S2A_32542114,3.2464397649652375e-13,12.488592650695399,2A,32542114,1.0511681233008338e-10,7.0428264261155865e-9,Heading Date
S2A_32876062,4.655571009849319e-11,10.33202704481837,2A,32876062,1.2316824083862332e-8,1.0099795748767112e-6,Heading Date
S2A_32931719,2.044203524148358e-17,16.68947586733658,2A,32931719,1.430546814608854e-14,4.434695125287448e-13,Heading Date
S2A_32941943,5.243968471705323e-13,12.280339928081412,2A,32941943,1.6729801768408125e-10,1.1376265202517526e-8,Heading Date
S2A_33272988,6.345897127074791e-8,7.1975069724981156,2A,33272988,9.301884613159496e-6,0.0013766789227476052,Heading Date
S2A_34363797,1.3922770100867449e-6,5.856274348070745,2A,34363797,1.3483954221795466e-4,0.030204057456821844,Heading Date
S2A_35492273,6.237099596747719e-8,7.205017320888327,2A,35492273,9.204601268832995e-6,0.00135307638651845,Heading Date
S2A_35574163,1.123380476192351e-10,9.949473128221678,2A,35574163,2.707846227835207e-8,2.4370616050516863e-6,Heading Date
S2A_35877259,1.176630487996047e-14,13.929359902679064,2A,35877259,5.549091697083966e-12,2.5525821806586244e-10,Heading Date
S2A_35916771,4.4447037891297005e-14,13.352157176658437,2A,35916771,1.580711541006225e-11,9.642340400137973e-10,Heading Date
S2A_36134675,4.855394037227426e-19,18.313775519360625,2A,36134675,3.76188993727185e-16,1.0533291824361179e-14,Heading Date
S2A_36389629,3.0799329152569608e-9,8.511458742866768,2A,36389629,6.019465285007613e-7,6.681606466358451e-5,Heading Date
S2A_38469287,9.643169645018301e-8,7.015780192955743,2A,38469287,1.3410187325578655e-5,0.0020919892227902704,Heading Date
S2A_42030549,2.2566144037431543e-16,15.64654264412704,2A,42030549,1.323107915535243e-13,4.895499287480399e-12,Heading Date
S2A_42194544,4.095180310857577e-9,8.387726971489277,2A,42194544,7.932218005691453e-7,8.884084166374427e-5,Heading Date
S2A_42476155,8.956834531637393e-9,8.04784544885806,2A,42476155,1.6328535153726186e-6,1.9430956832934158e-4,Heading Date
S2A_42491759,2.7308058757462138e-15,14.5637091713684,2A,42491759,1.4810525667109591e-12,5.924210266843836e-11,Heading Date
S2A_42604058,8.675959518704597e-10,9.061682483034541,2A,42604058,1.8452575078311522e-7,1.8821626579877753e-5,Heading Date
S2A_43281586,2.48548915701595e-9,8.604588127137097,2A,43281586,4.94680750204624e-7,5.3920201772304016e-5,Heading Date
S2A_44086153,4.843838329889411e-9,8.314810360493606,2A,44086153,9.299312276869104e-7,1.0508222872862089e-4,Heading Date
S2A_44177815,7.980345234143708e-8,7.097978320423652,2A,44177815,1.1389842730889054e-5,0.001731256095095136,Heading Date
S2A_44720742,3.9761426581832065e-8,7.400538042144364,2A,44720742,6.296236410702663e-6,8.625843882662648e-4,Heading Date
S2A_45084261,6.908862215611037e-11,10.160593468424299,2A,45084261,1.722768470177768e-8,1.4988085690546584e-6,Heading Date
S2A_45100922,5.441288778555288e-8,7.264298224727251,2A,45100922,8.254777535802686e-6,0.0011804331876197841,Heading Date
S2A_47667036,2.3010974541938117e-8,7.638064988057838,2A,47667036,3.781818800854587e-6,4.992000817128055e-4,Heading Date
S2A_47706511,9.854183397967771e-13,12.0063793592537,2A,47706511,3.098212386021925e-10,2.1377665463551284e-8,Heading Date
S2A_47779734,8.198944512879514e-12,11.08624205270608,2A,47779734,2.408148667760681e-9,1.7786790226240816e-7,Heading Date
S2A_48253238,7.362868254575819e-10,9.132952970380643,2A,48253238,1.5814857813343347e-7,1.5973006391476782e-5,Heading Date
S2A_48838101,1.1221740969356039e-6,5.949939760305318,2A,48838101,1.111618486708721e-4,0.02434444485892099,Heading Date
S2A_52509083,2.0479240410705767e-7,6.688686155682377,2A,52509083,2.5242990992605166e-5,0.004442766414698509,Heading Date
S2A_54842610,1.0564297400349839e-7,6.976159381271169,2A,54842610,1.432386673769934e-5,0.0022918186780318942,Heading Date
S2A_56790556,1.2786984975025644e-7,6.893231845127979,2A,56790556,1.700014871995448e-5,0.0027740085204820634,Heading Date
S2A_59988741,8.256644413758742e-7,6.083196418621691,2A,59988741,8.489082649861714e-5,0.017911964391208214,Heading Date
S2B_45349379,1.0854663895478524e-6,5.964383619524059,2B,45349379,1.0801884337087666e-4,0.02354810785485111,Heading Date
S2B_47200241,1.3086682198913976e-7,6.883170444002392,2B,47200241,1.700014871995448e-5,0.002839024836232398,Heading Date
S2B_47616826,1.3086682198913976e-7,6.883170444002392,2B,47616826,1.700014871995448e-5,0.002839024836232398,Heading Date
S2B_49082856,1.3086682198913976e-7,6.883170444002392,2B,49082856,1.700014871995448e-5,0.002839024836232398,Heading Date
S2B_50520434,1.3086682198913976e-7,6.883170444002392,2B,50520434,1.700014871995448e-5,0.002839024836232398,Heading Date
S2B_50788876,1.8535830184457538e-8,7.7319879579778386,2B,50788876,3.166270078910408e-6,4.021163000216218e-4,Heading Date
S2B_51057104,1.8535830184457538e-8,7.7319879579778386,2B,51057104,3.166270078910408e-6,4.021163000216218e-4,Heading Date
S2B_51883471,2.044474873680433e-8,7.689418222497268,2B,51883471,3.4382044891180858e-6,4.4352837909623314e-4,Heading Date
S2B_52338389,2.044474873680433e-8,7.689418222497268,2B,52338389,3.4382044891180858e-6,4.4352837909623314e-4,Heading Date
S2B_59103275,3.898226942465835e-7,6.40913288122875,2B,59103275,4.292798745677859e-5,0.008456813528985382,Heading Date
S2B_65682241,2.13845174913014e-9,8.66990054448266,2B,65682241,4.2955159486693763e-7,4.6391572245629256e-5,Heading Date
S2B_66011112,2.13845174913014e-9,8.66990054448266,2B,66011112,4.2955159486693763e-7,4.6391572245629256e-5,Heading Date
S2B_69035685,2.707848330316928e-7,6.567375664636488,2B,69035685,3.227695696587661e-5,0.005874406167789544,Heading Date
S2B_69255863,6.758751924146503e-9,8.170133493777172,2B,69255863,1.274994471673341e-6,1.4662436424243424e-4,Heading Date
S2B_71244354,3.418789881861023e-7,6.466127590034773,2B,71244354,3.816499017437656e-5,0.007416722769709304,Heading Date
S2B_71692883,3.418789881861023e-7,6.466127590034773,2B,71692883,3.816499017437656e-5,0.007416722769709304,Heading Date
S2B_71975338,3.418789881861023e-7,6.466127590034773,2B,71975338,3.816499017437656e-5,0.007416722769709304,Heading Date
S2B_72605602,3.418789881861023e-7,6.466127590034773,2B,72605602,3.816499017437656e-5,0.007416722769709304,Heading Date
S2B_75695039,3.418789881861023e-7,6.466127590034773,2B,75695039,3.816499017437656e-5,0.007416722769709304,Heading Date
S2B_75695062,3.418789881861023e-7,6.466127590034773,2B,75695062,3.816499017437656e-5,0.007416722769709304,Heading Date
S2B_76002434,5.523915036382474e-7,6.2577530099475025,2B,76002434,5.9619807362826563e-5,0.011983581279928138,Heading Date
S2B_77176636,5.523915036382474e-7,6.2577530099475025,2B,77176636,5.9619807362826563e-5,0.011983581279928138,Heading Date
S2B_77928375,3.406923756221221e-7,6.467637585429161,2B,77928375,3.816499017437656e-5,0.0073909803967463165,Heading Date
S2B_83663665,2.5847663980318174e-7,6.587578700782821,2B,83663665,3.0980067535305105e-5,0.005607392223890225,Heading Date
S2B_88259062,2.5847663980318174e-7,6.587578700782821,2B,88259062,3.0980067535305105e-5,0.005607392223890225,Heading Date
S2B_89326660,1.624992185593002e-7,6.789148723154029,2B,89326660,2.0615544136990984e-5,0.0035252580474254584,Heading Date
S2B_91663645,8.49640829531822e-8,7.0707646257184615,2B,91663645,1.1891682681202159e-5,0.0018432108155863347,Heading Date
S2B_92597571,1.1891198011775192e-6,5.924774388973124,2B,92597571,1.172580225761141e-4,0.0257967649667451,Heading Date
S2B_95239338,5.785454331237207e-7,6.237662530264251,2B,95239338,6.152433640287253e-5,0.012550964626185997,Heading Date
S2B_95488358,5.785454331237207e-7,6.237662530264251,2B,95488358,6.152433640287253e-5,0.012550964626185997,Heading Date
S2B_96147139,5.785454331237207e-7,6.237662530264251,2B,96147139,6.152433640287253e-5,0.012550964626185997,Heading Date
S2D_18166508,6.706640161141455e-8,7.173494994721372,2D,18166508,9.764688030590787e-6,0.001454938516558027,Heading Date
S2D_21934481,1.97030101244669e-9,8.705467419494196,2D,21934481,4.032425487171556e-7,4.2743710164018494e-5,Heading Date
S2D_22166588,4.056978277549454e-8,7.391797317650779,2D,22166588,6.377687445881003e-6,8.801208675315786e-4,Heading Date
S2D_22205102,1.2343839412654508e-7,6.908549736868083,2D,22205102,1.653007729741524e-5,0.002677872522181269,Heading Date
S2D_29281804,1.4512812115982907e-14,13.838248427112699,2D,29281804,6.425325429472106e-12,3.1484094604413317e-10,Heading Date
S2D_29322309,1.813516734510776e-25,24.741478432544447,2D,29322309,1.967121601923839e-22,3.934243203847678e-21,Heading Date
S2D_29623721,1.813516734510776e-25,24.741478432544447,2D,29623721,1.967121601923839e-22,3.934243203847678e-21,Heading Date
S2D_29712561,3.861330012875188e-37,36.41326307932756,2D,29712561,2.0941923324828583e-33,8.376769329931433e-33,Heading Date
S2D_29740234,1.813516734510776e-25,24.741478432544447,2D,29740234,1.967121601923839e-22,3.934243203847678e-21,Heading Date
S2D_37793958,3.805248762844333e-14,13.419616946567743,2D,37793958,1.3991706213753384e-11,8.255106666114496e-10,Heading Date
S2D_40036763,2.386206433041785e-22,21.622291987801955,2D,40036763,2.0706544943363395e-19,5.176636235840848e-18,Heading Date
S2D_62615629,1.2679725156053242e-14,13.896890160058632,2D,62615629,5.730707448654563e-12,2.75073957535419e-10,Heading Date
S2D_63214723,1.2679725156053242e-14,13.896890160058632,2D,63214723,5.730707448654563e-12,2.75073957535419e-10,Heading Date
S2D_63216748,3.1447622583140324e-7,6.502412181317295,2D,63216748,3.6877012125332225e-5,0.006822247243186462,Heading Date
S2D_63526400,2.6979708575156674e-11,10.568962745727305,2D,63526400,7.408832883917074e-9,5.852977978294488e-7,Heading Date
S2D_63536732,7.834080371652069e-11,10.106011977237229,2D,63536732,1.931278858893409e-8,1.6995253958261999e-6,Heading Date
S2D_63627793,2.965527173418944e-9,8.527898092129101,2D,63627793,5.848558772740961e-7,6.433414650015058e-5,Heading Date
S2D_64731945,2.206130654306117e-14,13.65636877078798,2D,64731945,9.384274198924883e-12,4.78597984145169e-10,Heading Date
S2D_65110106,1.446730680412349e-6,5.839612308478037,2D,65110106,1.3887334239321016e-4,0.0313853753808655,Heading Date
S2D_65110180,1.723618825150956e-7,6.763558771247319,2D,65110180,2.161398080510106e-5,0.003739218679282484,Heading Date
S2D_65691729,3.5489875473144596e-14,13.44989552450197,2D,65691729,1.3274437215765498e-11,7.699173585143989e-10,Heading Date
S2D_66144097,3.231794534683558e-14,13.490556257826173,2D,66144097,1.2300096602706161e-11,7.011055063542511e-10,Heading Date
S2D_66455526,1.4783317987906614e-8,7.830228081359421,2D,66455526,2.6073926864198867e-6,3.207093004296461e-4,Heading Date
S2D_66819974,3.250131808262701e-7,6.488099025962542,2D,66819974,3.770500505264762e-5,0.007050835944845104,Heading Date
S2D_67199299,2.0075103842407797e-10,9.697342199570175,2D,67199299,4.682895728571987e-8,4.355093027571947e-6,Heading Date
S2D_67201380,9.000975176353012e-11,10.045710436031099,2D,67201380,2.1940129828741828e-8,1.9526715547580224e-6,Heading Date
S2D_68734015,3.231794534683558e-14,13.490556257826173,2D,68734015,1.2300096602706161e-11,7.011055063542511e-10,Heading Date
S2D_69242948,3.250131808262701e-7,6.488099025962542,2D,69242948,3.770500505264762e-5,0.007050835944845104,Heading Date
S2D_69502623,3.231794534683558e-14,13.490556257826173,2D,69502623,1.2300096602706161e-11,7.011055063542511e-10,Heading Date
S2D_69503850,9.994479678844385e-15,14.000239810699318,2D,69503850,4.9053705487809454e-12,2.1682024215285008e-10,Heading Date
S2D_69798438,9.656062187896933e-12,11.015199945916764,2D,69798438,2.7930481747231474e-9,2.0947861310423605e-7,Heading Date
S2D_70507272,3.231794534683558e-14,13.490556257826173,2D,70507272,1.2300096602706161e-11,7.011055063542511e-10,Heading Date
S2D_70643057,1.7102725126088697e-9,8.766934684173428,2D,70643057,3.533585894146364e-7,3.710265188853682e-5,Heading Date
S2D_70671788,1.1607718487694769e-8,7.935253133024082,2D,70671788,2.0811392138185978e-06,2.518178448720503e-4,Heading Date
S2D_70675068,2.015594868947581e-7,6.695596755888102,2D,70675068,2.4986465763970755e-5,0.004372631508694882,Heading Date
S2D_71387343,2.9977530451516566e-7,6.523204147186695,2D,71387343,3.553729757460112e-5,0.006503325456152004,Heading Date
S2D_71563176,5.874499659945233e-8,7.231029117001463,2D,71563176,8.789061767093234e-6,0.001274413956228519,Heading Date
S2D_71764015,2.896533337378213e-14,13.538121468664638,2D,71764015,1.1856112117185462e-11,6.283739422108295e-10,Heading Date
S2D_72213516,5.584367007828972e-8,7.253026047362467,2D,72213516,8.413004018600118e-6,0.0012114725786784171,Heading Date
S2D_72612893,1.8247069640393505e-10,9.738806870450814,2D,72612893,4.302738356290182e-8,3.958519287786967e-6,Heading Date
S2D_72954581,2.137564653015975e-8,7.6700807406823905,2D,72954581,3.5671021217329665e-6,4.637232758252856e-4,Heading Date
S2D_73020390,5.999458817799384e-8,7.22188792345697,2D,73020390,8.914538328310948e-6,0.0013015225959333984,Heading Date
S2D_73207210,4.373350022056986e-7,6.359185762407133,2D,73207210,4.7676108230404154e-5,0.009487545537850426,Heading Date
S2D_73592194,2.20448774031519e-6,5.656692312046671,2D,73592194,2.052538928686598e-4,0.047824157038397735,Heading Date
S2D_74813365,1.8133568539391774e-14,13.741516721858018,2D,74813365,7.867792717871303e-12,3.9338963589356517e-10,Heading Date
S2D_74929560,9.048325436937625e-7,6.043431787732854,2D,74929560,9.045823595802988e-5,0.019629437202892484,Heading Date
S2D_75097451,2.54638030252959e-14,13.594076733849743,2D,75097451,1.0623302746745563e-11,5.524117428307693e-10,Heading Date
S2D_75626682,4.991054873789767e-14,13.301807655288538,2D,75626682,1.7463862005160515e-11,1.082759444319952e-9,Heading Date
S2D_76530008,3.993418841312212e-14,13.398655137356068,2D,76530008,1.4438871390571187e-11,8.663322834342712e-10,Heading Date
S2D_76635286,1.9505343706692074e-6,5.70984639251422,2D,76635286,1.8318135340821554e-4,0.042314892637297784,Heading Date
S2D_76639743,5.1082481784601985e-11,10.291728011189848,2D,76639743,1.3037451292178299e-8,1.1081833598351556e-6,Heading Date
S2D_76749441,9.863270907326862e-16,15.005979038260206,2D,76749441,5.630889449040763e-13,2.1397379906354894e-11,Heading Date
S2D_77635227,7.398552869523125e-7,6.130853218409698,2D,77635227,7.753826374465443e-5,0.01605042059514347,Heading Date
S2D_78397177,5.3335615727422923e-8,7.272982686877186,2D,78397177,8.148329912610654e-6,0.0011570628475907128,Heading Date
S2D_78502096,5.405733785479028e-14,13.267145345678406,2D,78502096,1.8614601387647942e-11,1.1727198874218203e-9,Heading Date
S2D_78508654,1.2661271573663576e-6,5.897522675859434,2D,78508654,1.2317202938074334e-4,0.027467362551905763,Heading Date
S2D_78568091,9.158676157095983e-10,9.038167296989176,2D,78568091,1.9290128208935947e-7,1.9868832055204027e-5,Heading Date
S2D_79085990,4.859423700241766e-15,14.313415232516606,2D,79085990,2.5100080417391635e-12,1.0542033775304486e-10,Heading Date
S2D_80041990,7.057671701859141e-8,7.151338547362712,2D,80041990,1.0207275326675481e-5,0.001531091299001322,Heading Date
S2D_80187939,7.2447194786373944e-09,8.139978426098736,2D,80187939,1.354887451461721e-6,1.5716694436955964e-4,Heading Date
S2D_80219965,1.1981021455318395e-12,11.92150615410886,2D,80219965,3.713089706452532e-10,2.5991627945167725e-8,Heading Date
S2D_80252134,7.89326986898858e-9,8.102743048517453,2D,80252134,1.4511575977782903e-6,1.7123659653783826e-4,Heading Date
S2D_80448946,1.2283992263348079e-11,10.910660465754392,2D,80448946,3.5064332652772794e-9,2.6648892816107324e-7,Heading Date
S2D_80986073,2.6890745667530365e-12,11.570397154831225,2D,80986073,8.216448401569067e-10,5.8336783651140374e-8,Heading Date
S2D_81296311,1.657225778048405e-7,6.780618319896369,2D,81296311,2.090224187731517e-5,0.00359518560289821,Heading Date
S2D_81662118,3.057387394137043e-15,14.514649529387503,2D,81662118,1.617730783619732e-12,6.632696212840901e-11,Heading Date
S2D_81943773,3.6344087306988456e-12,11.439566232915372,2D,81943773,1.095067541719177e-9,7.884486300378075e-8,Heading Date
S2D_82867231,3.0631520078004364e-13,12.5138314509535,2D,82867231,1.006848782685192e-10,6.6452019657222665e-9,Heading Date
S2D_83138663,1.665660338270574e-11,10.778413555302725,2D,83138663,4.692835763434004e-9,3.613483537844183e-7,Heading Date
S2D_83540214,5.766027212700497e-10,9.239123312295058,2D,83540214,1.2764101464522917e-7,1.2508819435232457e-5,Heading Date
S2D_83819344,1.0175240835951993e-14,13.992455302742822,2D,83819344,4.9053705487809454e-12,2.2074167469514253e-10,Heading Date
S2D_204496424,3.9709922052701247e-7,6.401100965419495,2D,204496424,4.350843681875257e-5,0.008614670490113009,Heading Date
S5A_41420779,1.2585873228453567e-8,7.900116647009346,5A,41420779,2.238015850967801e-6,2.730379338180717e-4,Heading Date
S5A_564557123,3.142597102691103e-8,7.5027112942270815,5A,564557123,5.050037151539318e-6,6.817550154578079e-4,Heading Date
S5A_565398445,7.804760072736248e-9,8.107640443106149,5A,565398445,1.4471492736576082e-6,1.6931646501794017e-4,Heading Date
S5A_567114210,4.898822937605827e-11,10.309908257341059,5A,567114210,1.280422467571335e-8,1.0627506480842081e-6,Heading Date
S5A_567502456,2.6087652401939823e-10,9.5835650008061,5A,567502456,6.020697140507261e-8,5.659455312076825e-6,Heading Date
S5A_567736477,3.247542447808362e-11,10.488445163664185,5A,567736477,8.806523232844327e-9,7.045218586275461e-7,Heading Date
S5A_568046700,8.509609059196774e-7,6.070090391423467,5A,568046700,8.586393438614642e-5,0.01846074589302148,Heading Date
S5A_568234305,3.832103837240822e-11,10.416562731501186,5A,568234305,1.0263414894457085e-8,8.31336606451024e-7,Heading Date
S5A_568284128,4.993169841310963e-11,10.301623661285236,5A,568284128,1.289545554016667e-8,1.0832182653740003e-6,Heading Date
S5A_568359833,8.509609059196774e-7,6.070090391423467,5A,568359833,8.586393438614642e-5,0.01846074589302148,Heading Date
S5A_568687362,8.509609059196774e-7,6.070090391423467,5A,568687362,8.586393438614642e-5,0.01846074589302148,Heading Date
S5A_569163460,8.509609059196774e-7,6.070090391423467,5A,569163460,8.586393438614642e-5,0.01846074589302148,Heading Date
S5A_569660204,7.603235804942224e-7,6.119001540198877,5A,569660204,7.854504645353171e-5,0.01649445975524166,Heading Date
S5A_570192258,4.9462611067578925e-8,7.305722961522833,5A,570192258,7.664584889286123e-6,0.0010730418845000572,Heading Date
S5A_570527437,9.90628618542067e-8,7.004089129719838,5A,570527437,1.3688342197867261e-5,0.0021490697250651602,Heading Date
S5A_571683237,1.610454454256663e-7,6.793051553082544,5A,571683237,2.0551293488614146e-5,0.0034937198930644047,Heading Date
S5A_572010355,1.610454454256663e-7,6.793051553082544,5A,572010355,2.0551293488614146e-5,0.0034937198930644047,Heading Date
S5A_572407329,1.0327629899441002e-7,6.985999333823597,5A,572407329,1.4166100608306984e-5,0.002240476030384731,Heading Date
S5A_572715461,1.4022424642238406e-7,6.853176885249483,5A,572715461,1.810729048742381e-5,0.0030420248018872,Heading Date
S5A_572832639,4.955120314881077e-10,9.304945795981013,5A,572832639,1.1149640805216728e-7,1.0749638011103008e-5,Heading Date
S5A_573040321,1.7603534625805138e-7,6.754400121142741,5A,573040321,2.1947763228288314e-5,0.0038189108017221665,Heading Date
S5A_573046918,8.943549194518982e-7,6.048490099805036,5A,573046918,8.982470195643279e-5,0.01940213562258948,Heading Date
S5A_575821560,1.1765405090839032e-31,30.929393115178367,5A,575821560,1.7015913202710797e-28,2.5523869804066197e-27,Heading Date
S5A_577787562,2.7545420657609405e-13,12.55995059094782,5A,577787562,9.193390088402745e-11,5.975703557461784e-9,Heading Date
S5A_577795483,5.010990419226016e-34,33.300076427607,5A,577795483,9.882584195880836e-31,1.087084261546892e-29,Heading Date
S5A_577827993,2.1255466206829398e-17,16.67252936499312,5A,577827993,1.4409877621592406e-14,4.61116083890957e-13,Heading Date
S5A_577951255,9.83757044218532e-15,14.007112144844534,5A,577951255,4.9053705487809454e-12,2.1341625317276835e-10,Heading Date
S5A_577963056,4.98531925005081e-10,9.302307025096372,5A,577963056,1.1149640805216728e-7,1.0815151581060226e-5,Heading Date
S5A_578074731,5.773913357891491e-32,31.23852973733648,5A,578074731,8.947091170435572e-29,1.25259276386098e-27,Heading Date
S5A_578832139,1.0609487539853456e-15,14.974305592911927,5A,578832139,5.901595453578997e-13,2.3016222268958088e-11,Heading Date
S5A_580048103,1.0825965760356422e-13,12.965533350800452,5A,580048103,3.669664081330816e-11,2.348585012051722e-9,Heading Date
S5A_580276757,3.065939699389463e-17,16.513436391060228,5A,580276757,2.0155301769259094e-14,6.651249583855502e-13,Heading Date
S5A_580467995,3.219131266801965e-23,22.492261313688598,5A,580467995,3.0363405957392103e-20,6.983583370200183e-19,Heading Date
S5A_580553868,2.6110732265820067e-32,31.5831809483783,5A,580553868,4.720385214789171e-29,5.664462257747005e-28,Heading Date
S5A_580797168,7.112124911378832e-18,17.148000624387933,5A,580797168,5.143014594248413e-15,1.542904378274524e-13,Heading Date
S5A_581137922,2.4472474908888304e-24,23.61132210809316,5A,581137922,2.413208503061013e-21,5.3090587067342285e-20,Heading Date
S5A_581488651,7.533498364187945e-21,20.12300330169556,5A,581488651,6.0530264263960476e-18,1.6343171351269327e-16,Heading Date
S5A_581738827,1.1615875337131962e-24,23.93494805751573,5A,581738827,1.1999752360178132e-21,2.519947995637408e-20,Heading Date
S5A_582636447,4.019994843215928e-34,33.39577450402108,5A,582636447,8.720976812872634e-31,8.720976812872634e-30,Heading Date
S5A_582958930,2.3939857784830144e-34,33.62087843385638,5A,582958930,5.98698027300327e-31,5.193512747841051e-30,Heading Date
S5A_583629348,2.3939857784830144e-34,33.62087843385638,5A,583629348,5.98698027300327e-31,5.193512747841051e-30,Heading Date
S5A_584035850,2.4837661315123737e-34,33.604889299226244,5A,584035850,5.98698027300327e-31,5.3882822457029434e-30,Heading Date
S5A_584456955,1.652002882659516e-28,27.781989199193585,5A,584456955,2.2399094085259715e-25,3.583855053641554e-24,Heading Date
S5A_584712144,5.483112932305065e-11,10.26097280912804,5A,584712144,1.3831471157375126e-8,1.1895065195342608e-6,Heading Date
S5A_584821782,3.7876386335983e-35,34.421631462329934,5A,584821782,1.3694838752880253e-31,8.216903251728153e-31,Heading Date
S5A_585018041,5.358195940114081e-37,36.270981409026724,5A,585018041,2.3248140544966976e-33,1.1624070272483488e-32,Heading Date
S5A_585200466,8.978815600476096e-22,21.04678094753114,5A,585200466,7.491785601412632e-19,1.9478642563672842e-17,Heading Date
S5A_585223490,1.3862909940775322e-37,36.85814559810992,5A,585223490,1.002473227517266e-33,3.0074196825517983e-33,Heading Date
S5A_595373332,3.0864407177569555e-7,6.510542060248235,5A,595373332,3.6389807027727936e-5,0.00669572449310194,Heading Date
S5A_596009159,1.8071389198277046e-22,21.74300846072319,5A,596009159,1.6335029886142591e-19,3.920407172674222e-18,Heading Date
S5A_596575680,2.250979903401923e-6,5.647628382334269,5A,596575680,2.086870001042791e-4,0.04883275802440131,Heading Date
S5A_596599151,1.4214820723755994e-18,17.847258613228163,5A,596599151,1.063366623383319e-15,3.083763207811625e-14,Heading Date
S5A_597486655,4.6347205189253964e-17,16.33397644938314,5A,597486655,2.957224321693163e-14,1.0054562693756754e-12,Heading Date
S5A_597660738,5.696985334099827e-32,31.244354898557663,5A,597660738,8.947091170435572e-29,1.2359039983796165e-27,Heading Date
S5A_597750832,6.073766793882255e-42,41.21654188710897,5A,597750832,1.3176429682648162e-37,1.3176429682648162e-37,Heading Date
S5A_598072175,5.1352361139058506e-8,7.289439583106828,5A,598072175,7.900979592558406e-6,0.0011140381225507353,Heading Date
S5A_598072246,2.1247600110679687e-40,39.6726901158512,5A,598072246,2.3047271840054256e-36,4.609454368010851e-36,Heading Date
S5A_598520962,3.482360509313792e-8,7.4581262708117055,5A,598520962,5.554877124195103e-6,7.55463288890534e-4,Heading Date
S5A_598810451,2.9548899012529543e-8,7.529458696227427,5A,598810451,4.819803121637714e-6,6.410338151778159e-4,Heading Date
S5A_599216135,1.6998187784313957e-8,7.7695973772820075,5A,599216135,2.973860369297637e-6,3.68758685792907e-4,Heading Date
S5A_599466547,1.7651034495880793e-8,7.7532298362995755,5A,599466547,3.0633723388291034e-6,3.829215423536379e-4,Heading Date
S5A_602433104,6.204417856986058e-27,26.207298960879037,5A,602433104,7.917567117026796e-24,1.3459864098945553e-22,Heading Date
S5A_608879339,5.190543495679291e-17,16.2847871653083,5A,608879339,3.2172471598647583e-14,1.1260365059526654e-12,Heading Date
S5A_616523867,2.247415133831399e-8,7.648316698973868,5A,616523867,3.721788084987662e-6,4.875542391333837e-4,Heading Date
S5A_616982191,7.570403314031301e-8,7.120880982799474,5A,616982191,1.0876313211562586e-5,0.0016423232949459505,Heading Date
S5A_619461655,1.2496375095738346e-6,5.903215947330054,5A,619461655,1.2211547807520167e-4,0.027109636132694768,Heading Date
S5B_564112036,6.532602098004367e-10,9.184913793961385,5B,564112036,1.4171826991410673e-7,1.4171826991410674e-5,Heading Date
S5B_565154441,6.532602098004367e-10,9.184913793961385,5B,565154441,1.4171826991410673e-7,1.4171826991410674e-5,Heading Date
S5B_565423920,5.437994212797459e-9,8.264561258931575,5B,565423920,1.0348407583546322e-6,1.1797184645242807e-4,Heading Date
S5B_568819183,1.4025572978078966e-10,9.853079387744884,5B,568819183,3.3436349471037925e-8,3.042707801864451e-6,Heading Date
S5B_570076325,4.4527289487843095e-10,9.351373740896193,5B,570076325,1.016815808578177e-7,9.65975018149268e-6,Heading Date
S5B_574914238,8.399780782288111e-8,7.075732048019658,5B,574914238,1.1832782096815472e-5,0.0018222484429095828,Heading Date
S5B_575992091,8.399780782288111e-8,7.075732048019658,5B,575992091,1.1832782096815472e-5,0.0018222484429095828,Heading Date
S5B_575992205,6.771326038080377e-7,6.169326274501169,5B,575992205,7.165714491225156e-5,0.01468971470701157,Heading Date
S5B_576867302,2.0641058360879988e-7,6.685268038221865,5B,576867302,2.529870734920511e-5,0.0044778712008093045,Heading Date
S5B_597092472,1.4075199113632556e-6,5.851545452722425,5B,597092472,1.3570994203161984e-4,0.030534736957114467,Heading Date
